<?xml version="1.0" encoding="UTF-8"?>

<XWCMWIDGETS>
  <XWCMWIDGET Version="6.0">
    <PROPERTIES>
      <CDEFAULTSTYLE><![CDATA[ejlbymdfy]]></CDEFAULTSTYLE>
      <WIDGETTYPE>1</WIDGETTYPE>
      <WIDGETCONTENT><![CDATA[<div class="trs-res trs-doc-list-width-pagnav $[WSTYLEID]">
	<div class="p_w_box">
		<h2 class="p_w_head headdisplay-$[HEADDISPLAY]">
			<span class="p_w_title"><TRS_CHANNEL ID="channelId:$[所属栏目]" AUTOLINK="TRUE"/></span>
			<span class="p_w_more"></span>
		</h2>
		<div class="p_w_body datetime-display-$[显示时间]">
			<div class="p_w_body_bg $[CSTYLEID]">
			<!-- content begin -->
				<div class="p_w_content_box">
					<div class="p_w_content" style = "$[BACKGROUND]">
						<TRS_DocInChnlOperation id="channelId:$[所属栏目]">
							<ul>
								<TRS_DOCUMENTS id="channelId:$[所属栏目]"  num="$[显示条数]" PAGESIZE="$[分页大小]">	
									<LI class="c_line c_line_<TRS_RowNo/>"></li>
									<LI class="p_doc_title_li"><TRS_DocOperation><span class="p_doc_title"><TRS_DOCUMENT FIELD="DOCTITLE" AUTOLINK="true" NUM="$[标题字数]" AUTOCOLOR="false" TARGET="_blank"> </TRS_DOCUMENT></span><SPAN class="datetime"><TRS_DOCUMENT FIELD="CRTIME" DATEFORMAT="$[时间格式]"></TRS_DOCUMENT></SPAN><span class='doc_new_icon'></span></TRS_DocOperation></LI>
							
								</TRS_DOCUMENTS>
								<LI class="c_line c_last_line"></li>
							</ul>
						</TRS_DocInChnlOperation>
						<div class="documentListPageNav" count=${PAGE_COUNT} >
						</div>
						<textarea name="documentListPageNav" rows="" cols="" style="display:none;"></textarea>
					</div>
				</div>
			<!-- content end -->
			</div>
		</div>
		<div class="p_w_foot">
			<div class="p_w_foot_bg"></div>
		</div>
	</div>
</div>]]></WIDGETCONTENT>
      <WIDGETATTRURL><![CDATA[]]></WIDGETATTRURL>
      <CRTIME>2012-10-15 18:31:38</CRTIME>
      <WNAME><![CDATA[普通文档列表带分页]]></WNAME>
      <WIDGETPIC><![CDATA[W020110309606210936480.bmp]]></WIDGETPIC>
      <CONTENTSTYLE><![CDATA[ejlbymdfy]]></CONTENTSTYLE>
      <WIDGETID>78</WIDGETID>
      <CRUSER><![CDATA[admin]]></CRUSER>
      <WDESC><![CDATA[普通文档列表带分页]]></WDESC>
      <WDEFAULTSTYLE><![CDATA[f01]]></WDEFAULTSTYLE>
    </PROPERTIES>
    <XWCMWIDGETPARAMETERS>
      <XWCMWIDGETPARAMETER Version="6.0">
        <PROPERTIES>
          <DEFAULTVALUE><![CDATA[1]]></DEFAULTVALUE>
          <WIDGETPARAMDESC><![CDATA[显示资源头部]]></WIDGETPARAMDESC>
          <WIDGETPARAMTYPE>5</WIDGETPARAMTYPE>
          <CRTIME>2012-10-15 18:31:39</CRTIME>
          <WIDGETPARAMETERID>525</WIDGETPARAMETERID>
          <WIDGETID>78</WIDGETID>
          <CRUSER><![CDATA[admin]]></CRUSER>
          <NOTNULL>1</NOTNULL>
          <WIDGETPARAMNAME><![CDATA[HEADDISPLAY]]></WIDGETPARAMNAME>
          <WIDGETPARAMORDER>3</WIDGETPARAMORDER>
        </PROPERTIES>
      </XWCMWIDGETPARAMETER>
      <XWCMWIDGETPARAMETER Version="6.0">
        <PROPERTIES>
          <ENMVALUE><![CDATA[]]></ENMVALUE>
          <DEFAULTVALUE><![CDATA[]]></DEFAULTVALUE>
          <WIDGETPARAMDESC><![CDATA[所属栏目]]></WIDGETPARAMDESC>
          <WIDGETPARAMTYPE>18</WIDGETPARAMTYPE>
          <RADORCHK>1</RADORCHK>
          <CRTIME>2011-03-09 10:33:03</CRTIME>
          <WIDGETPARAMETERID>527</WIDGETPARAMETERID>
          <WIDGETID>78</WIDGETID>
          <CRUSER><![CDATA[admin]]></CRUSER>
          <NOTNULL>1</NOTNULL>
          <WIDGETPARAMNAME><![CDATA[所属栏目]]></WIDGETPARAMNAME>
          <WIDGETPARAMORDER>10</WIDGETPARAMORDER>
          <CLASSID>0</CLASSID>
        </PROPERTIES>
      </XWCMWIDGETPARAMETER>
      <XWCMWIDGETPARAMETER Version="6.0">
        <PROPERTIES>
          <ENMVALUE><![CDATA[]]></ENMVALUE>
          <DEFAULTVALUE><![CDATA[1]]></DEFAULTVALUE>
          <WIDGETPARAMDESC><![CDATA[显示时间]]></WIDGETPARAMDESC>
          <WIDGETPARAMTYPE>5</WIDGETPARAMTYPE>
          <CRTIME>2011-03-09 10:33:27</CRTIME>
          <WIDGETPARAMETERID>528</WIDGETPARAMETERID>
          <WIDGETID>78</WIDGETID>
          <CRUSER><![CDATA[admin]]></CRUSER>
          <WIDGETPARAMNAME><![CDATA[显示时间]]></WIDGETPARAMNAME>
          <WIDGETPARAMORDER>8</WIDGETPARAMORDER>
          <CLASSID>0</CLASSID>
        </PROPERTIES>
      </XWCMWIDGETPARAMETER>
      <XWCMWIDGETPARAMETER Version="6.0">
        <PROPERTIES>
          <ENMVALUE><![CDATA[]]></ENMVALUE>
          <DEFAULTVALUE><![CDATA[100]]></DEFAULTVALUE>
          <WIDGETPARAMDESC><![CDATA[显示条数]]></WIDGETPARAMDESC>
          <WIDGETPARAMTYPE>19</WIDGETPARAMTYPE>
          <CRTIME>2011-03-09 10:33:59</CRTIME>
          <WIDGETPARAMETERID>529</WIDGETPARAMETERID>
          <WIDGETID>78</WIDGETID>
          <CRUSER><![CDATA[admin]]></CRUSER>
          <NOTNULL>1</NOTNULL>
          <WIDGETPARAMNAME><![CDATA[显示条数]]></WIDGETPARAMNAME>
          <WIDGETPARAMORDER>6</WIDGETPARAMORDER>
          <CLASSID>0</CLASSID>
        </PROPERTIES>
      </XWCMWIDGETPARAMETER>
      <XWCMWIDGETPARAMETER Version="6.0">
        <PROPERTIES>
          <ENMVALUE><![CDATA[]]></ENMVALUE>
          <DEFAULTVALUE><![CDATA[20]]></DEFAULTVALUE>
          <WIDGETPARAMDESC><![CDATA[分页大小]]></WIDGETPARAMDESC>
          <WIDGETPARAMTYPE>19</WIDGETPARAMTYPE>
          <CRTIME>2011-03-09 10:34:16</CRTIME>
          <WIDGETPARAMETERID>530</WIDGETPARAMETERID>
          <WIDGETID>78</WIDGETID>
          <CRUSER><![CDATA[admin]]></CRUSER>
          <WIDGETPARAMNAME><![CDATA[分页大小]]></WIDGETPARAMNAME>
          <WIDGETPARAMORDER>4</WIDGETPARAMORDER>
          <CLASSID>0</CLASSID>
        </PROPERTIES>
      </XWCMWIDGETPARAMETER>
      <XWCMWIDGETPARAMETER Version="6.0">
        <PROPERTIES>
          <ENMVALUE><![CDATA[]]></ENMVALUE>
          <DEFAULTVALUE><![CDATA[]]></DEFAULTVALUE>
          <WIDGETPARAMDESC><![CDATA[标题字数]]></WIDGETPARAMDESC>
          <WIDGETPARAMTYPE>19</WIDGETPARAMTYPE>
          <CRTIME>2011-03-09 10:34:29</CRTIME>
          <WIDGETPARAMETERID>531</WIDGETPARAMETERID>
          <WIDGETID>78</WIDGETID>
          <CRUSER><![CDATA[admin]]></CRUSER>
          <WIDGETPARAMNAME><![CDATA[标题字数]]></WIDGETPARAMNAME>
          <WIDGETPARAMORDER>2</WIDGETPARAMORDER>
          <CLASSID>0</CLASSID>
        </PROPERTIES>
      </XWCMWIDGETPARAMETER>
      <XWCMWIDGETPARAMETER Version="6.0">
        <PROPERTIES>
          <ENMVALUE><![CDATA[]]></ENMVALUE>
          <DEFAULTVALUE><![CDATA[yyyy-MM-dd HH:mm:SS]]></DEFAULTVALUE>
          <WIDGETPARAMDESC><![CDATA[时间格式]]></WIDGETPARAMDESC>
          <WIDGETPARAMTYPE>3</WIDGETPARAMTYPE>
          <CRTIME>2011-03-09 10:35:14</CRTIME>
          <WIDGETPARAMETERID>532</WIDGETPARAMETERID>
          <WIDGETID>78</WIDGETID>
          <CRUSER><![CDATA[admin]]></CRUSER>
          <WIDGETPARAMNAME><![CDATA[时间格式]]></WIDGETPARAMNAME>
          <WIDGETPARAMORDER>0</WIDGETPARAMORDER>
          <CLASSID>0</CLASSID>
        </PROPERTIES>
      </XWCMWIDGETPARAMETER>
    </XWCMWIDGETPARAMETERS>
  </XWCMWIDGET>
</XWCMWIDGETS>
