<?xml version="1.0" encoding="UTF-8"?>

<WCMDOCUMENTS>
  <WCMDOCUMENT Version="6.0">
    <PROPERTIES>
      <DOCID>440</DOCID>
      <DOCVERSION>0</DOCVERSION>
      <DOCTYPE>20</DOCTYPE>
      <DOCPUBTIME/>
      <CRUSER><![CDATA[admin]]></CRUSER>
      <CRTIME>2010-07-13 18:45:01</CRTIME>
      <DOCFLAG>0</DOCFLAG>
      <ATTRIBUTE><![CDATA[]]></ATTRIBUTE>
      <ATTACHPIC>1</ATTACHPIC>
      <DOCLINK><![CDATA[]]></DOCLINK>
      <DOCFILENAME><![CDATA[]]></DOCFILENAME>
      <DOCCHANNEL>127</DOCCHANNEL>
      <DOCTITLE><![CDATA[日本民主党新领导层诞生 影子内阁基本不变动]]></DOCTITLE>
      <DOCPEOPLE><![CDATA[]]></DOCPEOPLE>
      <DOCSOURCENAME><![CDATA[]]></DOCSOURCENAME>
      <DOCSTATUS>2</DOCSTATUS>
      <DOCCONTENT><![CDATA[中国日报网环球在线消息：据日本媒体报道，日本民主党18日决定起用广报委员长野田佳彦为代理干事长，至此民主党正式启动了以党代表鸠山由纪夫为首的新领导层。干事长冈田克也在民主党总部对媒体记者称，预计除党代表和干事长之外的“影子内阁”成员基本不会变动。
冈田同时就干事长与负责选举工作的代理代表小泽一郎的职责划分问题表示，“选举工作原则上交予小泽，但我会掌握信息，提出意见，不会完全放任不管”，强调作为干事长会在一定程度上参与选举工作。
关于起用野田为代理干事长的原因，冈田称：“代理是(干事长的)支撑。野田是非常优秀的政治家，考虑很多因素后作出了这样的决定。”
（环球在线：信莲）]]></DOCCONTENT>
      <DOCHTMLCON><![CDATA[<div class=TRS_Editor><P>中国日报网环球在线消息：据日本媒体报道，日本民主党18日决定起用广报委员长野田佳彦为代理干事长，至此民主党正式启动了以党代表鸠山由纪夫为首的新领导层。干事长冈田克也在民主党总部对媒体记者称，预计除党代表和干事长之外的“影子内阁”成员基本不会变动。</P>
<P>冈田同时就干事长与负责选举工作的代理代表小泽一郎的职责划分问题表示，“选举工作原则上交予小泽，但我会掌握信息，提出意见，不会完全放任不管”，强调作为干事长会在一定程度上参与选举工作。</P>
<P>关于起用野田为代理干事长的原因，冈田称：“代理是(干事长的)支撑。野田是非常优秀的政治家，考虑很多因素后作出了这样的决定。”</P>
<P>（环球在线：信莲）</P></div>]]></DOCHTMLCON>
      <DOCWORDSCOUNT>288</DOCWORDSCOUNT>
      <DOCABSTRACT><![CDATA[<P>　　中国日报网环球在线消息：据日本媒体报道，日本民主党18日决定起用广报委员长野田佳彦为代理干事长，至此民主党正式启动了以党代表鸠山由纪夫为首的新领导层。干事长冈田克也在民主党总部对媒体记者称，预计除党代表和干事长之外的“影子内阁”成员基本不会变动。</P>]]></DOCABSTRACT>
      <DOCKEYWORDS><![CDATA[]]></DOCKEYWORDS>
      <DOCAUTHOR><![CDATA[]]></DOCAUTHOR>
      <DOCRELTIME>2009-05-19 16:43:00</DOCRELTIME>
      <TITLECOLOR><![CDATA[#000000]]></TITLECOLOR>
      <SUBDOCTITLE><![CDATA[]]></SUBDOCTITLE>
      <EDITOR><![CDATA[]]></EDITOR>
      <CHNLNAME><![CDATA[组织架构_191]]></CHNLNAME>
    </PROPERTIES>
    <WCMAPPENDIXS>
      <WCMAPPENDIX Version="6.0">
        <PROPERTIES>
          <APPSERN>1</APPSERN>
          <APPDESC><![CDATA[W020051216426841874246.jpg]]></APPDESC>
          <APPENDIXID>148</APPENDIXID>
          <APPFILETYPE>-1</APPFILETYPE>
          <APPFLAG>20</APPFLAG>
          <FILEEXT><![CDATA[jpg]]></FILEEXT>
          <APPLINKALT><![CDATA[]]></APPLINKALT>
          <CRTIME>2011-05-23 16:47:26</CRTIME>
          <SRCFILE><![CDATA[W020100818536356656584.jpg]]></SRCFILE>
          <CRUSER><![CDATA[wangyiwen]]></CRUSER>
          <USEDVERSIONS>3</USEDVERSIONS>
          <ISIMPORTTOIMAGELIB>0</ISIMPORTTOIMAGELIB>
          <APPDOCID>440</APPDOCID>
          <APPTIME/>
          <APPFILE><![CDATA[W020110523604463622594.jpg]]></APPFILE>
        </PROPERTIES>
      </WCMAPPENDIX>
    </WCMAPPENDIXS>
  </WCMDOCUMENT>
  <WCMDOCUMENT Version="6.0">
    <PROPERTIES>
      <DOCID>441</DOCID>
      <DOCVERSION>0</DOCVERSION>
      <DOCTYPE>20</DOCTYPE>
      <DOCPUBTIME/>
      <CRUSER><![CDATA[admin]]></CRUSER>
      <CRTIME>2010-07-13 18:45:01</CRTIME>
      <DOCFLAG>0</DOCFLAG>
      <ATTRIBUTE><![CDATA[]]></ATTRIBUTE>
      <ATTACHPIC>1</ATTACHPIC>
      <DOCLINK><![CDATA[]]></DOCLINK>
      <DOCFILENAME><![CDATA[]]></DOCFILENAME>
      <DOCCHANNEL>127</DOCCHANNEL>
      <DOCTITLE><![CDATA[英国军情五处被曝利诱恐怖囚犯当卧底]]></DOCTITLE>
      <DOCPEOPLE><![CDATA[]]></DOCPEOPLE>
      <DOCSOURCENAME><![CDATA[]]></DOCSOURCENAME>
      <DOCSTATUS>2</DOCSTATUS>
      <DOCCONTENT><![CDATA[　　中新网5月22日电 据香港大公网引述英国《独立报》报道，英国最大的反间谍和反恐情报机构军情五处，通过威逼利诱等各种手段秘密招募关塔那摩囚犯充当卧底。 
　　据报道，消息人士说，英国军情五处为获得更多的反恐线索，曾专门前往古巴关塔那摩军事监狱、阿富汗和巴基斯坦等国的监狱，招募恐怖分子充当卧底。在审讯被关押的英籍恐怖嫌犯时，军情五处的工作人员直接对他们表示，如果他们愿意为该机构担任内线，并提供有价值的情报，他们将会被立即予以释放，而且还会得到“优厚”的报酬。对于那些不愿合作的关押嫌犯，他们则威胁说将不会允许他们返回英国，让他们在监狱里长时间的关押。
　　该消息人士说，有些关押在关塔那摩军事监狱中的囚犯接受了军情五处的条件，释放后一直充当他们的卧底，尽管他们也提供了有用的反恐情报，但军情五处却违背当初的承诺，拒绝向他们支付相应的报酬。
　　英国人权机构公布的一份报告也显示，英国军情五处多年来一直与海外多个国家的情报机构串通，共同对英籍恐怖嫌犯进行残忍虐待和刑讯逼供。该报告称，他们得到的证据显示至少有十名被关押在海外其它国家的英籍恐怖嫌犯，遭到了军情五处和关押国看守人员的共同虐待和刑讯逼供。
　　英国反对党议员对于军情五处暴露出来的丑闻提出了强烈批评。英国保守党议员、影子内阁大臣大卫.卡斯迪杜斯说：“由于担心恐怖主义威胁，英国政府正在不断侵蚀英国公民的自由，而这反而将危及英国公众和警察的安全。”
　　军情五处目前还在继续加大与美国中情局的合作，对该处认定的二千余名恐怖可疑人士加强监控，时刻掌握他们的所有动向。迫于外界压力，英国内政大臣施卓然要求总检察长对军情五处展开调查，并表示将根据调查的结果来处理相关责任人。]]></DOCCONTENT>
      <DOCHTMLCON><![CDATA[<div class=TRS_Editor><P>　　中新网5月22日电 据香港大公网引述英国《独立报》报道，英国最大的反间谍和反恐情报机构军情五处，通过威逼利诱等各种手段秘密招募关塔那摩囚犯充当卧底。 </P>
<P>　　据报道，消息人士说，英国军情五处为获得更多的反恐线索，曾专门前往古巴关塔那摩军事监狱、阿富汗和巴基斯坦等国的监狱，招募恐怖分子充当卧底。在审讯被关押的英籍恐怖嫌犯时，军情五处的工作人员直接对他们表示，如果他们愿意为该机构担任内线，并提供有价值的情报，他们将会被立即予以释放，而且还会得到“优厚”的报酬。对于那些不愿合作的关押嫌犯，他们则威胁说将不会允许他们返回英国，让他们在监狱里长时间的关押。</P>
<P>　　该消息人士说，有些关押在关塔那摩军事监狱中的囚犯接受了军情五处的条件，释放后一直充当他们的卧底，尽管他们也提供了有用的反恐情报，但军情五处却违背当初的承诺，拒绝向他们支付相应的报酬。</P>
<P>　　英国人权机构公布的一份报告也显示，英国军情五处多年来一直与海外多个国家的情报机构串通，共同对英籍恐怖嫌犯进行残忍虐待和刑讯逼供。该报告称，他们得到的证据显示至少有十名被关押在海外其它国家的英籍恐怖嫌犯，遭到了军情五处和关押国看守人员的共同虐待和刑讯逼供。</P>
<P>　　英国反对党议员对于军情五处暴露出来的丑闻提出了强烈批评。英国保守党议员、影子内阁大臣大卫.卡斯迪杜斯说：“由于担心恐怖主义威胁，英国政府正在不断侵蚀英国公民的自由，而这反而将危及英国公众和警察的安全。”</P>
<P>　　军情五处目前还在继续加大与美国中情局的合作，对该处认定的二千余名恐怖可疑人士加强监控，时刻掌握他们的所有动向。迫于外界压力，英国内政大臣施卓然要求总检察长对军情五处展开调查，并表示将根据调查的结果来处理相关责任人。</P></div>]]></DOCHTMLCON>
      <DOCWORDSCOUNT>715</DOCWORDSCOUNT>
      <DOCABSTRACT><![CDATA[　　中新网5月22日电 据香港大公网引述英国《独立报》报道，英国最大的反间谍和反恐情报机构军情五处，通过威逼利诱等各种手段秘密招募关塔那摩囚犯充当卧底。 

　　据报道，消息人士说，英国军情五处为获得更多的反恐线索，曾专门前往古巴关塔那摩军事监狱、阿富汗和巴基斯坦等国的监狱，招募恐怖分子充当卧底。在审讯被关押的英籍恐怖嫌犯时，军情五处的工作人员直接对他们表示，如果他们愿意为该机构担任内线，并提供有价值的情报，他们将会被立即予以释放，而且还会得到“优厚”的报酬。对于那些不愿合作的关押嫌犯，他们则威胁说将不会允许他们返回英国，让他们在监狱里长时间的关押。

　　该消息人士说，有些关押在关塔那摩军事监狱中的囚犯接受了军情五处的条件，释放后一直充当他们的卧底，尽管他们也提供了有用的反恐情报，但军情五处却违背当初的承诺，拒绝向他们支付相应的报酬。
]]></DOCABSTRACT>
      <DOCKEYWORDS><![CDATA[]]></DOCKEYWORDS>
      <DOCAUTHOR><![CDATA[]]></DOCAUTHOR>
      <DOCRELTIME>2009-05-18 11:32:00</DOCRELTIME>
      <TITLECOLOR><![CDATA[#000000]]></TITLECOLOR>
      <SUBDOCTITLE><![CDATA[]]></SUBDOCTITLE>
      <EDITOR><![CDATA[]]></EDITOR>
      <CHNLNAME><![CDATA[组织架构_191]]></CHNLNAME>
    </PROPERTIES>
    <WCMAPPENDIXS>
      <WCMAPPENDIX Version="6.0">
        <PROPERTIES>
          <APPSERN>1</APPSERN>
          <APPDESC><![CDATA[W020100612367557347660.jpg]]></APPDESC>
          <APPENDIXID>149</APPENDIXID>
          <APPFILETYPE>-1</APPFILETYPE>
          <APPFLAG>20</APPFLAG>
          <FILEEXT><![CDATA[jpg]]></FILEEXT>
          <APPLINKALT><![CDATA[]]></APPLINKALT>
          <CRTIME>2011-05-23 16:47:26</CRTIME>
          <SRCFILE><![CDATA[W020100818536695095826.jpg]]></SRCFILE>
          <CRUSER><![CDATA[wangyiwen]]></CRUSER>
          <USEDVERSIONS>3</USEDVERSIONS>
          <ISIMPORTTOIMAGELIB>0</ISIMPORTTOIMAGELIB>
          <APPDOCID>441</APPDOCID>
          <APPTIME/>
          <APPFILE><![CDATA[W020110523604463772730.jpg]]></APPFILE>
        </PROPERTIES>
      </WCMAPPENDIX>
    </WCMAPPENDIXS>
  </WCMDOCUMENT>
  <WCMDOCUMENT Version="6.0">
    <PROPERTIES>
      <DOCID>442</DOCID>
      <DOCVERSION>0</DOCVERSION>
      <DOCTYPE>20</DOCTYPE>
      <DOCPUBTIME/>
      <CRUSER><![CDATA[admin]]></CRUSER>
      <CRTIME>2010-07-13 18:45:02</CRTIME>
      <DOCFLAG>0</DOCFLAG>
      <ATTRIBUTE><![CDATA[]]></ATTRIBUTE>
      <ATTACHPIC>1</ATTACHPIC>
      <DOCLINK><![CDATA[]]></DOCLINK>
      <DOCFILENAME><![CDATA[]]></DOCFILENAME>
      <DOCCHANNEL>127</DOCCHANNEL>
      <DOCTITLE><![CDATA[墨西哥首都宣布解除卫生紧急事态]]></DOCTITLE>
      <DOCPEOPLE><![CDATA[]]></DOCPEOPLE>
      <DOCSOURCENAME><![CDATA[]]></DOCSOURCENAME>
      <DOCSTATUS>2</DOCSTATUS>
      <DOCCONTENT><![CDATA[　　新华网墨西哥城5月21日电(记者栾翔 陈瑶) 墨西哥首都墨西哥城市政府21日早间宣布，由于甲型H1N1流感造成的死亡与确认患者人数呈下降趋势，该市范围内自即日起解除上月23日开始实施的卫生紧急事态。
　　墨西哥城传染病与卫生监督科学委员会21日宣布将目前的黄色中级警戒调至较低的绿色级别。这意味着墨西哥城各类经济社会活动全面恢复正常，各类活动和公共服务行业不再有任何限制。]]></DOCCONTENT>
      <DOCHTMLCON><![CDATA[<div class=TRS_Editor><P>　　新华网墨西哥城5月21日电(记者栾翔 陈瑶) 墨西哥首都墨西哥城市政府21日早间宣布，由于甲型H1N1流感造成的死亡与确认患者人数呈下降趋势，该市范围内自即日起解除上月23日开始实施的卫生紧急事态。</P>
<P>　　墨西哥城传染病与卫生监督科学委员会21日宣布将目前的黄色中级警戒调至较低的绿色级别。这意味着墨西哥城各类经济社会活动全面恢复正常，各类活动和公共服务行业不再有任何限制。</P></div>]]></DOCHTMLCON>
      <DOCWORDSCOUNT>188</DOCWORDSCOUNT>
      <DOCABSTRACT><![CDATA[　　新华网墨西哥城5月21日电(记者栾翔 陈瑶) 墨西哥首都墨西哥城市政府21日早间宣布，由于甲型H1N1流感造成的死亡与确认患者人数呈下降趋势，该市范围内自即日起解除上月23日开始实施的卫生紧急事态。

　　墨西哥城传染病与卫生监督科学委员会21日宣布将目前的黄色中级警戒调至较低的绿色级别。这意味着墨西哥城各类经济社会活动全面恢复正常，各类活动和公共服务行业不再有任何限制。
]]></DOCABSTRACT>
      <DOCKEYWORDS><![CDATA[]]></DOCKEYWORDS>
      <DOCAUTHOR><![CDATA[]]></DOCAUTHOR>
      <DOCRELTIME>2009-05-18 11:33:00</DOCRELTIME>
      <TITLECOLOR><![CDATA[#000000]]></TITLECOLOR>
      <SUBDOCTITLE><![CDATA[]]></SUBDOCTITLE>
      <EDITOR><![CDATA[]]></EDITOR>
      <CHNLNAME><![CDATA[组织架构_191]]></CHNLNAME>
    </PROPERTIES>
    <WCMAPPENDIXS>
      <WCMAPPENDIX Version="6.0">
        <PROPERTIES>
          <APPSERN>1</APPSERN>
          <APPDESC><![CDATA[W020100621508017039041.jpg]]></APPDESC>
          <APPENDIXID>150</APPENDIXID>
          <APPFILETYPE>-1</APPFILETYPE>
          <APPFLAG>20</APPFLAG>
          <FILEEXT><![CDATA[jpg]]></FILEEXT>
          <APPLINKALT><![CDATA[]]></APPLINKALT>
          <CRTIME>2011-05-23 16:47:26</CRTIME>
          <SRCFILE><![CDATA[W020100818536893533058.jpg]]></SRCFILE>
          <CRUSER><![CDATA[wangyiwen]]></CRUSER>
          <USEDVERSIONS>3</USEDVERSIONS>
          <ISIMPORTTOIMAGELIB>0</ISIMPORTTOIMAGELIB>
          <APPDOCID>442</APPDOCID>
          <APPTIME/>
          <APPFILE><![CDATA[W020110523604463930894.jpg]]></APPFILE>
        </PROPERTIES>
      </WCMAPPENDIX>
    </WCMAPPENDIXS>
  </WCMDOCUMENT>
  <WCMDOCUMENT Version="6.0">
    <PROPERTIES>
      <DOCID>443</DOCID>
      <DOCVERSION>0</DOCVERSION>
      <DOCTYPE>20</DOCTYPE>
      <DOCPUBTIME/>
      <CRUSER><![CDATA[admin]]></CRUSER>
      <CRTIME>2010-07-13 18:45:02</CRTIME>
      <DOCFLAG>0</DOCFLAG>
      <ATTRIBUTE><![CDATA[]]></ATTRIBUTE>
      <ATTACHPIC>1</ATTACHPIC>
      <DOCLINK><![CDATA[]]></DOCLINK>
      <DOCFILENAME><![CDATA[]]></DOCFILENAME>
      <DOCCHANNEL>127</DOCCHANNEL>
      <DOCTITLE><![CDATA[伊朗将首次举行总统候选人现场辩论]]></DOCTITLE>
      <DOCPEOPLE><![CDATA[]]></DOCPEOPLE>
      <DOCSOURCENAME><![CDATA[]]></DOCSOURCENAME>
      <DOCSTATUS>2</DOCSTATUS>
      <DOCCONTENT><![CDATA[　　中新网5月22日电 伊朗将首次举行总统选举候选人电视辩论。英国广播公司报道称，在伊朗这个仍然有人叫喊“美国该死”的国家，或许以“美国特色”来形容这次竞选活动并不恰当。
　　不过，选举候选人进行电视辩论，在伊朗实在是破天荒的。
　　据报道，伊朗21日公布辩论详情。四名候选人每人将与三名对手逐一辩论，共六场辩论。第一场将在6月2日举行。
　　辩论前，电视台将播放候选人长45分钟的竞选录像。 在上一次大选中，艾哈迈迪内贾德的一部强有力的竞选录像，加强了他作为人民领袖的形象，帮助他最终胜出。因此竞选录像可以是成败的关键。
　　今年大选在6月12日举行。这次的竞选活动看来更加专业和熟练，所有候选人的拉票团队人强马壮，竞选总部资源充足。
　　候选人对对手的言论也越来越坦白。他们争论的内容都是普世关心的经济、民生等议题。当然，人们仍有机会参加竞选集会的拉票活动，观看候选人背诵长篇的波斯语或伊斯兰诗篇。]]></DOCCONTENT>
      <DOCHTMLCON><![CDATA[<div class=TRS_Editor><DIV align=justify>　　中新网5月22日电 伊朗将首次举行总统选举候选人电视辩论。英国广播公司报道称，在伊朗这个仍然有人叫喊“美国该死”的国家，或许以“美国特色”来形容这次竞选活动并不恰当。</DIV>
<P>　　不过，选举候选人进行电视辩论，在伊朗实在是破天荒的。</P>
<P>　　据报道，伊朗21日公布辩论详情。四名候选人每人将与三名对手逐一辩论，共六场辩论。第一场将在6月2日举行。</P>
<P>　　辩论前，电视台将播放候选人长45分钟的竞选录像。 在上一次大选中，艾哈迈迪内贾德的一部强有力的竞选录像，加强了他作为人民领袖的形象，帮助他最终胜出。因此竞选录像可以是成败的关键。</P>
<P>　　今年大选在6月12日举行。这次的竞选活动看来更加专业和熟练，所有候选人的拉票团队人强马壮，竞选总部资源充足。</P>
<P>　　候选人对对手的言论也越来越坦白。他们争论的内容都是普世关心的经济、民生等议题。当然，人们仍有机会参加竞选集会的拉票活动，观看候选人背诵长篇的波斯语或伊斯兰诗篇。</P></div>]]></DOCHTMLCON>
      <DOCWORDSCOUNT>401</DOCWORDSCOUNT>
      <DOCABSTRACT><![CDATA[　　中新网5月22日电 伊朗将首次举行总统选举候选人电视辩论。英国广播公司报道称，在伊朗这个仍然有人叫喊“美国该死”的国家，或许以“美国特色”来形容这次竞选活动并不恰当。
　　不过，选举候选人进行电视辩论，在伊朗实在是破天荒的。

　　据报道，伊朗21日公布辩论详情。四名候选人每人将与三名对手逐一辩论，共六场辩论。第一场将在6月2日举行。

　　辩论前，电视台将播放候选人长45分钟的竞选录像。 在上一次大选中，艾哈迈迪内贾德的一部强有力的竞选录像，加强了他作为人民领袖的形象，帮助他最终胜出。因此竞选录像可以是成败的关键。
]]></DOCABSTRACT>
      <DOCKEYWORDS><![CDATA[]]></DOCKEYWORDS>
      <DOCAUTHOR><![CDATA[]]></DOCAUTHOR>
      <DOCRELTIME>2009-05-22 11:22:00</DOCRELTIME>
      <TITLECOLOR><![CDATA[#000000]]></TITLECOLOR>
      <SUBDOCTITLE><![CDATA[]]></SUBDOCTITLE>
      <EDITOR><![CDATA[]]></EDITOR>
      <CHNLNAME><![CDATA[组织架构_191]]></CHNLNAME>
    </PROPERTIES>
    <WCMAPPENDIXS>
      <WCMAPPENDIX Version="6.0">
        <PROPERTIES>
          <APPSERN>1</APPSERN>
          <APPDESC><![CDATA[W020100608556713288784.jpg]]></APPDESC>
          <APPENDIXID>151</APPENDIXID>
          <APPFILETYPE>-1</APPFILETYPE>
          <APPFLAG>20</APPFLAG>
          <FILEEXT><![CDATA[jpg]]></FILEEXT>
          <APPLINKALT><![CDATA[]]></APPLINKALT>
          <CRTIME>2011-05-23 16:47:26</CRTIME>
          <SRCFILE><![CDATA[W020100818537145401952.jpg]]></SRCFILE>
          <CRUSER><![CDATA[wangyiwen]]></CRUSER>
          <USEDVERSIONS>3</USEDVERSIONS>
          <ISIMPORTTOIMAGELIB>0</ISIMPORTTOIMAGELIB>
          <APPDOCID>443</APPDOCID>
          <APPTIME/>
          <APPFILE><![CDATA[W020110523604464099038.jpg]]></APPFILE>
        </PROPERTIES>
      </WCMAPPENDIX>
    </WCMAPPENDIXS>
  </WCMDOCUMENT>
</WCMDOCUMENTS>
