<isd:service xmlns:isd="http://xml.apache.org/xml-soap/deployment"
             id="urn:MultiRefSample">
  <isd:provider type="java"
                scope="Application"
                methods="getCircularBean">
    <isd:java class="samples.multiref.MultiRefService" static="false"/>
  </isd:provider>

  <isd:faultListener>org.apache.soap.server.DOMFaultListener</isd:faultListener>

  <isd:mappings>
    <isd:map encodingStyle="http://schemas.xmlsoap.org/soap/encoding/"
             xmlns:x="urn:xml-soap-multiref-sample" qname="x:circularbean"
             javaType="samples.multiref.CircularBean"
             java2XMLClassName="org.apache.soap.encoding.soapenc.BeanMultiRefSerializer"
             xml2JavaClassName="org.apache.soap.encoding.soapenc.BeanMultiRefSerializer"/>
  </isd:mappings>    
</isd:service>
