<?xml version="1.0" encoding="UTF-8"?>

<WCMDOCUMENTS>
  <WCMDOCUMENT Version="6.0">
    <PROPERTIES>
      <DOCID>482</DOCID>
      <DOCVERSION>0</DOCVERSION>
      <DOCTYPE>20</DOCTYPE>
      <DOCPUBTIME/>
      <CRUSER><![CDATA[admin]]></CRUSER>
      <CRTIME>2010-07-13 15:13:34</CRTIME>
      <DOCFLAG>0</DOCFLAG>
      <ATTRIBUTE><![CDATA[]]></ATTRIBUTE>
      <ATTACHPIC>1</ATTACHPIC>
      <DOCLINK><![CDATA[]]></DOCLINK>
      <DOCFILENAME><![CDATA[]]></DOCFILENAME>
      <DOCCHANNEL>109</DOCCHANNEL>
      <DOCTITLE><![CDATA[促进贸易投资自由化]]></DOCTITLE>
      <DOCPEOPLE><![CDATA[]]></DOCPEOPLE>
      <DOCSOURCENAME><![CDATA[]]></DOCSOURCENAME>
      <DOCSTATUS>1</DOCSTATUS>
      <DOCCONTENT><![CDATA[二十国集团(G20)峰会将于6月26日至27日在加拿大多伦多召开，这是20国集团领导人之间的第四次高峰会，也是全球经济走向“后危机时代”举行的一次重要峰会。 
　　6月8日，本报记者采访了英国驻华使馆经济与贸易政策参赞邓肯·斯帕克斯，分享他对此次G20多伦多峰会、当前全球经济形势、英中关系等多个问题的看法。
　　记者：您觉得英国联合政府的新任首相卡梅伦和前任首相布朗相比，有哪些不同
　　邓肯·斯帕克斯：首先我会想到他的年轻，他是英国近200年来最年轻的首相。其次，他和布朗来自不同的政党，布朗来自工党，而卡梅伦是保守党一员，这是个偏右翼政党，所以他们的政见、看法会有所不同。但是我认为他们两人都非常重视英国同中国以及英国和其他经济体的关系。就英中关系来说，新政府上台后，你会发现其对两国关系所奉行的政策与前任政府保持了一定的一致性，而且新政府更希望加深促进两国关系。
　　记者：您如何看待未来的中英关系
　　邓肯·斯帕克斯：新政府非常重视和决定加强英中关系。首相卡梅伦与温家宝总理的电话会晤中就强调了英中关系的重要性。我想首相卡梅伦将会在G20峰会中与胡锦涛主席会晤，我也希望卡梅伦会在今年的晚些时候访问中国。英中关系发展良好，虽然我们并没有在所有事情上取得一致的意见，但是我们有良好的机制对话来协商，而且，我们在一些重要的方面取得了一致，比如国际经济体制改革以及消除贸易保护主义促进经济发展。
　　记者：请问中英两国在经济领域是否将有合作计划
　　邓肯·斯帕克斯：新上任的英国政府财政大臣乔治·奥斯本于6月3日至4日访问了中国，这是他上任以来第一次重大出国访问活动。我想这也表示了新一任财政大臣非常重视英中关系。此次访华达成一个共识，在今年秋季将和中国国务院副总理王岐山一同参加英中经济财金对话。英国是欧洲国家中惟一一个与中国保持副总理级经济财金对话的国家。在奥斯本与王岐山副总理的会面中，两人都表达了对此次经济财金对话将对两国经济关系所能产生深远影响的重视与期待。
　　经济复苏中更需市场开放
　　记者：今年G20多伦多峰会的主题为“经济复苏与新起点”，请问您怎样理解和看待这个主题请评价一下目前的全球经济状况。
　　邓肯·斯帕克斯：我认为全球经济状况与去年相比已经大有好转，但是仍然非常脆弱，尤其是欧洲的经济更是引人担忧。欧洲对英国和中国来说都是非常重要的，所以与一个陷入危机的欧洲相比，一个繁荣的欧洲对我们来说更为有利。
　　而对于G20多伦多峰会的新主题，这是一个很好的提法，但是我认为我们应该更注重加拿大所主办的这届峰会的实质，也就是呵护和稳定全球经济复苏、加强和促进贸易自由、推进国际金融机构改革等方面内容。
　　记者：G20在抵制贸易保护主义压力方面取得了广泛的胜利，在上届匹兹堡峰会中，各国领导人更是达成了共同抵制贸易保护主义、加强贸易自由的共识。那么您怎样看待过去两年来欧盟和中国之间的贸易摩擦
　　邓肯·斯帕克斯：我想我们可以用更广阔的视角来看这件事。我们从上世纪30年代的大萧条中吸取了教训，当时贸易保护主义确实令危机更加严重。而对于最近一次的全球经济危机，WTO的报告显示，大多数国家都已经在竭力抵制和避免危机中贸易保护主义的抬头。
　　对于贸易摩擦这一问题，可以说有些贸易摩擦的产生并不是因为经济危机，而是其他的各种原因，如汇率等因素。这就是为什么需要WTO的存在，这一组织的存在使我们在有了摩擦后，可以提交给它来解决。而且我认为，两国之间有一些贸易上的摩擦，实属正常现象。
　　我认为国家之间确实应该提供更加开放的市场、应该推动恢复世界贸易组织多哈回合贸易谈判至达成协议、鼓励各个国家加快建立地区自由贸易谈判。我注意到，中国国务院总理温家宝近日曾呼吁加速推进中国、日本、韩国三边自由贸易协定(FTA)的签署，这是非常好的消息。
　　复苏与监管均需全球协作
　　记者：您如何评价希腊危机对英国的影响
　　邓肯·斯帕克斯：欧盟对英国来说是最大的市场之一，所以我们也非常担心它的不稳定对我们造成的影响。但是，我们非常高兴地看到欧盟及其各成员国非常努力地采取各种措施及紧急预案来控制和削减各国的财政赤字。危机对欧盟及成员国带来了极大的挑战，而各成员国及欧盟正在努力地应对挑战。
　　记者：未来新政府还会有什么针对英国经济复苏的新计划或者经济政策
　　邓肯·斯帕克斯：英国新联合政府确实制定了一个内容丰富的经济计划，首当其冲也是最重要的就是削减财政赤字。其次，就是G20峰会上可能也会讨论的金融监管体系改革问题。伦敦是最重要的国际金融中心之一，所以我们非常有必要进行这一改革，确保我们的金融机构有一个顺畅的监管体系。比如，我预计在几个星期之内，我们的新政府将关注到其对金融机构稳定性微观监管以及对大型金融机构的监管方面的责任。此外，我预计新政府还将在改进英国私营企业环境方面加以努力，将对其税收和政策管制减少到最小，鼓励私人企业，为有利于绿色、环保、可持续发展的经济增长方式提供更多机会。
　　记者：你怎么评价英国的金融监管体系改革
　　邓肯·斯帕克斯：我想英国的金融监管体系的改革离不开国际的背景，这也是为什么G20讨论金融监管改革的原因。英国金融监管改革必须与国际一致，我们必须知道国际金融监管改革的方向是什么，然后再沿着这个方向来改革，才能与其他国家的改革保持一致，因为银行业涉及了国际公司，需要一个比较一致和稳定的监管体系。但是，由于英国伦敦是世界最大的金融区之一，我们政府正致力于对银行监管的机构性改革，把微观监管权力从立法者向中央银行转移。]]></DOCCONTENT>
      <DOCHTMLCON><![CDATA[<div class=TRS_Editor><DIV class=cas_content>
<P>二十国集团(G20)峰会将于6月26日至27日在加拿大多伦多召开，这是20国集团领导人之间的第四次高峰会，也是全球经济走向“后危机时代”举行的一次重要峰会。 </P>
<P>　　6月8日，本报记者采访了英国驻华使馆经济与贸易政策参赞邓肯·斯帕克斯，分享他对此次G20多伦多峰会、当前全球经济形势、英中关系等多个问题的看法。</P>
<P>　　记者：您觉得英国联合政府的新任首相卡梅伦和前任首相布朗相比，有哪些不同</P>
<P>　　邓肯·斯帕克斯：首先我会想到他的年轻，他是英国近200年来最年轻的首相。其次，他和布朗来自不同的政党，布朗来自工党，而卡梅伦是保守党一员，这是个偏右翼政党，所以他们的政见、看法会有所不同。但是我认为他们两人都非常重视英国同中国以及英国和其他经济体的关系。就英中关系来说，新政府上台后，你会发现其对两国关系所奉行的政策与前任政府保持了一定的一致性，而且新政府更希望加深促进两国关系。</P>
<P>　　记者：您如何看待未来的中英关系</P>
<P>　　邓肯·斯帕克斯：新政府非常重视和决定加强英中关系。首相卡梅伦与温家宝总理的电话会晤中就强调了英中关系的重要性。我想首相卡梅伦将会在G20峰会中与胡锦涛主席会晤，我也希望卡梅伦会在今年的晚些时候访问中国。英中关系发展良好，虽然我们并没有在所有事情上取得一致的意见，但是我们有良好的机制对话来协商，而且，我们在一些重要的方面取得了一致，比如国际经济体制改革以及消除贸易保护主义促进经济发展。</P>
<P>　　记者：请问中英两国在经济领域是否将有合作计划</P>
<P>　　邓肯·斯帕克斯：新上任的英国政府财政大臣乔治·奥斯本于6月3日至4日访问了中国，这是他上任以来第一次重大出国访问活动。我想这也表示了新一任财政大臣非常重视英中关系。此次访华达成一个共识，在今年秋季将和中国国务院副总理王岐山一同参加英中经济财金对话。英国是欧洲国家中惟一一个与中国保持副总理级经济财金对话的国家。在奥斯本与王岐山副总理的会面中，两人都表达了对此次经济财金对话将对两国经济关系所能产生深远影响的重视与期待。</P>
<P>　　经济复苏中更需市场开放</P>
<P>　　记者：今年G20多伦多峰会的主题为“经济复苏与新起点”，请问您怎样理解和看待这个主题请评价一下目前的全球经济状况。</P>
<P>　　邓肯·斯帕克斯：我认为全球经济状况与去年相比已经大有好转，但是仍然非常脆弱，尤其是欧洲的经济更是引人担忧。欧洲对英国和中国来说都是非常重要的，所以与一个陷入危机的欧洲相比，一个繁荣的欧洲对我们来说更为有利。</P>
<P>　　而对于G20多伦多峰会的新主题，这是一个很好的提法，但是我认为我们应该更注重加拿大所主办的这届峰会的实质，也就是呵护和稳定全球经济复苏、加强和促进贸易自由、推进国际金融机构改革等方面内容。</P>
<P>　　记者：G20在抵制贸易保护主义压力方面取得了广泛的胜利，在上届匹兹堡峰会中，各国领导人更是达成了共同抵制贸易保护主义、加强贸易自由的共识。那么您怎样看待过去两年来欧盟和中国之间的贸易摩擦</P>
<P>　　邓肯·斯帕克斯：我想我们可以用更广阔的视角来看这件事。我们从上世纪30年代的大萧条中吸取了教训，当时贸易保护主义确实令危机更加严重。而对于最近一次的全球经济危机，WTO的报告显示，大多数国家都已经在竭力抵制和避免危机中贸易保护主义的抬头。</P>
<P>　　对于贸易摩擦这一问题，可以说有些贸易摩擦的产生并不是因为经济危机，而是其他的各种原因，如汇率等因素。这就是为什么需要WTO的存在，这一组织的存在使我们在有了摩擦后，可以提交给它来解决。而且我认为，两国之间有一些贸易上的摩擦，实属正常现象。</P>
<P>　　我认为国家之间确实应该提供更加开放的市场、应该推动恢复世界贸易组织多哈回合贸易谈判至达成协议、鼓励各个国家加快建立地区自由贸易谈判。我注意到，中国国务院总理温家宝近日曾呼吁加速推进中国、日本、韩国三边自由贸易协定(FTA)的签署，这是非常好的消息。</P>
<P>　　复苏与监管均需全球协作</P>
<P>　　记者：您如何评价希腊危机对英国的影响</P>
<P>　　邓肯·斯帕克斯：欧盟对英国来说是最大的市场之一，所以我们也非常担心它的不稳定对我们造成的影响。但是，我们非常高兴地看到欧盟及其各成员国非常努力地采取各种措施及紧急预案来控制和削减各国的财政赤字。危机对欧盟及成员国带来了极大的挑战，而各成员国及欧盟正在努力地应对挑战。</P>
<P>　　记者：未来新政府还会有什么针对英国经济复苏的新计划或者经济政策</P>
<P>　　邓肯·斯帕克斯：英国新联合政府确实制定了一个内容丰富的经济计划，首当其冲也是最重要的就是削减财政赤字。其次，就是G20峰会上可能也会讨论的金融监管体系改革问题。伦敦是最重要的国际金融中心之一，所以我们非常有必要进行这一改革，确保我们的金融机构有一个顺畅的监管体系。比如，我预计在几个星期之内，我们的新政府将关注到其对金融机构稳定性微观监管以及对大型金融机构的监管方面的责任。此外，我预计新政府还将在改进英国私营企业环境方面加以努力，将对其税收和政策管制减少到最小，鼓励私人企业，为有利于绿色、环保、可持续发展的经济增长方式提供更多机会。</P>
<P>　　记者：你怎么评价英国的金融监管体系改革</P>
<P>　　邓肯·斯帕克斯：我想英国的金融监管体系的改革离不开国际的背景，这也是为什么G20讨论金融监管改革的原因。英国金融监管改革必须与国际一致，我们必须知道国际金融监管改革的方向是什么，然后再沿着这个方向来改革，才能与其他国家的改革保持一致，因为银行业涉及了国际公司，需要一个比较一致和稳定的监管体系。但是，由于英国伦敦是世界最大的金融区之一，我们政府正致力于对银行监管的机构性改革，把微观监管权力从立法者向中央银行转移。</P></DIV></div>]]></DOCHTMLCON>
      <DOCWORDSCOUNT>2288</DOCWORDSCOUNT>
      <DOCABSTRACT><![CDATA[英国：我们从上世纪30年代的大萧条中吸取了教训，当时贸易保护主义确实令危机更加严重。而对于最近一次的全球经济危机，WTO的报告显示，大多数国家都已经在竭力抵制和避免危机中贸易保护主义的抬头。
]]></DOCABSTRACT>
      <DOCKEYWORDS><![CDATA[]]></DOCKEYWORDS>
      <DOCAUTHOR><![CDATA[]]></DOCAUTHOR>
      <DOCRELTIME>2010-07-13 15:11:00</DOCRELTIME>
      <TITLECOLOR><![CDATA[]]></TITLECOLOR>
      <SUBDOCTITLE><![CDATA[]]></SUBDOCTITLE>
      <EDITOR><![CDATA[]]></EDITOR>
      <CHNLNAME><![CDATA[图片摘要数据]]></CHNLNAME>
    </PROPERTIES>
    <WCMAPPENDIXS>
      <WCMAPPENDIX Version="6.0">
        <PROPERTIES>
          <APPSERN>1</APPSERN>
          <APPDESC><![CDATA[1.jpg]]></APPDESC>
          <APPENDIXID>175</APPENDIXID>
          <APPFILETYPE>-1</APPFILETYPE>
          <APPFLAG>20</APPFLAG>
          <FILEEXT><![CDATA[jpg]]></FILEEXT>
          <APPLINKALT><![CDATA[]]></APPLINKALT>
          <CRTIME>2011-05-23 16:47:28</CRTIME>
          <SRCFILE><![CDATA[W020100816487430235643.jpg]]></SRCFILE>
          <CRUSER><![CDATA[yinyong]]></CRUSER>
          <USEDVERSIONS>3</USEDVERSIONS>
          <ISIMPORTTOIMAGELIB>0</ISIMPORTTOIMAGELIB>
          <APPDOCID>482</APPDOCID>
          <APPTIME/>
          <APPFILE><![CDATA[W020110523604485182549.jpg]]></APPFILE>
        </PROPERTIES>
      </WCMAPPENDIX>
    </WCMAPPENDIXS>
  </WCMDOCUMENT>
  <WCMDOCUMENT Version="6.0">
    <PROPERTIES>
      <DOCID>483</DOCID>
      <DOCVERSION>0</DOCVERSION>
      <DOCTYPE>20</DOCTYPE>
      <DOCPUBTIME/>
      <CRUSER><![CDATA[admin]]></CRUSER>
      <CRTIME>2010-07-13 15:14:33</CRTIME>
      <DOCFLAG>0</DOCFLAG>
      <ATTRIBUTE><![CDATA[]]></ATTRIBUTE>
      <ATTACHPIC>1</ATTACHPIC>
      <DOCLINK><![CDATA[]]></DOCLINK>
      <DOCFILENAME><![CDATA[]]></DOCFILENAME>
      <DOCCHANNEL>109</DOCCHANNEL>
      <DOCTITLE><![CDATA[金融部门改革]]></DOCTITLE>
      <DOCPEOPLE><![CDATA[]]></DOCPEOPLE>
      <DOCSOURCENAME><![CDATA[]]></DOCSOURCENAME>
      <DOCSTATUS>1</DOCSTATUS>
      <DOCCONTENT><![CDATA[中新社华盛顿6月18日电 (记者 德永健) 在20国集团(G20)多伦多峰会举行前夕，美国白宫18日公布一封奥巴马致与会领导人的信。奥巴马在信中呼吁“巩固和加强全球经济复苏”务必要成为本届峰会的首要任务。 
　　作为国际社会应对金融危机的主要论坛，G20多伦多峰会将于26日至27日举行。预计世界经济形势、强劲、可持续和平衡增长框架、国际金融机构改革乃至欧洲主权债务危机等议题将得到重点讨论。
　　奥巴马在信中称，多伦多峰会举行前后，正处复苏期的全球经济遇到了一系列新挑战，因此“我们必须齐心协力加强全球经济复苏……我们在多伦多的首要任务务必是巩固和加强经济复苏”。
　　奥巴马表示，各国为实现全球经济复苏付出了艰苦努力，因此决不可半途而废或戛然而止，为了继续保持经济增长，与会各国应坚持推行必要的刺激政策，而且一旦发现复苏动力有所减缓，应再次迅速坚决地予以应对，采取必要措施扭转经济下行走势。
　　谈及如何实现强劲、可持续的经济复苏，奥巴马着重强调了三点。首先是全球需求保持平衡，各国内需普遍增长，以避免重蹈金融危机前全球经济失衡的覆辙。
　　其次，各国应保持中期公共财政的稳定，将财赤比例控制在适度范围之内。
　　此外，奥巴马强调推进金融改革对经济复苏至关重要，必须继续保持金融体系的改革势头，尤其要着手解决欧洲银行在财务透明度及资本充足率方面存在的问题，以此降低借贷成本，减少发生金融动荡的风险。(完)]]></DOCCONTENT>
      <DOCHTMLCON><![CDATA[<div class=TRS_Editor><DIV class=cas_content>
<P>中新社华盛顿6月18日电 (记者 德永健) 在20国集团(G20)多伦多峰会举行前夕，美国白宫18日公布一封奥巴马致与会领导人的信。奥巴马在信中呼吁“巩固和加强全球经济复苏”务必要成为本届峰会的首要任务。 </P>
<P>　　作为国际社会应对金融危机的主要论坛，G20多伦多峰会将于26日至27日举行。预计世界经济形势、强劲、可持续和平衡增长框架、国际金融机构改革乃至欧洲主权债务危机等议题将得到重点讨论。</P>
<P>　　奥巴马在信中称，多伦多峰会举行前后，正处复苏期的全球经济遇到了一系列新挑战，因此“我们必须齐心协力加强全球经济复苏……我们在多伦多的首要任务务必是巩固和加强经济复苏”。</P>
<P>　　奥巴马表示，各国为实现全球经济复苏付出了艰苦努力，因此决不可半途而废或戛然而止，为了继续保持经济增长，与会各国应坚持推行必要的刺激政策，而且一旦发现复苏动力有所减缓，应再次迅速坚决地予以应对，采取必要措施扭转经济下行走势。</P>
<P>　　谈及如何实现强劲、可持续的经济复苏，奥巴马着重强调了三点。首先是全球需求保持平衡，各国内需普遍增长，以避免重蹈金融危机前全球经济失衡的覆辙。</P>
<P>　　其次，各国应保持中期公共财政的稳定，将财赤比例控制在适度范围之内。</P>
<P>　　此外，奥巴马强调推进金融改革对经济复苏至关重要，必须继续保持金融体系的改革势头，尤其要着手解决欧洲银行在财务透明度及资本充足率方面存在的问题，以此降低借贷成本，减少发生金融动荡的风险。(完)</P></DIV></div>]]></DOCHTMLCON>
      <DOCWORDSCOUNT>604</DOCWORDSCOUNT>
      <DOCABSTRACT><![CDATA[奥巴马强调推进金融改革对经济复苏至关重要，必须继续保持金融体系的改革势头，尤其要着手解决欧洲银行在财务透明度及资本充足率方面存在的问题，以此降低借贷成本，减少发生金融动荡的风险。
]]></DOCABSTRACT>
      <DOCKEYWORDS><![CDATA[]]></DOCKEYWORDS>
      <DOCAUTHOR><![CDATA[]]></DOCAUTHOR>
      <DOCRELTIME>2010-07-13 15:13:00</DOCRELTIME>
      <TITLECOLOR><![CDATA[]]></TITLECOLOR>
      <SUBDOCTITLE><![CDATA[]]></SUBDOCTITLE>
      <EDITOR><![CDATA[]]></EDITOR>
      <CHNLNAME><![CDATA[图片摘要数据]]></CHNLNAME>
    </PROPERTIES>
    <WCMAPPENDIXS>
      <WCMAPPENDIX Version="6.0">
        <PROPERTIES>
          <APPSERN>1</APPSERN>
          <APPDESC><![CDATA[1.jpg]]></APPDESC>
          <APPENDIXID>176</APPENDIXID>
          <APPFILETYPE>-1</APPFILETYPE>
          <APPFLAG>20</APPFLAG>
          <FILEEXT><![CDATA[jpg]]></FILEEXT>
          <APPLINKALT><![CDATA[]]></APPLINKALT>
          <CRTIME>2011-05-23 16:47:28</CRTIME>
          <SRCFILE><![CDATA[W020100816487429928683.jpg]]></SRCFILE>
          <CRUSER><![CDATA[yinyong]]></CRUSER>
          <USEDVERSIONS>3</USEDVERSIONS>
          <ISIMPORTTOIMAGELIB>0</ISIMPORTTOIMAGELIB>
          <APPDOCID>483</APPDOCID>
          <APPTIME/>
          <APPFILE><![CDATA[W020110523604485490697.jpg]]></APPFILE>
        </PROPERTIES>
      </WCMAPPENDIX>
    </WCMAPPENDIXS>
  </WCMDOCUMENT>
  <WCMDOCUMENT Version="6.0">
    <PROPERTIES>
      <DOCID>484</DOCID>
      <DOCVERSION>0</DOCVERSION>
      <DOCTYPE>20</DOCTYPE>
      <DOCPUBTIME/>
      <CRUSER><![CDATA[admin]]></CRUSER>
      <CRTIME>2010-07-13 15:15:16</CRTIME>
      <DOCFLAG>0</DOCFLAG>
      <ATTRIBUTE><![CDATA[]]></ATTRIBUTE>
      <ATTACHPIC>1</ATTACHPIC>
      <DOCLINK><![CDATA[]]></DOCLINK>
      <DOCFILENAME><![CDATA[]]></DOCFILENAME>
      <DOCCHANNEL>109</DOCCHANNEL>
      <DOCTITLE><![CDATA[加强国际金融机构间合作]]></DOCTITLE>
      <DOCPEOPLE><![CDATA[]]></DOCPEOPLE>
      <DOCSOURCENAME><![CDATA[]]></DOCSOURCENAME>
      <DOCSTATUS>2</DOCSTATUS>
      <DOCCONTENT><![CDATA[新华网北京6月17日电 (记者熊争艳、王宇丹) 外交部发言人秦刚17日表示，中方对即将举行的二十国集团领导人第四次峰会有四大期待。 
　　这次峰会将于26日—27日在加拿大多伦多举行。
　　秦刚在当日例行记者会上说，当前世界经济出现企稳复苏势头，但还不牢固，中方期待峰会就四个方面取得积极务实成果。
　　他说，首先是加强各国宏观经济政策的沟通与协调，巩固世界经济复苏的势头。考虑到当前欧洲主权债务危机是一个比较突出的问题，中方认为多伦多峰会应着重讨论这一问题。第二，通过峰会推动国际货币基金组织在首尔峰会之前完成份额改革目标，提高新兴市场和发展中国家的代表性和发言权，同时改进国际金融体系，深化国际监管体制改革。第三，给予发展问题更多关注，能够为今年9月举行的联合国千年发展目标高级别会议提供政治支持。最后，继续反对贸易保护主义，推动完成多哈回合谈判，实现多哈回合的目标。
　　秦刚表示，希望二十国集团有关各方共同努力，使这次峰会取得预期积极成果。]]></DOCCONTENT>
      <DOCHTMLCON><![CDATA[<div class=TRS_Editor><DIV class=cas_content>
<P>新华网北京6月17日电 (记者熊争艳、王宇丹) 外交部发言人秦刚17日表示，中方对即将举行的二十国集团领导人第四次峰会有四大期待。 </P>
<P>　　这次峰会将于26日—27日在加拿大多伦多举行。</P>
<P>　　秦刚在当日例行记者会上说，当前世界经济出现企稳复苏势头，但还不牢固，中方期待峰会就四个方面取得积极务实成果。</P>
<P>　　他说，首先是加强各国宏观经济政策的沟通与协调，巩固世界经济复苏的势头。考虑到当前欧洲主权债务危机是一个比较突出的问题，中方认为多伦多峰会应着重讨论这一问题。第二，通过峰会推动国际货币基金组织在首尔峰会之前完成份额改革目标，提高新兴市场和发展中国家的代表性和发言权，同时改进国际金融体系，深化国际监管体制改革。第三，给予发展问题更多关注，能够为今年9月举行的联合国千年发展目标高级别会议提供政治支持。最后，继续反对贸易保护主义，推动完成多哈回合谈判，实现多哈回合的目标。</P>
<P>　　秦刚表示，希望二十国集团有关各方共同努力，使这次峰会取得预期积极成果。</P></DIV></div>]]></DOCHTMLCON>
      <DOCWORDSCOUNT>424</DOCWORDSCOUNT>
      <DOCABSTRACT><![CDATA[中国：通过峰会推动国际货币基金组织在首尔峰会之前完成份额改革目标，提高新兴市场和发展中国家的代表性和发言权，同时改进国际金融体系，深化国际监管体制改革。
]]></DOCABSTRACT>
      <DOCKEYWORDS><![CDATA[]]></DOCKEYWORDS>
      <DOCAUTHOR><![CDATA[]]></DOCAUTHOR>
      <DOCRELTIME>2010-07-13 15:14:00</DOCRELTIME>
      <TITLECOLOR><![CDATA[]]></TITLECOLOR>
      <SUBDOCTITLE><![CDATA[]]></SUBDOCTITLE>
      <EDITOR><![CDATA[]]></EDITOR>
      <CHNLNAME><![CDATA[图片摘要数据]]></CHNLNAME>
    </PROPERTIES>
    <WCMAPPENDIXS>
      <WCMAPPENDIX Version="6.0">
        <PROPERTIES>
          <APPSERN>1</APPSERN>
          <APPDESC><![CDATA[1.jpg]]></APPDESC>
          <APPENDIXID>177</APPENDIXID>
          <APPFILETYPE>-1</APPFILETYPE>
          <APPFLAG>20</APPFLAG>
          <FILEEXT><![CDATA[jpg]]></FILEEXT>
          <APPLINKALT><![CDATA[]]></APPLINKALT>
          <CRTIME>2011-05-23 16:47:28</CRTIME>
          <SRCFILE><![CDATA[W020100816487429610692.jpg]]></SRCFILE>
          <CRUSER><![CDATA[yinyong]]></CRUSER>
          <USEDVERSIONS>3</USEDVERSIONS>
          <ISIMPORTTOIMAGELIB>0</ISIMPORTTOIMAGELIB>
          <APPDOCID>484</APPDOCID>
          <APPTIME/>
          <APPFILE><![CDATA[W020110523604485651752.jpg]]></APPFILE>
        </PROPERTIES>
      </WCMAPPENDIX>
    </WCMAPPENDIXS>
  </WCMDOCUMENT>
  <WCMDOCUMENT Version="6.0">
    <PROPERTIES>
      <DOCID>485</DOCID>
      <DOCVERSION>0</DOCVERSION>
      <DOCTYPE>20</DOCTYPE>
      <DOCPUBTIME/>
      <CRUSER><![CDATA[admin]]></CRUSER>
      <CRTIME>2010-07-13 15:16:36</CRTIME>
      <DOCFLAG>0</DOCFLAG>
      <ATTRIBUTE><![CDATA[]]></ATTRIBUTE>
      <ATTACHPIC>1</ATTACHPIC>
      <DOCLINK><![CDATA[]]></DOCLINK>
      <DOCFILENAME><![CDATA[]]></DOCFILENAME>
      <DOCCHANNEL>109</DOCCHANNEL>
      <DOCTITLE><![CDATA[可持续和平衡发展]]></DOCTITLE>
      <DOCPEOPLE><![CDATA[]]></DOCPEOPLE>
      <DOCSOURCENAME><![CDATA[]]></DOCSOURCENAME>
      <DOCSTATUS>1</DOCSTATUS>
      <DOCCONTENT><![CDATA[中新网6月19日电 据大公网报道，欧盟成员国领导人在17日举行的布鲁塞尔峰会上，通过未来十年经济发展战略等一系列改革方案，以期引领欧盟经济走出债务危机。 
　　欧洲理事会常任主席范龙佩在会后表示，欧盟领导人最终敲定欧洲2020年战略的五大核心指针，为欧盟推进结构性改革，重新迈上可持续增长的道路和创造就业明确目标。
　　根据这份指导欧盟经济未来十年发展的纲领性文件，欧盟经济将实现以知识和创新为基础的“灵巧增长”，以提高资源效应、提倡绿色、强化竞争力为内容的“可持续增长”，以扩大就业、促进社会融合的“包容性增长”。为此，欧盟领导人在创造就业、增加科研投入、减少温室气体排放、提高教育普及率和消除贫困等五个方面达成了量化指标，欧盟成员国将落实到各自的国家行动计划中去。
　　作为债务危机爆发后的重要改革举措，欧盟领导人同意今后强化财政纪律和加强对成员国的宏观经济监督，以避免债务危机重演。为此，在尊重各国预算主权的前提下，自2011年开始，成员国的预算方案应接受欧盟委员会的评议，对违反欧盟财政纪律的成员国将实施惩罚。
　　在加强金融监管方面，欧盟领导人强调，将尽快推进相关立法，在2011年底前完成既定的改革举措，并对对冲基金和信用评级机构加强监管。与此同时，欧盟委员会将拿出建议，对金融衍生品市场加强监管，尤其是卖空行为和信用违约掉期合约。
　　为期一天的欧盟峰会也为20国集团多伦多峰会协调了欧盟内部立场。欧盟领导人表示，支持征收银行税，并主张在多伦多峰会上继续推动达成全球性协议。]]></DOCCONTENT>
      <DOCHTMLCON><![CDATA[<div class=TRS_Editor><DIV class=cas_content>
<P>中新网6月19日电 据大公网报道，欧盟成员国领导人在17日举行的布鲁塞尔峰会上，通过未来十年经济发展战略等一系列改革方案，以期引领欧盟经济走出债务危机。 </P>
<P>　　欧洲理事会常任主席范龙佩在会后表示，欧盟领导人最终敲定欧洲2020年战略的五大核心指针，为欧盟推进结构性改革，重新迈上可持续增长的道路和创造就业明确目标。</P>
<P>　　根据这份指导欧盟经济未来十年发展的纲领性文件，欧盟经济将实现以知识和创新为基础的“灵巧增长”，以提高资源效应、提倡绿色、强化竞争力为内容的“可持续增长”，以扩大就业、促进社会融合的“包容性增长”。为此，欧盟领导人在创造就业、增加科研投入、减少温室气体排放、提高教育普及率和消除贫困等五个方面达成了量化指标，欧盟成员国将落实到各自的国家行动计划中去。</P>
<P>　　作为债务危机爆发后的重要改革举措，欧盟领导人同意今后强化财政纪律和加强对成员国的宏观经济监督，以避免债务危机重演。为此，在尊重各国预算主权的前提下，自2011年开始，成员国的预算方案应接受欧盟委员会的评议，对违反欧盟财政纪律的成员国将实施惩罚。</P>
<P>　　在加强金融监管方面，欧盟领导人强调，将尽快推进相关立法，在2011年底前完成既定的改革举措，并对对冲基金和信用评级机构加强监管。与此同时，欧盟委员会将拿出建议，对金融衍生品市场加强监管，尤其是卖空行为和信用违约掉期合约。</P>
<P>　　为期一天的欧盟峰会也为20国集团多伦多峰会协调了欧盟内部立场。欧盟领导人表示，支持征收银行税，并主张在多伦多峰会上继续推动达成全球性协议。</P></DIV></div>]]></DOCHTMLCON>
      <DOCWORDSCOUNT>644</DOCWORDSCOUNT>
      <DOCABSTRACT><![CDATA[欧盟：欧盟经济将实现以知识和创新为基础的“灵巧增长”，以提高资源效应、提倡绿色、强化竞争力为内容的“可持续增长”，以扩大就业、促进社会融合的“包容性增长”。
]]></DOCABSTRACT>
      <DOCKEYWORDS><![CDATA[]]></DOCKEYWORDS>
      <DOCAUTHOR><![CDATA[]]></DOCAUTHOR>
      <DOCRELTIME>2010-07-13 15:15:00</DOCRELTIME>
      <TITLECOLOR><![CDATA[]]></TITLECOLOR>
      <SUBDOCTITLE><![CDATA[]]></SUBDOCTITLE>
      <EDITOR><![CDATA[]]></EDITOR>
      <CHNLNAME><![CDATA[图片摘要数据]]></CHNLNAME>
    </PROPERTIES>
    <WCMAPPENDIXS>
      <WCMAPPENDIX Version="6.0">
        <PROPERTIES>
          <APPSERN>1</APPSERN>
          <APPDESC><![CDATA[1.jpg]]></APPDESC>
          <APPENDIXID>178</APPENDIXID>
          <APPFILETYPE>-1</APPFILETYPE>
          <APPFLAG>20</APPFLAG>
          <FILEEXT><![CDATA[jpg]]></FILEEXT>
          <APPLINKALT><![CDATA[]]></APPLINKALT>
          <CRTIME>2011-05-23 16:47:28</CRTIME>
          <SRCFILE><![CDATA[W020100816487429452694.jpg]]></SRCFILE>
          <CRUSER><![CDATA[yinyong]]></CRUSER>
          <USEDVERSIONS>3</USEDVERSIONS>
          <ISIMPORTTOIMAGELIB>0</ISIMPORTTOIMAGELIB>
          <APPDOCID>485</APPDOCID>
          <APPTIME/>
          <APPFILE><![CDATA[W020110523604485812027.jpg]]></APPFILE>
        </PROPERTIES>
      </WCMAPPENDIX>
    </WCMAPPENDIXS>
  </WCMDOCUMENT>
</WCMDOCUMENTS>
