<?xml version="1.0" encoding="UTF-8"?>

<XWCMWIDGETS>
  <XWCMWIDGET Version="6.0">
    <PROPERTIES>
      <CDEFAULTSTYLE><![CDATA[abstract_doclist]]></CDEFAULTSTYLE>
      <WIDGETTYPE>0</WIDGETTYPE>
      <WIDGETCONTENT><![CDATA[<div class="trs-res trs-abstract-doc-list $[WSTYLEID]">
	<div class="p_w_box">
		<h2 class="p_w_head headdisplay-$[HEADDISPLAY] more-display-$[显示更多]">
			<span class="p_w_title"><TRS_CHANNEL ID="channelId:$[所属栏目]" AUTOLINK="TRUE"/></span>
			<span class="p_w_more"><a href="<TRS_CHANNEL ID='channelId:$[所属栏目]' FIELD='_RECURL'/>" target="_blank">更多&gt;&gt;</a></span>
		</h2>
		<div class="p_w_body">
			<div class="p_w_body_bg $[CSTYLEID]">
			<!-- content begin -->
				<div class="p_w_content_box">
					<div class="p_w_content">
						<DIV class="newscontent">
							<DIV class="newsleft">
								<TRS_DOCUMENTS id="channelId:$[所属栏目]" num="1">
									<a href='<TRS_DOCUMENT FIELD="_RECURL" UrlIsAbs="true"></TRS_DOCUMENT>' target="_blank"><img src="<TRS_APPENDIX field='_RECURL' INDEX='0' MODE='PIC' UrlIsAbs='true' upload='true' forSpecial='true'/>" class='img'></a> 
									<div><TRS_DOCUMENT field="DOCTITLE" AUTOLINK="true"/></div>
									<P class=newsleftcontent>
										<TRS_DOCUMENT field="DOCABSTRACT" num="$[摘要字数]"/>
										<TRS_CONDITION CONDITION ="$[显示详细信息]" OPERATOR="==" REFERENCE="1">
											<a href='<TRS_DOCUMENT FIELD="_RECURL" UrlIsAbs="true"></TRS_DOCUMENT>' target="_blank" class="extra">[详细]</a>
										</TRS_CONDITION>
									</P>
								</TRS_DOCUMENTS>
							</DIV>
							
							<DIV class="newsright">
							<H3><TRS_DOCUMENTS id="channelId:$[所属栏目]" num="1"><TRS_DOCUMENT field="DOCTITLE" AUTOLINK="true"/></TRS_DOCUMENTS></H3>
								<TRS_DocInChnlOperation id="channelId:$[所属栏目]">
									<ul>
										<TRS_DOCUMENTS id="channelId:$[所属栏目]"  num="$[显示条数]" STARTPOS="1">	
											<LI class="p_doc_title_li">
												<TRS_DocOperation><span class="p_doc_title"><TRS_DOCUMENT FIELD="DOCTITLE" AUTOLINK="true" NUM="$[列表标题字数]" AUTOCOLOR="false" TARGET="_blank"> </TRS_DOCUMENT></span>
												<span class='doc_new_icon'></span>
												</TRS_DocOperation>
											</LI>
										</TRS_DOCUMENTS>
									</ul>
								</TRS_DocInChnlOperation>
							</DIV>
					</div>
				</div>
			<!-- content end -->
			</div>
		</div>
		<div class="p_w_foot">
			<div class="p_w_foot_bg"></div>
		</div>
	</div>
</div>]]></WIDGETCONTENT>
      <WIDGETATTRURL><![CDATA[]]></WIDGETATTRURL>
      <CRTIME>2010-08-30 15:09:04</CRTIME>
      <WNAME><![CDATA[左侧图片摘要，右侧列表]]></WNAME>
      <WIDGETPIC><![CDATA[W020100830521000789485.png]]></WIDGETPIC>
      <CONTENTSTYLE><![CDATA[abstract_doclist]]></CONTENTSTYLE>
      <WIDGETID>96</WIDGETID>
      <CRUSER><![CDATA[fengfengxia]]></CRUSER>
      <WDESC><![CDATA[左侧第一篇文档的图片附件及摘要，右边是栏目中的文档列表]]></WDESC>
      <WDEFAULTSTYLE><![CDATA[f01]]></WDEFAULTSTYLE>
    </PROPERTIES>
    <XWCMWIDGETPARAMETERS>
      <XWCMWIDGETPARAMETER Version="6.0">
        <PROPERTIES>
          <DEFAULTVALUE><![CDATA[1]]></DEFAULTVALUE>
          <WIDGETPARAMDESC><![CDATA[显示资源头部]]></WIDGETPARAMDESC>
          <WIDGETPARAMTYPE>5</WIDGETPARAMTYPE>
          <CRTIME>2010-08-30 15:09:04</CRTIME>
          <WIDGETPARAMETERID>638</WIDGETPARAMETERID>
          <WIDGETID>96</WIDGETID>
          <CRUSER><![CDATA[fengfengxia]]></CRUSER>
          <NOTNULL>1</NOTNULL>
          <WIDGETPARAMNAME><![CDATA[HEADDISPLAY]]></WIDGETPARAMNAME>
        </PROPERTIES>
      </XWCMWIDGETPARAMETER>
      <XWCMWIDGETPARAMETER Version="6.0">
        <PROPERTIES>
          <ENMVALUE><![CDATA[]]></ENMVALUE>
          <DEFAULTVALUE><![CDATA[750]]></DEFAULTVALUE>
          <WIDGETPARAMDESC><![CDATA[所属栏目]]></WIDGETPARAMDESC>
          <WIDGETPARAMTYPE>18</WIDGETPARAMTYPE>
          <RADORCHK>1</RADORCHK>
          <CRTIME>2010-08-30 11:13:28</CRTIME>
          <WIDGETPARAMETERID>639</WIDGETPARAMETERID>
          <WIDGETID>96</WIDGETID>
          <CRUSER><![CDATA[admin]]></CRUSER>
          <WIDGETPARAMNAME><![CDATA[所属栏目]]></WIDGETPARAMNAME>
          <CLASSID>0</CLASSID>
        </PROPERTIES>
      </XWCMWIDGETPARAMETER>
      <XWCMWIDGETPARAMETER Version="6.0">
        <PROPERTIES>
          <ENMVALUE><![CDATA[]]></ENMVALUE>
          <DEFAULTVALUE><![CDATA[1]]></DEFAULTVALUE>
          <WIDGETPARAMDESC><![CDATA[显示更多]]></WIDGETPARAMDESC>
          <WIDGETPARAMTYPE>5</WIDGETPARAMTYPE>
          <CRTIME>2010-08-30 11:13:52</CRTIME>
          <WIDGETPARAMETERID>640</WIDGETPARAMETERID>
          <WIDGETID>96</WIDGETID>
          <CRUSER><![CDATA[admin]]></CRUSER>
          <WIDGETPARAMNAME><![CDATA[显示更多]]></WIDGETPARAMNAME>
          <CLASSID>0</CLASSID>
        </PROPERTIES>
      </XWCMWIDGETPARAMETER>
      <XWCMWIDGETPARAMETER Version="6.0">
        <PROPERTIES>
          <ENMVALUE><![CDATA[]]></ENMVALUE>
          <DEFAULTVALUE><![CDATA[50]]></DEFAULTVALUE>
          <WIDGETPARAMDESC><![CDATA[摘要字数]]></WIDGETPARAMDESC>
          <WIDGETPARAMTYPE>19</WIDGETPARAMTYPE>
          <CRTIME>2010-08-30 11:14:22</CRTIME>
          <WIDGETPARAMETERID>641</WIDGETPARAMETERID>
          <WIDGETID>96</WIDGETID>
          <CRUSER><![CDATA[admin]]></CRUSER>
          <WIDGETPARAMNAME><![CDATA[摘要字数]]></WIDGETPARAMNAME>
          <CLASSID>0</CLASSID>
        </PROPERTIES>
      </XWCMWIDGETPARAMETER>
      <XWCMWIDGETPARAMETER Version="6.0">
        <PROPERTIES>
          <ENMVALUE><![CDATA[]]></ENMVALUE>
          <DEFAULTVALUE><![CDATA[0]]></DEFAULTVALUE>
          <WIDGETPARAMDESC><![CDATA[显示详细信息]]></WIDGETPARAMDESC>
          <WIDGETPARAMTYPE>5</WIDGETPARAMTYPE>
          <CRTIME>2010-08-30 11:14:49</CRTIME>
          <WIDGETPARAMETERID>642</WIDGETPARAMETERID>
          <WIDGETID>96</WIDGETID>
          <CRUSER><![CDATA[admin]]></CRUSER>
          <WIDGETPARAMNAME><![CDATA[显示详细信息]]></WIDGETPARAMNAME>
          <CLASSID>0</CLASSID>
        </PROPERTIES>
      </XWCMWIDGETPARAMETER>
      <XWCMWIDGETPARAMETER Version="6.0">
        <PROPERTIES>
          <ENMVALUE><![CDATA[]]></ENMVALUE>
          <DEFAULTVALUE><![CDATA[6]]></DEFAULTVALUE>
          <WIDGETPARAMDESC><![CDATA[显示条数]]></WIDGETPARAMDESC>
          <WIDGETPARAMTYPE>19</WIDGETPARAMTYPE>
          <CRTIME>2010-08-30 11:15:25</CRTIME>
          <WIDGETPARAMETERID>643</WIDGETPARAMETERID>
          <WIDGETID>96</WIDGETID>
          <CRUSER><![CDATA[admin]]></CRUSER>
          <WIDGETPARAMNAME><![CDATA[显示条数]]></WIDGETPARAMNAME>
          <CLASSID>0</CLASSID>
        </PROPERTIES>
      </XWCMWIDGETPARAMETER>
      <XWCMWIDGETPARAMETER Version="6.0">
        <PROPERTIES>
          <ENMVALUE><![CDATA[]]></ENMVALUE>
          <DEFAULTVALUE><![CDATA[]]></DEFAULTVALUE>
          <WIDGETPARAMDESC><![CDATA[列表标题字数]]></WIDGETPARAMDESC>
          <WIDGETPARAMTYPE>19</WIDGETPARAMTYPE>
          <CRTIME>2010-08-30 11:15:40</CRTIME>
          <WIDGETPARAMETERID>644</WIDGETPARAMETERID>
          <WIDGETID>96</WIDGETID>
          <CRUSER><![CDATA[admin]]></CRUSER>
          <WIDGETPARAMNAME><![CDATA[列表标题字数]]></WIDGETPARAMNAME>
          <CLASSID>0</CLASSID>
        </PROPERTIES>
      </XWCMWIDGETPARAMETER>
    </XWCMWIDGETPARAMETERS>
  </XWCMWIDGET>
  <XWCMWIDGET Version="6.0">
    <PROPERTIES>
      <CDEFAULTSTYLE><![CDATA[c1]]></CDEFAULTSTYLE>
      <WIDGETTYPE>0</WIDGETTYPE>
      <WIDGETCONTENT><![CDATA[<div class="trs-res trs-doc-list $[WSTYLEID]">
	<div class="p_w_box">
		<h2 class="p_w_head headdisplay-$[HEADDISPLAY] more-display-$[显示更多]">
			<span class="p_w_title"><TRS_CHANNEL ID="channelId:$[所属栏目]" AUTOLINK="TRUE"/></span>
			<span class="p_w_more"><a href="<TRS_CHANNEL ID='channelId:$[所属栏目]' FIELD='_RECURL'/>" target="_blank">更多&gt;&gt;</a></span>
		</h2>
		<div class="p_w_body datetime-display-$[显示时间]">
			<div class="p_w_body_bg $[CSTYLEID]">
			<!-- content begin -->
				<div class="p_w_content_box">
					<div class="p_w_content">
						<div style="padding-bottom:5px;text-align:center;">
							<TRS_DOCUMENTS id="channelId:$[所属栏目]"  num="1">
								<img src="<TRS_APPENDIX MODE='PIC' FIELD='_RECURL' INDEX='$[图片序号]' UrlIsAbs='true'/>" border=0 style="width:$[图片宽度]px;height:$[图片高度]px;"/>
							</TRS_DOCUMENTS>
						</div>
						<TRS_DocInChnlOperation id="channelId:$[所属栏目]">
							<ul>
								<TRS_DOCUMENTS id="channelId:$[所属栏目]"  num="$[显示条数]">	
									<LI class="c_line c_line_<TRS_RowNo/>"></li>
									<LI class="p_doc_title_li"><TRS_DocOperation><span class="p_doc_title"><TRS_DOCUMENT FIELD="DOCTITLE" AUTOLINK="true" NUM="$[标题字数]" AUTOCOLOR="false" TARGET="_blank"> </TRS_DOCUMENT></span><SPAN class="datetime"><TRS_DOCUMENT FIELD="CRTIME" DATEFORMAT="$[时间格式]"></TRS_DOCUMENT></SPAN><span class='doc_new_icon'></span></TRS_DocOperation></LI>
								</TRS_DOCUMENTS>
								<LI class="c_line c_last_line"></li>
							</ul>
						</TRS_DocInChnlOperation>
					</div>
				</div>
			<!-- content end -->
			</div>
		</div>
		<div class="p_w_foot">
			<div class="p_w_foot_bg"></div>
		</div>
	</div>
</div>]]></WIDGETCONTENT>
      <WIDGETATTRURL><![CDATA[]]></WIDGETATTRURL>
      <CRTIME>2010-08-30 15:09:04</CRTIME>
      <WNAME><![CDATA[首篇图片附件加文档列表]]></WNAME>
      <WIDGETPIC><![CDATA[W020100830429550151936.png]]></WIDGETPIC>
      <CONTENTSTYLE><![CDATA[c_doclist,f0201,normal_doc_list,c1,c04,c03,c01,c02,c19,c20,c21]]></CONTENTSTYLE>
      <WIDGETID>95</WIDGETID>
      <CRUSER><![CDATA[fengfengxia]]></CRUSER>
      <WDESC><![CDATA[]]></WDESC>
      <WDEFAULTSTYLE><![CDATA[f01]]></WDEFAULTSTYLE>
    </PROPERTIES>
    <XWCMWIDGETPARAMETERS>
      <XWCMWIDGETPARAMETER Version="6.0">
        <PROPERTIES>
          <DEFAULTVALUE><![CDATA[1]]></DEFAULTVALUE>
          <WIDGETPARAMDESC><![CDATA[显示资源头部]]></WIDGETPARAMDESC>
          <WIDGETPARAMTYPE>5</WIDGETPARAMTYPE>
          <CRTIME>2010-08-30 15:09:04</CRTIME>
          <WIDGETPARAMETERID>627</WIDGETPARAMETERID>
          <WIDGETID>95</WIDGETID>
          <CRUSER><![CDATA[fengfengxia]]></CRUSER>
          <NOTNULL>1</NOTNULL>
          <WIDGETPARAMNAME><![CDATA[HEADDISPLAY]]></WIDGETPARAMNAME>
        </PROPERTIES>
      </XWCMWIDGETPARAMETER>
      <XWCMWIDGETPARAMETER Version="6.0">
        <PROPERTIES>
          <ENMVALUE><![CDATA[]]></ENMVALUE>
          <DEFAULTVALUE><![CDATA[750]]></DEFAULTVALUE>
          <WIDGETPARAMDESC><![CDATA[所属栏目]]></WIDGETPARAMDESC>
          <WIDGETPARAMTYPE>18</WIDGETPARAMTYPE>
          <RADORCHK>1</RADORCHK>
          <CRTIME>2010-08-25 13:23:00</CRTIME>
          <WIDGETPARAMETERID>628</WIDGETPARAMETERID>
          <WIDGETID>95</WIDGETID>
          <CRUSER><![CDATA[admin]]></CRUSER>
          <WIDGETPARAMNAME><![CDATA[所属栏目]]></WIDGETPARAMNAME>
          <CLASSID>0</CLASSID>
        </PROPERTIES>
      </XWCMWIDGETPARAMETER>
      <XWCMWIDGETPARAMETER Version="6.0">
        <PROPERTIES>
          <ENMVALUE><![CDATA[]]></ENMVALUE>
          <DEFAULTVALUE><![CDATA[10]]></DEFAULTVALUE>
          <WIDGETPARAMDESC><![CDATA[显示条数]]></WIDGETPARAMDESC>
          <WIDGETPARAMTYPE>19</WIDGETPARAMTYPE>
          <CRTIME>2010-08-25 13:23:24</CRTIME>
          <WIDGETPARAMETERID>629</WIDGETPARAMETERID>
          <WIDGETID>95</WIDGETID>
          <CRUSER><![CDATA[admin]]></CRUSER>
          <WIDGETPARAMNAME><![CDATA[显示条数]]></WIDGETPARAMNAME>
          <CLASSID>0</CLASSID>
        </PROPERTIES>
      </XWCMWIDGETPARAMETER>
      <XWCMWIDGETPARAMETER Version="6.0">
        <PROPERTIES>
          <ENMVALUE><![CDATA[]]></ENMVALUE>
          <DEFAULTVALUE><![CDATA[]]></DEFAULTVALUE>
          <WIDGETPARAMDESC><![CDATA[标题字数]]></WIDGETPARAMDESC>
          <WIDGETPARAMTYPE>19</WIDGETPARAMTYPE>
          <CRTIME>2010-08-25 13:23:47</CRTIME>
          <WIDGETPARAMETERID>630</WIDGETPARAMETERID>
          <WIDGETID>95</WIDGETID>
          <CRUSER><![CDATA[admin]]></CRUSER>
          <WIDGETPARAMNAME><![CDATA[标题字数]]></WIDGETPARAMNAME>
          <CLASSID>0</CLASSID>
        </PROPERTIES>
      </XWCMWIDGETPARAMETER>
      <XWCMWIDGETPARAMETER Version="6.0">
        <PROPERTIES>
          <ENMVALUE><![CDATA[]]></ENMVALUE>
          <DEFAULTVALUE><![CDATA[0]]></DEFAULTVALUE>
          <WIDGETPARAMDESC><![CDATA[显示时间]]></WIDGETPARAMDESC>
          <WIDGETPARAMTYPE>5</WIDGETPARAMTYPE>
          <CRTIME>2010-08-25 13:24:26</CRTIME>
          <WIDGETPARAMETERID>631</WIDGETPARAMETERID>
          <WIDGETID>95</WIDGETID>
          <CRUSER><![CDATA[admin]]></CRUSER>
          <WIDGETPARAMNAME><![CDATA[显示时间]]></WIDGETPARAMNAME>
          <CLASSID>0</CLASSID>
        </PROPERTIES>
      </XWCMWIDGETPARAMETER>
      <XWCMWIDGETPARAMETER Version="6.0">
        <PROPERTIES>
          <ENMVALUE><![CDATA[]]></ENMVALUE>
          <DEFAULTVALUE><![CDATA[]]></DEFAULTVALUE>
          <WIDGETPARAMDESC><![CDATA[时间格式]]></WIDGETPARAMDESC>
          <WIDGETPARAMTYPE>3</WIDGETPARAMTYPE>
          <CRTIME>2010-08-25 13:24:42</CRTIME>
          <WIDGETPARAMETERID>632</WIDGETPARAMETERID>
          <WIDGETID>95</WIDGETID>
          <CRUSER><![CDATA[admin]]></CRUSER>
          <WIDGETPARAMNAME><![CDATA[时间格式]]></WIDGETPARAMNAME>
          <CLASSID>0</CLASSID>
        </PROPERTIES>
      </XWCMWIDGETPARAMETER>
      <XWCMWIDGETPARAMETER Version="6.0">
        <PROPERTIES>
          <ENMVALUE><![CDATA[]]></ENMVALUE>
          <DEFAULTVALUE><![CDATA[0]]></DEFAULTVALUE>
          <WIDGETPARAMDESC><![CDATA[图片序号]]></WIDGETPARAMDESC>
          <WIDGETPARAMTYPE>19</WIDGETPARAMTYPE>
          <CRTIME>2010-08-25 13:25:13</CRTIME>
          <WIDGETPARAMETERID>633</WIDGETPARAMETERID>
          <WIDGETID>95</WIDGETID>
          <CRUSER><![CDATA[admin]]></CRUSER>
          <WIDGETPARAMNAME><![CDATA[图片序号]]></WIDGETPARAMNAME>
          <CLASSID>0</CLASSID>
        </PROPERTIES>
      </XWCMWIDGETPARAMETER>
      <XWCMWIDGETPARAMETER Version="6.0">
        <PROPERTIES>
          <ENMVALUE><![CDATA[]]></ENMVALUE>
          <DEFAULTVALUE><![CDATA[100]]></DEFAULTVALUE>
          <WIDGETPARAMDESC><![CDATA[图片宽度]]></WIDGETPARAMDESC>
          <WIDGETPARAMTYPE>19</WIDGETPARAMTYPE>
          <CRTIME>2010-08-25 13:47:26</CRTIME>
          <WIDGETPARAMETERID>634</WIDGETPARAMETERID>
          <WIDGETID>95</WIDGETID>
          <CRUSER><![CDATA[admin]]></CRUSER>
          <WIDGETPARAMNAME><![CDATA[图片宽度]]></WIDGETPARAMNAME>
          <CLASSID>0</CLASSID>
        </PROPERTIES>
      </XWCMWIDGETPARAMETER>
      <XWCMWIDGETPARAMETER Version="6.0">
        <PROPERTIES>
          <ENMVALUE><![CDATA[]]></ENMVALUE>
          <DEFAULTVALUE><![CDATA[70]]></DEFAULTVALUE>
          <WIDGETPARAMDESC><![CDATA[图片高度]]></WIDGETPARAMDESC>
          <WIDGETPARAMTYPE>19</WIDGETPARAMTYPE>
          <CRTIME>2010-08-25 13:47:58</CRTIME>
          <WIDGETPARAMETERID>635</WIDGETPARAMETERID>
          <WIDGETID>95</WIDGETID>
          <CRUSER><![CDATA[admin]]></CRUSER>
          <WIDGETPARAMNAME><![CDATA[图片高度]]></WIDGETPARAMNAME>
          <CLASSID>0</CLASSID>
        </PROPERTIES>
      </XWCMWIDGETPARAMETER>
    </XWCMWIDGETPARAMETERS>
  </XWCMWIDGET>
</XWCMWIDGETS>
