<?xml version="1.0" encoding="UTF-8"?>

<WCMDOCUMENTS>
  <WCMDOCUMENT Version="6.0">
    <PROPERTIES>
      <DOCID>486</DOCID>
      <DOCVERSION>0</DOCVERSION>
      <DOCTYPE>20</DOCTYPE>
      <DOCPUBTIME/>
      <CRUSER><![CDATA[admin]]></CRUSER>
      <CRTIME>2010-07-13 14:53:25</CRTIME>
      <DOCFLAG>0</DOCFLAG>
      <ATTRIBUTE><![CDATA[]]></ATTRIBUTE>
      <ATTACHPIC>1</ATTACHPIC>
      <DOCLINK><![CDATA[]]></DOCLINK>
      <DOCFILENAME><![CDATA[]]></DOCFILENAME>
      <DOCCHANNEL>108</DOCCHANNEL>
      <DOCTITLE><![CDATA[多伦多抗议活动升级]]></DOCTITLE>
      <DOCPEOPLE><![CDATA[]]></DOCPEOPLE>
      <DOCSOURCENAME><![CDATA[]]></DOCSOURCENAME>
      <DOCSTATUS>1</DOCSTATUS>
      <DOCCONTENT><![CDATA[     在加拿大多伦多举行G20峰会期间，反峰会的一些团体26日举行大规模游行示威抗议活动。在一些街道，多间银行和商铺店面受损，至少四辆警车被烧毁。]]></DOCCONTENT>
      <DOCHTMLCON><![CDATA[<div class=TRS_Editor><P>&nbsp;&nbsp;&nbsp;&nbsp; 在加拿大多伦多举行G20峰会期间，反峰会的一些团体26日举行大规模游行示威抗议活动。在一些街道，多间银行和商铺店面受损，至少四辆警车被烧毁。</P></div>]]></DOCHTMLCON>
      <DOCWORDSCOUNT>75</DOCWORDSCOUNT>
      <DOCABSTRACT><![CDATA[]]></DOCABSTRACT>
      <DOCKEYWORDS><![CDATA[]]></DOCKEYWORDS>
      <DOCAUTHOR><![CDATA[]]></DOCAUTHOR>
      <DOCRELTIME>2010-07-13 14:52:00</DOCRELTIME>
      <TITLECOLOR><![CDATA[]]></TITLECOLOR>
      <SUBDOCTITLE><![CDATA[]]></SUBDOCTITLE>
      <EDITOR><![CDATA[]]></EDITOR>
      <CHNLNAME><![CDATA[图片旋转数据]]></CHNLNAME>
    </PROPERTIES>
    <WCMAPPENDIXS>
      <WCMAPPENDIX Version="6.0">
        <PROPERTIES>
          <APPSERN>1</APPSERN>
          <APPDESC><![CDATA[1.jpg]]></APPDESC>
          <APPENDIXID>179</APPENDIXID>
          <APPFILETYPE>-1</APPFILETYPE>
          <APPFLAG>20</APPFLAG>
          <FILEEXT><![CDATA[jpg]]></FILEEXT>
          <APPLINKALT><![CDATA[]]></APPLINKALT>
          <CRTIME>2011-05-23 16:47:28</CRTIME>
          <SRCFILE><![CDATA[W020100816487433367728.jpg]]></SRCFILE>
          <CRUSER><![CDATA[yinyong]]></CRUSER>
          <USEDVERSIONS>3</USEDVERSIONS>
          <ISIMPORTTOIMAGELIB>0</ISIMPORTTOIMAGELIB>
          <APPDOCID>486</APPDOCID>
          <APPTIME/>
          <APPFILE><![CDATA[W020110523604489097722.jpg]]></APPFILE>
        </PROPERTIES>
      </WCMAPPENDIX>
    </WCMAPPENDIXS>
  </WCMDOCUMENT>
  <WCMDOCUMENT Version="6.0">
    <PROPERTIES>
      <DOCID>487</DOCID>
      <DOCVERSION>0</DOCVERSION>
      <DOCTYPE>20</DOCTYPE>
      <DOCPUBTIME/>
      <CRUSER><![CDATA[admin]]></CRUSER>
      <CRTIME>2010-07-13 14:52:01</CRTIME>
      <DOCFLAG>0</DOCFLAG>
      <ATTRIBUTE><![CDATA[]]></ATTRIBUTE>
      <ATTACHPIC>1</ATTACHPIC>
      <DOCLINK><![CDATA[]]></DOCLINK>
      <DOCFILENAME><![CDATA[]]></DOCFILENAME>
      <DOCCHANNEL>108</DOCCHANNEL>
      <DOCTITLE><![CDATA[胡锦涛同乌兹别克斯坦总统举行会谈]]></DOCTITLE>
      <DOCPEOPLE><![CDATA[]]></DOCPEOPLE>
      <DOCSOURCENAME><![CDATA[]]></DOCSOURCENAME>
      <DOCSTATUS>1</DOCSTATUS>
      <DOCCONTENT><![CDATA[
　　　资料图片 2009年12月13日，国家主席胡锦涛在土库曼斯坦首都阿什哈巴德会见乌兹别克斯坦总统卡里莫夫。新华社记者饶爱民摄


新华网快讯：中国国家主席胡锦涛9日在塔什干同乌兹别克斯坦总统卡里莫夫举行会谈，就中乌关系发展现状、前景及其他共同关心的国际和地区问题交换意见。]]></DOCCONTENT>
      <DOCHTMLCON><![CDATA[<div class=TRS_Editor><DIV class=cas_content>
<DIV align=center><IMG style="BORDER-RIGHT: #000 1px solid; BORDER-TOP: #000 1px solid; BORDER-LEFT: #000 1px solid; BORDER-BOTTOM: #000 1px solid" alt=胡锦涛同乌兹别克斯坦总统举行会谈 src="W020110523604489095221.jpg" border=1 _fcksavedurl="http://i3.sinaimg.cn/dy/c/2010-06-09/U3938P1T1D20444846F21DT20100609200742.jpg" OLDSRC="W020110523604489095221.jpg" /></DIV>
<DIV align=center>
<DIV align=left>　　　资料图片 2009年12月13日，国家主席胡锦涛在土库曼斯坦首都阿什哈巴德会见乌兹别克斯坦总统卡里莫夫。新华社记者饶爱民摄</DIV></DIV><BR>
<P>新华网快讯：中国国家主席胡锦涛9日在塔什干同乌兹别克斯坦总统卡里莫夫举行会谈，就中乌关系发展现状、前景及其他共同关心的国际和地区问题交换意见。</P></DIV></div>]]></DOCHTMLCON>
      <DOCWORDSCOUNT>139</DOCWORDSCOUNT>
      <DOCABSTRACT><![CDATA[]]></DOCABSTRACT>
      <DOCKEYWORDS><![CDATA[]]></DOCKEYWORDS>
      <DOCAUTHOR><![CDATA[]]></DOCAUTHOR>
      <DOCRELTIME>2010-07-13 14:51:00</DOCRELTIME>
      <TITLECOLOR><![CDATA[]]></TITLECOLOR>
      <SUBDOCTITLE><![CDATA[]]></SUBDOCTITLE>
      <EDITOR><![CDATA[]]></EDITOR>
      <CHNLNAME><![CDATA[图片旋转数据]]></CHNLNAME>
    </PROPERTIES>
    <WCMAPPENDIXS>
      <WCMAPPENDIX Version="6.0">
        <PROPERTIES>
          <APPSERN>1</APPSERN>
          <APPDESC><![CDATA[1.jpg]]></APPDESC>
          <APPENDIXID>180</APPENDIXID>
          <APPFILETYPE>-1</APPFILETYPE>
          <APPFLAG>20</APPFLAG>
          <FILEEXT><![CDATA[jpg]]></FILEEXT>
          <APPLINKALT><![CDATA[]]></APPLINKALT>
          <CRTIME>2011-05-23 16:47:28</CRTIME>
          <SRCFILE><![CDATA[W020100816487433206553.jpg]]></SRCFILE>
          <CRUSER><![CDATA[yinyong]]></CRUSER>
          <USEDVERSIONS>3</USEDVERSIONS>
          <ISIMPORTTOIMAGELIB>0</ISIMPORTTOIMAGELIB>
          <APPDOCID>487</APPDOCID>
          <APPTIME/>
          <APPFILE><![CDATA[W020110523604489247757.jpg]]></APPFILE>
        </PROPERTIES>
      </WCMAPPENDIX>
    </WCMAPPENDIXS>
  </WCMDOCUMENT>
  <WCMDOCUMENT Version="6.0">
    <PROPERTIES>
      <DOCID>488</DOCID>
      <DOCVERSION>0</DOCVERSION>
      <DOCTYPE>20</DOCTYPE>
      <DOCPUBTIME/>
      <CRUSER><![CDATA[admin]]></CRUSER>
      <CRTIME>2010-07-13 14:50:12</CRTIME>
      <DOCFLAG>0</DOCFLAG>
      <ATTRIBUTE><![CDATA[]]></ATTRIBUTE>
      <ATTACHPIC>1</ATTACHPIC>
      <DOCLINK><![CDATA[]]></DOCLINK>
      <DOCFILENAME><![CDATA[]]></DOCFILENAME>
      <DOCCHANNEL>108</DOCCHANNEL>
      <DOCTITLE><![CDATA[胡锦涛在加拿大总督举行的欢迎仪式上致辞]]></DOCTITLE>
      <DOCPEOPLE><![CDATA[]]></DOCPEOPLE>
      <DOCSOURCENAME><![CDATA[]]></DOCSOURCENAME>
      <DOCSTATUS>2</DOCSTATUS>
      <DOCCONTENT><![CDATA[
　　米夏埃尔·让在欢迎仪式上发表热情的欢迎辞后，向胡锦涛伸出手表示欢迎。中新社发张朔 摄



胡锦涛在欢迎仪式上致辞。中新社发张朔


　　中新网渥太华6月24日电 题：加拿大总督引中国成语欢迎胡锦涛
　　中新社记者 张朔
　　“中国有句成语：千里之行，始于足下。让我高兴的是，我正是在您的面前迈出了这第一步。”
　　当地时间24日上午，加拿大总督米夏埃尔·让夫妇在总督府内举行仪式，欢迎中国国家主席胡锦涛时隔5 年再次踏访加拿大。不久后将赴华访问的米夏埃尔·让在欢迎仪式上致辞时，引中国成语表达心情。
　　米夏埃尔·让对胡锦涛在出席20国集团峰会之际来总督府做客感到十分高兴，希望胡锦涛这次故地重游就像回到自己家一样。今年正值中加建交40周年，胡锦涛此时来访更具特殊意义。
　　“几天之后，我的丈夫、女儿和我，还有一个充满活力的加拿大代表团，将踏上与您相反方向的旅途。我们将满怀喜悦之情去贵国访问。这将是我和我的家人第一次访问中国。”
　　米夏埃尔·让说，她即将去发现的世界上最古老的文明之一和她友善的人民，正崛起在世界之林。而这两次互访将进一步推动中加两国交流，表明中加两国源远流长的友谊长盛不衰。
　　说完，米夏埃尔·让再次向胡锦涛伸出手表示欢迎。随后，在掌声中，胡锦涛也即席发表简短讲话。
　　胡锦涛说，中国与加拿大虽然隔洋相望，但两国人民的友谊源远流长。从19世纪中叶开始，中国人就来到加拿大，参与加拿大的开发和建设。第二次世界大战期间，加拿大人民的优秀儿子白求恩大夫不远万里到了中国，为支持中国人民抗击法西斯侵略者献出宝贵生命，成为中加友谊的永恒象征。
　　胡锦涛说，40年来，中加关系的发展给两国人民带来实实在在的利益，给亚太地区乃至世界的和平、稳定、繁荣作出重要贡献。中国愿同加方一道，本着相互尊重、平等互利、共同发展的原则，加强交流和合作，增进了解和信任，推动中加战略伙伴关系不断向前发展。
　　“我相信，在双方共同努力下，中加友好合作一定会不断取得新的丰硕成果，更好地造福两国人民和各国人民。”
　　在结束致辞时，胡锦涛微笑表示，“我要热情地欢迎米夏埃尔？让总督和你们全家即将对中国进行的访问。”]]></DOCCONTENT>
      <DOCHTMLCON><![CDATA[<div class=TRS_Editor><DIV class=cas_content>
<DIV align=center><IMG style="BORDER-RIGHT: #000 1px solid; BORDER-TOP: #000 1px solid; BORDER-LEFT: #000 1px solid; BORDER-BOTTOM: #000 1px solid" alt=加拿大总督引用中国成语欢迎胡锦涛 src="W020110523604489241672.jpg" border=1 OLDSRC="W020110523604489241672.jpg" _fcksavedurl="/webpic/W0201007/W020100713/W020100713534127771321.jpg" /></DIV>
<DIV align=center>
<DIV align=left>　　米夏埃尔·让在欢迎仪式上发表热情的欢迎辞后，向胡锦涛伸出手表示欢迎。中新社发张朔 摄</DIV></DIV><BR>
<DIV align=center><IMG style="BORDER-RIGHT: #000 1px solid; BORDER-TOP: #000 1px solid; BORDER-LEFT: #000 1px solid; BORDER-BOTTOM: #000 1px solid" alt=加拿大总督引用中国成语欢迎胡锦涛 src="W020110523604489249841.jpg" border=1 OLDSRC="W020110523604489249841.jpg" _fcksavedurl="/webpic/W0201007/W020100713/W020100713534139492762.jpg" /></DIV>
<DIV align=center>胡锦涛在欢迎仪式上致辞。中新社发张朔</DIV><BR>
<P>　　中新网渥太华6月24日电 题：加拿大总督引中国成语欢迎胡锦涛</P>
<P>　　中新社记者 张朔</P><!--{PS..0}--><!--{PS..1}-->
<P>　　“中国有句成语：千里之行，始于足下。让我高兴的是，我正是在您的面前迈出了这第一步。”</P>
<P>　　当地时间24日上午，加拿大总督米夏埃尔·让夫妇在总督府内举行仪式，欢迎中国国家主席胡锦涛时隔5 年再次踏访加拿大。不久后将赴华访问的米夏埃尔·让在欢迎仪式上致辞时，引中国成语表达心情。</P>
<P>　　米夏埃尔·让对胡锦涛在出席20国集团峰会之际来总督府做客感到十分高兴，希望胡锦涛这次故地重游就像回到自己家一样。今年正值中加建交40周年，胡锦涛此时来访更具特殊意义。</P>
<P>　　“几天之后，我的丈夫、女儿和我，还有一个充满活力的加拿大代表团，将踏上与您相反方向的旅途。我们将满怀喜悦之情去贵国访问。这将是我和我的家人第一次访问中国。”</P>
<P>　　米夏埃尔·让说，她即将去发现的世界上最古老的文明之一和她友善的人民，正崛起在世界之林。而这两次互访将进一步推动中加两国交流，表明中加两国源远流长的友谊长盛不衰。</P>
<P>　　说完，米夏埃尔·让再次向胡锦涛伸出手表示欢迎。随后，在掌声中，胡锦涛也即席发表简短讲话。</P>
<P>　　胡锦涛说，中国与加拿大虽然隔洋相望，但两国人民的友谊源远流长。从19世纪中叶开始，中国人就来到加拿大，参与加拿大的开发和建设。第二次世界大战期间，加拿大人民的优秀儿子白求恩大夫不远万里到了中国，为支持中国人民抗击法西斯侵略者献出宝贵生命，成为中加友谊的永恒象征。</P>
<P>　　胡锦涛说，40年来，中加关系的发展给两国人民带来实实在在的利益，给亚太地区乃至世界的和平、稳定、繁荣作出重要贡献。中国愿同加方一道，本着相互尊重、平等互利、共同发展的原则，加强交流和合作，增进了解和信任，推动中加战略伙伴关系不断向前发展。</P>
<P>　　“我相信，在双方共同努力下，中加友好合作一定会不断取得新的丰硕成果，更好地造福两国人民和各国人民。”</P>
<P>　　在结束致辞时，胡锦涛微笑表示，“我要热情地欢迎米夏埃尔？让总督和你们全家即将对中国进行的访问。”</P></DIV></div>]]></DOCHTMLCON>
      <DOCWORDSCOUNT>910</DOCWORDSCOUNT>
      <DOCABSTRACT><![CDATA[]]></DOCABSTRACT>
      <DOCKEYWORDS><![CDATA[]]></DOCKEYWORDS>
      <DOCAUTHOR><![CDATA[]]></DOCAUTHOR>
      <DOCRELTIME>2010-07-13 14:49:00</DOCRELTIME>
      <TITLECOLOR><![CDATA[]]></TITLECOLOR>
      <SUBDOCTITLE><![CDATA[]]></SUBDOCTITLE>
      <EDITOR><![CDATA[]]></EDITOR>
      <CHNLNAME><![CDATA[图片旋转数据]]></CHNLNAME>
    </PROPERTIES>
    <WCMAPPENDIXS>
      <WCMAPPENDIX Version="6.0">
        <PROPERTIES>
          <APPSERN>1</APPSERN>
          <APPDESC><![CDATA[1.jpg]]></APPDESC>
          <APPENDIXID>181</APPENDIXID>
          <APPFILETYPE>-1</APPFILETYPE>
          <APPFLAG>20</APPFLAG>
          <FILEEXT><![CDATA[jpg]]></FILEEXT>
          <APPLINKALT><![CDATA[]]></APPLINKALT>
          <CRTIME>2011-05-23 16:47:28</CRTIME>
          <SRCFILE><![CDATA[W020100816487432738636.jpg]]></SRCFILE>
          <CRUSER><![CDATA[yinyong]]></CRUSER>
          <USEDVERSIONS>3</USEDVERSIONS>
          <ISIMPORTTOIMAGELIB>0</ISIMPORTTOIMAGELIB>
          <APPDOCID>488</APPDOCID>
          <APPTIME/>
          <APPFILE><![CDATA[W020110523604489407939.jpg]]></APPFILE>
        </PROPERTIES>
      </WCMAPPENDIX>
    </WCMAPPENDIXS>
  </WCMDOCUMENT>
  <WCMDOCUMENT Version="6.0">
    <PROPERTIES>
      <DOCID>489</DOCID>
      <DOCVERSION>0</DOCVERSION>
      <DOCTYPE>20</DOCTYPE>
      <DOCPUBTIME/>
      <CRUSER><![CDATA[admin]]></CRUSER>
      <CRTIME>2010-07-13 14:49:04</CRTIME>
      <DOCFLAG>0</DOCFLAG>
      <ATTRIBUTE><![CDATA[]]></ATTRIBUTE>
      <ATTACHPIC>1</ATTACHPIC>
      <DOCLINK><![CDATA[]]></DOCLINK>
      <DOCFILENAME><![CDATA[]]></DOCFILENAME>
      <DOCCHANNEL>108</DOCCHANNEL>
      <DOCTITLE><![CDATA[胡锦涛出席G20峰会]]></DOCTITLE>
      <DOCPEOPLE><![CDATA[]]></DOCPEOPLE>
      <DOCSOURCENAME><![CDATA[]]></DOCSOURCENAME>
      <DOCSTATUS>2</DOCSTATUS>
      <DOCCONTENT><![CDATA[ 

　　6月27日，二十国集团领导人第四次峰会在加拿大多伦多举行，中国国家主席胡锦涛出席峰会。 新华社记者 樊如钧 摄


　　新华网多伦多6月27日电（记者陈鹤高 刘东凯）二十国集团领导人第四次峰会27日在加拿大多伦多举行，国家主席胡锦涛出席峰会并发表题为《同心协力 共创未来》的重要讲话。胡锦涛强调指出，要深刻认识国际金融危机深层次影响的严重性和复杂性，继续发扬同舟共济、合作共赢的精神，推动二十国集团机制化建设，加快建设公平、公正、包容、有序的国际金融新秩序，促进建设开放自由的全球贸易体制，提高发展中国家自我发展能力，推动世界经济尽早进入强劲、可持续、平衡增长。
　　这次峰会在多伦多会议中心举行，会议主要讨论世界经济形势，欧洲主权债务危机，强劲、可持续、平衡增长框架，国际金融机构改革，国际贸易和金融监管等问题。
　　当地时间上午9时20分许，峰会开始。加拿大总理哈珀主持会议。与会领导人围绕会议议题发言。
　　胡锦涛在讲话中指出，在二十国集团成员和国际社会共同努力下，世界经济正在逐步复苏，但复苏基础不牢固、进程不平衡，存在较大不确定性。国际金融危机深层次影响尚未消除，世界经济系统性和结构性风险仍十分突出。为推动世界经济尽早实现强劲、可持续、平衡增长，胡锦涛提出3点建议。
　　第一，推动二十国集团从应对国际金融危机的有效机制转向促进国际经济合作的主要平台。要加强二十国集团成员宏观经济政策协调，本着循序渐进、互利共赢的原则推进二十国集团机制化建设，处理好二十国集团机制同其他国际组织和多边机制的关系，确保二十国集团在促进国际经济合作和全球经济治理中发挥核心作用。
　　第二，加快建立公平、公正、包容、有序的国际金融新秩序。要本着简单易行、便于问责的原则推进国际金融监管改革，建立有利于实体经济发展的国际金融体系，着力加强对系统重要性金融机构和信用评级机构的监管，继续推进国际金融机构改革，加快完成国际货币基金组织份额调整，加强国际货币基金组织能力建设和监督改革，加强对各方特别是主要储备货币发行经济体宏观经济政策的监督。
　　第三，促进建设开放自由的全球贸易体制。要以实际行动反对各种形式的保护主义，坚决倡导和支持自由贸易，继续承诺并严格执行不对商品、投资、服务设置新的限制措施，推动多哈回合谈判取得全面、均衡的成果。
　　胡锦涛强调，确保强劲增长是当前世界经济发展的首要任务，可持续增长是长期目标，通过转变经济发展方式实现平衡增长是客观要求，我们要牢牢把握三者之间的有机统一。同时，我们既要持之以恒、坚定推进，也要照顾到不同国家国情，尊重各国发展道路和发展模式的多样性。
　　胡锦涛指出，中国在推动经济发展过程中始终努力推进经济强劲增长。国际金融危机发生以来，中国全面实施并不断丰富完善应对国际金融危机冲击的一揽子计划和政策措施，为地区和世界经济复苏作出了自己的贡献。中方愿同各方相互借鉴、取长补短、平等合作、共同发展，推动世界经济形成更加合理的产业分工结构、更加均衡的金融贸易结构、更加科学的资源配置结构、更加公平的利益共享结构，实现世界经济持续协调发展。
　　胡锦涛强调，要真正实现世界经济长期持续增长，必须帮助广大发展中国家实现充分发展，缩小南北发展差距。二十国集团有责任在发展问题上采取更多实际行动，保障发展资源，完善发展机制，促进发展合作，确保如期实现联合国千年发展目标。中国将在南南合作框架内继续向发展中国家提供力所能及的援助，尽力帮助发展中国家实现发展。
　　会议通过了领导人声明。
　　会议期间，胡锦涛参加与会领导人集体合影并简短会见出席二十国集团青年峰会的中国青年代表。
　　中午，胡锦涛出席了领导人工作午宴。
　　王岐山等出席会议。
　　26日晚，胡锦涛出席了二十国集团领导人峰会欢迎招待会和工作晚宴。]]></DOCCONTENT>
      <DOCHTMLCON><![CDATA[<div class=TRS_Editor><DIV class=cas_content>
<P>&nbsp;</P>
<DIV id=artibody>
<DIV align=center><IMG style="BORDER-RIGHT: #000 1px solid; BORDER-TOP: #000 1px solid; BORDER-LEFT: #000 1px solid; BORDER-BOTTOM: #000 1px solid" alt=二十国集团领导人第四次峰会在多伦多举行 src="W020110523604489405634.jpeg" border=1 OLDSRC="W020110523604489405634.jpeg" _fcksavedurl="/webpic/W0201007/W020100713/W020100713533448244710.jpeg" /></DIV>
<DIV align=center>
<DIV align=left>　　6月27日，二十国集团领导人第四次峰会在加拿大多伦多举行，中国国家主席胡锦涛出席峰会。 新华社记者 樊如钧 摄</DIV></DIV><BR>
<P>　　新华网多伦多6月27日电（记者陈鹤高 刘东凯）二十国集团领导人第四次峰会27日在加拿大多伦多举行，国家主席胡锦涛出席峰会并发表题为《同心协力 共创未来》的重要讲话。胡锦涛强调指出，要深刻认识国际金融危机深层次影响的严重性和复杂性，继续发扬同舟共济、合作共赢的精神，推动二十国集团机制化建设，加快建设公平、公正、包容、有序的国际金融新秩序，促进建设开放自由的全球贸易体制，提高发展中国家自我发展能力，推动世界经济尽早进入强劲、可持续、平衡增长。</P>
<P>　　这次峰会在多伦多会议中心举行，会议主要讨论世界经济形势，欧洲主权债务危机，强劲、可持续、平衡增长框架，国际金融机构改革，国际贸易和金融监管等问题。</P>
<P>　　当地时间上午9时20分许，峰会开始。加拿大总理哈珀主持会议。与会领导人围绕会议议题发言。</P>
<P>　　胡锦涛在讲话中指出，在二十国集团成员和国际社会共同努力下，世界经济正在逐步复苏，但复苏基础不牢固、进程不平衡，存在较大不确定性。国际金融危机深层次影响尚未消除，世界经济系统性和结构性风险仍十分突出。为推动世界经济尽早实现强劲、可持续、平衡增长，胡锦涛提出3点建议。</P>
<P>　　第一，推动二十国集团从应对国际金融危机的有效机制转向促进国际经济合作的主要平台。要加强二十国集团成员宏观经济政策协调，本着循序渐进、互利共赢的原则推进二十国集团机制化建设，处理好二十国集团机制同其他国际组织和多边机制的关系，确保二十国集团在促进国际经济合作和全球经济治理中发挥核心作用。</P>
<P>　　第二，加快建立公平、公正、包容、有序的国际金融新秩序。要本着简单易行、便于问责的原则推进国际金融监管改革，建立有利于实体经济发展的国际金融体系，着力加强对系统重要性金融机构和信用评级机构的监管，继续推进国际金融机构改革，加快完成国际货币基金组织份额调整，加强国际货币基金组织能力建设和监督改革，加强对各方特别是主要储备货币发行经济体宏观经济政策的监督。</P>
<P>　　第三，促进建设开放自由的全球贸易体制。要以实际行动反对各种形式的保护主义，坚决倡导和支持自由贸易，继续承诺并严格执行不对商品、投资、服务设置新的限制措施，推动多哈回合谈判取得全面、均衡的成果。</P>
<P>　　胡锦涛强调，确保强劲增长是当前世界经济发展的首要任务，可持续增长是长期目标，通过转变经济发展方式实现平衡增长是客观要求，我们要牢牢把握三者之间的有机统一。同时，我们既要持之以恒、坚定推进，也要照顾到不同国家国情，尊重各国发展道路和发展模式的多样性。</P>
<P>　　胡锦涛指出，中国在推动经济发展过程中始终努力推进经济强劲增长。国际金融危机发生以来，中国全面实施并不断丰富完善应对国际金融危机冲击的一揽子计划和政策措施，为地区和世界经济复苏作出了自己的贡献。中方愿同各方相互借鉴、取长补短、平等合作、共同发展，推动世界经济形成更加合理的产业分工结构、更加均衡的金融贸易结构、更加科学的资源配置结构、更加公平的利益共享结构，实现世界经济持续协调发展。</P>
<P>　　胡锦涛强调，要真正实现世界经济长期持续增长，必须帮助广大发展中国家实现充分发展，缩小南北发展差距。二十国集团有责任在发展问题上采取更多实际行动，保障发展资源，完善发展机制，促进发展合作，确保如期实现联合国千年发展目标。中国将在南南合作框架内继续向发展中国家提供力所能及的援助，尽力帮助发展中国家实现发展。</P>
<P>　　会议通过了领导人声明。</P>
<P>　　会议期间，胡锦涛参加与会领导人集体合影并简短会见出席二十国集团青年峰会的中国青年代表。</P>
<P>　　中午，胡锦涛出席了领导人工作午宴。</P>
<P>　　王岐山等出席会议。</P>
<P>　　26日晚，胡锦涛出席了二十国集团领导人峰会欢迎招待会和工作晚宴。</P></DIV></DIV></div>]]></DOCHTMLCON>
      <DOCWORDSCOUNT>1571</DOCWORDSCOUNT>
      <DOCABSTRACT><![CDATA[]]></DOCABSTRACT>
      <DOCKEYWORDS><![CDATA[]]></DOCKEYWORDS>
      <DOCAUTHOR><![CDATA[]]></DOCAUTHOR>
      <DOCRELTIME>2010-07-13 14:47:00</DOCRELTIME>
      <TITLECOLOR><![CDATA[]]></TITLECOLOR>
      <SUBDOCTITLE><![CDATA[]]></SUBDOCTITLE>
      <EDITOR><![CDATA[]]></EDITOR>
      <CHNLNAME><![CDATA[图片旋转数据]]></CHNLNAME>
    </PROPERTIES>
    <WCMAPPENDIXS>
      <WCMAPPENDIX Version="6.0">
        <PROPERTIES>
          <APPSERN>1</APPSERN>
          <APPDESC><![CDATA[1.jpg]]></APPDESC>
          <APPENDIXID>182</APPENDIXID>
          <APPFILETYPE>-1</APPFILETYPE>
          <APPFLAG>20</APPFLAG>
          <FILEEXT><![CDATA[jpg]]></FILEEXT>
          <APPLINKALT><![CDATA[]]></APPLINKALT>
          <CRTIME>2011-05-23 16:47:28</CRTIME>
          <SRCFILE><![CDATA[W020100816487432424720.jpg]]></SRCFILE>
          <CRUSER><![CDATA[yinyong]]></CRUSER>
          <USEDVERSIONS>3</USEDVERSIONS>
          <ISIMPORTTOIMAGELIB>0</ISIMPORTTOIMAGELIB>
          <APPDOCID>489</APPDOCID>
          <APPTIME/>
          <APPFILE><![CDATA[W020110523604489567272.jpg]]></APPFILE>
        </PROPERTIES>
      </WCMAPPENDIX>
    </WCMAPPENDIXS>
  </WCMDOCUMENT>
</WCMDOCUMENTS>
