<?xml version="1.0" encoding="utf-8" ?>
<cs>
<iversion>1.0</iversion>
<appstoreurl><![CDATA[itms-apps://itunes.apple.com/app/sandman/id388887746?mt=8&uo=4]]></appstoreurl>
<wouid>1809928591</wouid>
<wuid>2699375257</wuid>
<wtoken>2.00boSgwCIj_VMDc96aa2743cfQW7UD</wtoken>
<wexp>1340360057406</wexp>
<apkurl>http://www.mfa.gov.cn/chn/wjb.ipa</apkurl>
<tokenurl4iphone>http://wcm6.trs.cn/push4iphone/registertoken.jsp</tokenurl4iphone>
<searchurl>http://wcm.fmprc.gov.cn/mobilesearch/mobilesearch4ipad.jsp</searchurl>
<updateurl></updateurl>
<wbappkey>1823809246</wbappkey>
<wbcallback>http://wcm6.trs.cn/wcm/app/scm/sina_authorized.jsp</wbcallback>
<wbappsecret>e4650d05d0d29c34b4aa5d509f838135</wbappsecret> 
<notifylpturl><TRS_Channel id="消息推送" Field="_RecUrl" UrlIsAbs="true" TemplateName="消息推送最新时间"/></notifylpturl>
<notifyurl><TRS_Channel id="消息推送" Field="_RecUrl" UrlIsAbs="true" TemplateName="消息推送" ONLYTEMPLATENAME="TRUE"/></notifyurl>
<appname>TRS移动门户</appname>
<copyright>©2012</copyright>
<compinfo>北京拓尔思信息技术股份有限公司保留所有权利</compinfo>
</cs>