<?xml version="1.0" encoding="utf-8" ?>
<ds>
<TRS_Channels id="owner">
	<TRS_DOCUMENTS id="OWNER" pagesize="1" num="1" startpos="0" automore="FALSE">
		<TRS_CONDITION CONDITION="@DOCABSTRACT" OPERATOR="blank">
		<d id="<TRS_DOCUMENT Field='DocId' />" n="<TRS_Channel Field='chnldesc' autolink='false' Num='500' AUTOFORMAT='true' AUTOFORMATTYPE='xml' />" ab="<TRS_DOCUMENT Field='DOCCONTENT' Num='500' AUTOFORMAT='true' AUTOFORMATTYPE='xml' />" au="<TRS_DOCUMENT Field='DocAuthor' />" rt="<TRS_DOCUMENT Field='crtime' DATEFORMAT="yyyy-MM-dd" />" ic="<TRS_CONTIMG INDEX='1' FirstFrom="content" Field='url' UrlIsAbs='true' />" url="<TRS_DOCUMENT Field='_RecURL' UrlIsAbs='true' />" cid="<TRS_Channel Field='channelid' />" curl="<TRS_Channel Field='_RecURL' URLIsAbs='true' />"></d>
		</TRS_CONDITION>

		<TRS_CONDITION CONDITION="@DOCABSTRACT" OPERATOR="blank" NOT="TRUE">
		<d id="<TRS_DOCUMENT Field='DocId' />" n="<TRS_Channel Field='chnldesc' autolink='false' Num='500' AUTOFORMAT='true' AUTOFORMATTYPE='xml' />" ab="<TRS_DOCUMENT Field='DocAbstract' Num='500' AUTOFORMAT='true' AUTOFORMATTYPE='xml' />" au="<TRS_DOCUMENT Field='DocAuthor' />" rt="<TRS_DOCUMENT Field='crtime' DATEFORMAT="yyyy-MM-dd" />" ic="<TRS_CONTIMG INDEX='1' FirstFrom="content" Field='url' UrlIsAbs='true' />" url="<TRS_DOCUMENT Field='_RecURL' UrlIsAbs='true' />" cid="<TRS_Channel Field='channelid' />" curl="<TRS_Channel Field='_RecURL' URLIsAbs='true' />"></d>
		</TRS_CONDITION>
	</TRS_DOCUMENTS>
</TRS_Channels>
</ds>