<?xml version="1.0" encoding="utf-8" ?>
<ds>
<TRS_DOCUMENTS id="OWNER" pagesize="24" num="100" startpos="0" automore="FALSE">
	<!-- [<TRS_DOCUMENT Field='DocAbstract' Num='500' AUTOFORMAT='true' AUTOFORMATTYPE='xml' />] -->
	<TRS_CONDITION CONDITION="@DOCABSTRACT" OPERATOR="blank">
    <!-- true -->
	<d id="<TRS_DOCUMENT Field='DocId' />" n="<TRS_DOCUMENT Field='DocTitle' autolink='false' autocolor='false' CODEFILTERED='true' Num='500' AUTOFORMAT='true' AUTOFORMATTYPE='xml'/>" ab="<TRS_DOCUMENT Field='DOCCONTENT' Num='500' AUTOFORMAT='true' AUTOFORMATTYPE='xml' />" au="<TRS_DOCUMENT Field='DocAuthor' />" rt="<TRS_DOCUMENT Field='crtime' DATEFORMAT="yyyy-MM-dd" />" ic="<TRS_CONTIMG INDEX='1' FirstFrom="appendix" Field='url' UrlIsAbs='true' />" url="<TRS_DOCUMENT Field='_RecURL' UrlIsAbs='true' />"></d>
	</TRS_CONDITION>

	<TRS_CONDITION CONDITION="@DOCABSTRACT" OPERATOR="blank" NOT="TRUE">
    <d id="<TRS_DOCUMENT Field='DocId' />" n="<TRS_DOCUMENT Field='DocTitle' autolink='false' autocolor='false' CODEFILTERED='true' Num='500' AUTOFORMAT='true' AUTOFORMATTYPE='xml'/>" ab="<TRS_DOCUMENT Field='DocAbstract' Num='500' AUTOFORMAT='true' AUTOFORMATTYPE='xml' />" au="<TRS_DOCUMENT Field='DocAuthor' />" rt="<TRS_DOCUMENT Field='crtime' DATEFORMAT="yyyy-MM-dd" />" ic="<TRS_CONTIMG INDEX='1' FirstFrom="appendix" Field='url' UrlIsAbs='true' />" url="<TRS_DOCUMENT Field='_RecURL' UrlIsAbs='true' />"></d>
	</TRS_CONDITION>
</TRS_DOCUMENTS>
</ds>