﻿<?xml version="1.0" encoding="UTF-8"?>
<!-- edited with XMLSPY v2004 rel. 2 U (http://www.xmlspy.com) by gronlet (trs) -->
<REFERENCE Version="5.2">
	<WCMDOCTYPES>
		<WCMDOCTYPE>
			<DOCTYPEID>10</DOCTYPEID>
			<DNAME><![CDATA[纯文本]]></DNAME>
			<ICONPATH><![CDATA[viewer/images/document_text.gif]]></ICONPATH>
		</WCMDOCTYPE>
		<WCMDOCTYPE>
			<DOCTYPEID>20</DOCTYPEID>
			<DNAME><![CDATA[HTML文档]]></DNAME>
			<ICONPATH><![CDATA[viewer/images/document_html.gif]]></ICONPATH>
		</WCMDOCTYPE>
		<WCMDOCTYPE>
			<DOCTYPEID>30</DOCTYPEID>
			<DNAME><![CDATA[链接文档]]></DNAME>
			<ICONPATH><![CDATA[viewer/images/document_link.gif]]></ICONPATH>
		</WCMDOCTYPE>
		<WCMDOCTYPE>
			<DOCTYPEID>40</DOCTYPEID>
			<DNAME><![CDATA[外部文档]]></DNAME>
			<ICONPATH><![CDATA[viewer/images/document_file.gif]]></ICONPATH>
		</WCMDOCTYPE>
		<WCMDOCTYPE>
			<DOCTYPEID>-1</DOCTYPEID>
			<DNAME><![CDATA[未知类型文档]]></DNAME>
			<ICONPATH><![CDATA[viewer/images/document_unknown.gif]]></ICONPATH>
		</WCMDOCTYPE>
	</WCMDOCTYPES>
</REFERENCE>
