<?xml version="1.0" encoding="UTF-8"?>

<WCMWEBSITES>
  <WCMWEBSITE Version="6.0">
    <PROPERTIES>
      <LASTMODIFYTIME>2013-03-28 22:18:31</LASTMODIFYTIME>
      <DATAPATH><![CDATA[specialdata]]></DATAPATH>
      <STATUS>0</STATUS>
      <SITENAME><![CDATA[专题演示数据]]></SITENAME>
      <CRTIME>2013-03-26 12:22:50</CRTIME>
      <OPERTIME/>
      <PARENTID>0</PARENTID>
      <ATTRIBUTE><![CDATA[PUBLISHLIMIT=&PUBSTARTDATE=]]></ATTRIBUTE>
      <SITEORDER>1</SITEORDER>
      <CRUSER><![CDATA[admin]]></CRUSER>
      <ISMOBILE>0</ISMOBILE>
      <SITEDESC><![CDATA[专题演示数据]]></SITEDESC>
      <PUBLISHPRO>1</PUBLISHPRO>
      <SCHEDULE>0</SCHEDULE>
      <SITEID>4</SITEID>
      <SITETYPE>0</SITETYPE>
    </PROPERTIES>
    <WCMTEMPLATEEMPLOYS/>
    <WCMFOLDERPUBLISHCONFIGS>
      <WCMFOLDERPUBLISHCONFIG Version="6.0">
        <PROPERTIES>
          <FOLDERPUBLISHCONFIGID>58</FOLDERPUBLISHCONFIGID>
          <FOLDERID>4</FOLDERID>
          <DATAPATH><![CDATA[specialdata]]></DATAPATH>
          <SITELANGUAGE>8</SITELANGUAGE>
          <ROOTDOMAIN><![CDATA[http://192.168.3.118:8989/pub/specialdata]]></ROOTDOMAIN>
          <PAGEENCODING><![CDATA[UTF-8]]></PAGEENCODING>
          <CRTIME>2013-03-26 12:22:50</CRTIME>
          <CRUSER><![CDATA[yinyong]]></CRUSER>
          <FOLDERTYPE>103</FOLDERTYPE>
        </PROPERTIES>
      </WCMFOLDERPUBLISHCONFIG>
    </WCMFOLDERPUBLISHCONFIGS>
    <WCMPUBSTATUSCONFIGS>
      <WCMPUBSTATUSCONFIG Version="6.0">
        <PROPERTIES>
          <STATUSIDAFTERMODIFY>1</STATUSIDAFTERMODIFY>
          <STATUSESCANDOPUB><![CDATA[18,16,10,2,1]]></STATUSESCANDOPUB>
          <CRUSER><![CDATA[yinyong]]></CRUSER>
          <FOLDERID>4</FOLDERID>
          <FOLDERTYPE>103</FOLDERTYPE>
          <WCMPUBSTATUSCONFIGID>4</WCMPUBSTATUSCONFIGID>
          <CRTIME>2013-03-26 12:22:59</CRTIME>
        </PROPERTIES>
      </WCMPUBSTATUSCONFIG>
    </WCMPUBSTATUSCONFIGS>
    <WCMCHANNELS>
      <WCMCHANNEL Version="6.0">
        <PROPERTIES>
          <ISCONTAINSCHILDREN>0</ISCONTAINSCHILDREN>
          <CHNLPROP>4</CHNLPROP>
          <TOOLBAR/>
          <CHNLTYPE>0</CHNLTYPE>
          <CHNLOUTLINETEMP>0</CHNLOUTLINETEMP>
          <CHNLORDER>82</CHNLORDER>
          <SITEID>4</SITEID>
          <STATUS>0</STATUS>
          <ATTRIBUTE><![CDATA[PUBLISHLIMIT=&PUBSTARTDATE=]]></ATTRIBUTE>
          <PARENTID>0</PARENTID>
          <PUBLISHPRO>1</PUBLISHPRO>
          <CHNLDETAILTEMP>0</CHNLDETAILTEMP>
          <CONTENTSHOWPAGE><![CDATA[../document/document_detail.jsp]]></CONTENTSHOWPAGE>
          <CRUSER><![CDATA[admin]]></CRUSER>
          <FLUENCEXML/>
          <CONTENTLISTPAGE><![CDATA[../document/document_list.html]]></CONTENTLISTPAGE>
          <CONTENTADDEDITPAGE><![CDATA[../document/document_addedit.jsp]]></CONTENTADDEDITPAGE>
          <LASTMODIFYTIME/>
          <CHNLQUERY><![CDATA[]]></CHNLQUERY>
          <CHNLORDERBY><![CDATA[]]></CHNLORDERBY>
          <CHNLDESC><![CDATA[导读数据]]></CHNLDESC>
          <OPERTIME/>
          <CHANNELID>56</CHANNELID>
          <CRTIME>2013-03-26 12:22:50</CRTIME>
          <ADVTOOLBAR/>
          <ISCLUSTER>0</ISCLUSTER>
          <CHNLNAME><![CDATA[导读数据]]></CHNLNAME>
          <LINKURL><![CDATA[]]></LINKURL>
        </PROPERTIES>
        <WCMTEMPLATEEMPLOYS>
          <WCMTEMPLATEEMPLOY Version="6.0">
            <PROPERTIES>
              <EMPLOYERID>56</EMPLOYERID>
              <EMPLOYERTYPE>101</EMPLOYERTYPE>
              <TEMPLATETYPE>2</TEMPLATETYPE>
              <ISDEFAULT>1</ISDEFAULT>
              <TEMPLATEID>25</TEMPLATEID>
              <TEMPLATEEMPLOYID>105</TEMPLATEEMPLOYID>
            </PROPERTIES>
          </WCMTEMPLATEEMPLOY>
        </WCMTEMPLATEEMPLOYS>
        <WCMFOLDERPUBLISHCONFIGS>
          <WCMFOLDERPUBLISHCONFIG Version="6.0">
            <PROPERTIES>
              <CRUSER><![CDATA[huxiejin]]></CRUSER>
              <DATAPATH><![CDATA[region]]></DATAPATH>
              <FOLDERID>56</FOLDERID>
              <FOLDERTYPE>101</FOLDERTYPE>
              <FOLDERPUBLISHCONFIGID>59</FOLDERPUBLISHCONFIGID>
              <CRTIME>2013-03-26 12:22:50</CRTIME>
            </PROPERTIES>
          </WCMFOLDERPUBLISHCONFIG>
        </WCMFOLDERPUBLISHCONFIGS>
        <WCMPUBSTATUSCONFIGS/>
        <WCMCONTENTEXTFIELDS/>
        <WCMTEMPLATES/>
        <WCMTEMPAPPENDIXS/>
        <WCMTEMPLATEARGUMENTS/>
        <WCMFLOWEMPLOYS/>
      </WCMCHANNEL>
      <WCMCHANNEL Version="6.0">
        <PROPERTIES>
          <ISCONTAINSCHILDREN>0</ISCONTAINSCHILDREN>
          <CHNLPROP>4</CHNLPROP>
          <TOOLBAR/>
          <CHNLTYPE>0</CHNLTYPE>
          <CHNLOUTLINETEMP>0</CHNLOUTLINETEMP>
          <CHNLORDER>76</CHNLORDER>
          <SITEID>4</SITEID>
          <STATUS>0</STATUS>
          <ATTRIBUTE><![CDATA[PUBLISHLIMIT=&PUBSTARTDATE=]]></ATTRIBUTE>
          <PARENTID>0</PARENTID>
          <PUBLISHPRO>1</PUBLISHPRO>
          <CHNLDETAILTEMP>0</CHNLDETAILTEMP>
          <CONTENTSHOWPAGE><![CDATA[../document/document_detail.jsp]]></CONTENTSHOWPAGE>
          <CRUSER><![CDATA[admin]]></CRUSER>
          <FLUENCEXML/>
          <CONTENTLISTPAGE><![CDATA[../document/document_list.html]]></CONTENTLISTPAGE>
          <CONTENTADDEDITPAGE><![CDATA[../document/document_addedit.jsp]]></CONTENTADDEDITPAGE>
          <LASTMODIFYTIME/>
          <CHNLQUERY><![CDATA[]]></CHNLQUERY>
          <CHNLORDERBY><![CDATA[]]></CHNLORDERBY>
          <CHNLDESC><![CDATA[导读数据2]]></CHNLDESC>
          <OPERTIME/>
          <CHANNELID>57</CHANNELID>
          <CRTIME>2013-03-26 12:22:50</CRTIME>
          <ADVTOOLBAR/>
          <ISCLUSTER>0</ISCLUSTER>
          <CHNLNAME><![CDATA[导读数据2]]></CHNLNAME>
          <LINKURL><![CDATA[]]></LINKURL>
        </PROPERTIES>
        <WCMTEMPLATEEMPLOYS>
          <WCMTEMPLATEEMPLOY Version="6.0">
            <PROPERTIES>
              <EMPLOYERID>57</EMPLOYERID>
              <EMPLOYERTYPE>101</EMPLOYERTYPE>
              <TEMPLATETYPE>2</TEMPLATETYPE>
              <ISDEFAULT>1</ISDEFAULT>
              <TEMPLATEID>25</TEMPLATEID>
              <TEMPLATEEMPLOYID>106</TEMPLATEEMPLOYID>
            </PROPERTIES>
          </WCMTEMPLATEEMPLOY>
        </WCMTEMPLATEEMPLOYS>
        <WCMFOLDERPUBLISHCONFIGS>
          <WCMFOLDERPUBLISHCONFIG Version="6.0">
            <PROPERTIES>
              <CRUSER><![CDATA[liuhongmei]]></CRUSER>
              <DATAPATH><![CDATA[regiondata]]></DATAPATH>
              <FOLDERID>57</FOLDERID>
              <FOLDERTYPE>101</FOLDERTYPE>
              <FOLDERPUBLISHCONFIGID>60</FOLDERPUBLISHCONFIGID>
              <CRTIME>2013-03-26 12:22:50</CRTIME>
            </PROPERTIES>
          </WCMFOLDERPUBLISHCONFIG>
        </WCMFOLDERPUBLISHCONFIGS>
        <WCMPUBSTATUSCONFIGS/>
        <WCMCONTENTEXTFIELDS/>
        <WCMTEMPLATES/>
        <WCMTEMPAPPENDIXS/>
        <WCMTEMPLATEARGUMENTS/>
        <WCMFLOWEMPLOYS/>
      </WCMCHANNEL>
      <WCMCHANNEL Version="6.0">
        <PROPERTIES>
          <ISCONTAINSCHILDREN>0</ISCONTAINSCHILDREN>
          <CHNLPROP>4</CHNLPROP>
          <TOOLBAR/>
          <CHNLTYPE>0</CHNLTYPE>
          <CHNLOUTLINETEMP>0</CHNLOUTLINETEMP>
          <CHNLORDER>68</CHNLORDER>
          <SITEID>4</SITEID>
          <STATUS>0</STATUS>
          <ATTRIBUTE><![CDATA[PUBLISHLIMIT=&PUBSTARTDATE=]]></ATTRIBUTE>
          <PARENTID>0</PARENTID>
          <PUBLISHPRO>1</PUBLISHPRO>
          <CHNLDETAILTEMP>0</CHNLDETAILTEMP>
          <CONTENTSHOWPAGE><![CDATA[../document/document_detail.jsp]]></CONTENTSHOWPAGE>
          <CRUSER><![CDATA[admin]]></CRUSER>
          <FLUENCEXML/>
          <CONTENTLISTPAGE><![CDATA[../document/document_list.html]]></CONTENTLISTPAGE>
          <CONTENTADDEDITPAGE><![CDATA[../document/document_addedit.jsp]]></CONTENTADDEDITPAGE>
          <LASTMODIFYTIME/>
          <CHNLQUERY><![CDATA[]]></CHNLQUERY>
          <CHNLORDERBY><![CDATA[]]></CHNLORDERBY>
          <CHNLDESC><![CDATA[图片旋转数据]]></CHNLDESC>
          <OPERTIME/>
          <CHANNELID>58</CHANNELID>
          <CRTIME>2013-03-26 12:22:50</CRTIME>
          <ADVTOOLBAR/>
          <ISCLUSTER>0</ISCLUSTER>
          <CHNLNAME><![CDATA[图片旋转数据]]></CHNLNAME>
          <LINKURL><![CDATA[]]></LINKURL>
        </PROPERTIES>
        <WCMTEMPLATEEMPLOYS/>
        <WCMFOLDERPUBLISHCONFIGS>
          <WCMFOLDERPUBLISHCONFIG Version="6.0">
            <PROPERTIES>
              <CRUSER><![CDATA[yinyong]]></CRUSER>
              <DATAPATH><![CDATA[picDrag]]></DATAPATH>
              <FOLDERID>58</FOLDERID>
              <FOLDERTYPE>101</FOLDERTYPE>
              <FOLDERPUBLISHCONFIGID>61</FOLDERPUBLISHCONFIGID>
              <CRTIME>2013-03-26 12:22:50</CRTIME>
            </PROPERTIES>
          </WCMFOLDERPUBLISHCONFIG>
        </WCMFOLDERPUBLISHCONFIGS>
        <WCMPUBSTATUSCONFIGS/>
        <WCMCONTENTEXTFIELDS/>
        <WCMTEMPLATES/>
        <WCMTEMPAPPENDIXS/>
        <WCMTEMPLATEARGUMENTS/>
        <WCMFLOWEMPLOYS/>
      </WCMCHANNEL>
      <WCMCHANNEL Version="6.0">
        <PROPERTIES>
          <ISCONTAINSCHILDREN>0</ISCONTAINSCHILDREN>
          <CHNLPROP>4</CHNLPROP>
          <TOOLBAR/>
          <CHNLTYPE>0</CHNLTYPE>
          <CHNLOUTLINETEMP>0</CHNLOUTLINETEMP>
          <CHNLORDER>60</CHNLORDER>
          <SITEID>4</SITEID>
          <STATUS>0</STATUS>
          <ATTRIBUTE><![CDATA[PUBLISHLIMIT=&PUBSTARTDATE=]]></ATTRIBUTE>
          <PARENTID>0</PARENTID>
          <PUBLISHPRO>1</PUBLISHPRO>
          <CHNLDETAILTEMP>0</CHNLDETAILTEMP>
          <CONTENTSHOWPAGE><![CDATA[../document/document_detail.jsp]]></CONTENTSHOWPAGE>
          <CRUSER><![CDATA[admin]]></CRUSER>
          <FLUENCEXML/>
          <CONTENTLISTPAGE><![CDATA[../document/document_list.html]]></CONTENTLISTPAGE>
          <CONTENTADDEDITPAGE><![CDATA[../document/document_addedit.jsp]]></CONTENTADDEDITPAGE>
          <LASTMODIFYTIME/>
          <CHNLQUERY><![CDATA[]]></CHNLQUERY>
          <CHNLORDERBY><![CDATA[]]></CHNLORDERBY>
          <CHNLDESC><![CDATA[图片摘要数据]]></CHNLDESC>
          <OPERTIME/>
          <CHANNELID>59</CHANNELID>
          <CRTIME>2013-03-26 12:22:50</CRTIME>
          <ADVTOOLBAR/>
          <ISCLUSTER>0</ISCLUSTER>
          <CHNLNAME><![CDATA[图片摘要数据]]></CHNLNAME>
          <LINKURL><![CDATA[]]></LINKURL>
        </PROPERTIES>
        <WCMTEMPLATEEMPLOYS>
          <WCMTEMPLATEEMPLOY Version="6.0">
            <PROPERTIES>
              <EMPLOYERID>59</EMPLOYERID>
              <EMPLOYERTYPE>101</EMPLOYERTYPE>
              <TEMPLATETYPE>2</TEMPLATETYPE>
              <ISDEFAULT>1</ISDEFAULT>
              <TEMPLATEID>25</TEMPLATEID>
              <TEMPLATEEMPLOYID>117</TEMPLATEEMPLOYID>
            </PROPERTIES>
          </WCMTEMPLATEEMPLOY>
        </WCMTEMPLATEEMPLOYS>
        <WCMFOLDERPUBLISHCONFIGS>
          <WCMFOLDERPUBLISHCONFIG Version="6.0">
            <PROPERTIES>
              <CRUSER><![CDATA[yinyong]]></CRUSER>
              <DATAPATH><![CDATA[picAbstract]]></DATAPATH>
              <FOLDERID>59</FOLDERID>
              <FOLDERTYPE>101</FOLDERTYPE>
              <FOLDERPUBLISHCONFIGID>62</FOLDERPUBLISHCONFIGID>
              <CRTIME>2013-03-26 12:22:51</CRTIME>
            </PROPERTIES>
          </WCMFOLDERPUBLISHCONFIG>
        </WCMFOLDERPUBLISHCONFIGS>
        <WCMPUBSTATUSCONFIGS/>
        <WCMCONTENTEXTFIELDS/>
        <WCMTEMPLATES/>
        <WCMTEMPAPPENDIXS/>
        <WCMTEMPLATEARGUMENTS/>
        <WCMFLOWEMPLOYS/>
      </WCMCHANNEL>
      <WCMCHANNEL Version="6.0">
        <PROPERTIES>
          <ISCONTAINSCHILDREN>0</ISCONTAINSCHILDREN>
          <CHNLPROP>4</CHNLPROP>
          <TOOLBAR/>
          <CHNLTYPE>0</CHNLTYPE>
          <CHNLOUTLINETEMP>0</CHNLOUTLINETEMP>
          <CHNLORDER>52</CHNLORDER>
          <SITEID>4</SITEID>
          <STATUS>0</STATUS>
          <ATTRIBUTE><![CDATA[PUBLISHLIMIT=&PUBSTARTDATE=]]></ATTRIBUTE>
          <PARENTID>0</PARENTID>
          <PUBLISHPRO>1</PUBLISHPRO>
          <CHNLDETAILTEMP>0</CHNLDETAILTEMP>
          <CONTENTSHOWPAGE><![CDATA[../document/document_detail.jsp]]></CONTENTSHOWPAGE>
          <CRUSER><![CDATA[admin]]></CRUSER>
          <FLUENCEXML/>
          <CONTENTLISTPAGE><![CDATA[../document/document_list.html]]></CONTENTLISTPAGE>
          <CONTENTADDEDITPAGE><![CDATA[../document/document_addedit.jsp]]></CONTENTADDEDITPAGE>
          <LASTMODIFYTIME/>
          <CHNLQUERY><![CDATA[]]></CHNLQUERY>
          <CHNLORDERBY><![CDATA[]]></CHNLORDERBY>
          <CHNLDESC><![CDATA[图片列表数据]]></CHNLDESC>
          <OPERTIME/>
          <CHANNELID>60</CHANNELID>
          <CRTIME>2013-03-26 12:22:51</CRTIME>
          <ADVTOOLBAR/>
          <ISCLUSTER>0</ISCLUSTER>
          <CHNLNAME><![CDATA[图片列表数据]]></CHNLNAME>
          <LINKURL><![CDATA[]]></LINKURL>
        </PROPERTIES>
        <WCMTEMPLATEEMPLOYS>
          <WCMTEMPLATEEMPLOY Version="6.0">
            <PROPERTIES>
              <EMPLOYERID>60</EMPLOYERID>
              <EMPLOYERTYPE>101</EMPLOYERTYPE>
              <TEMPLATETYPE>2</TEMPLATETYPE>
              <ISDEFAULT>1</ISDEFAULT>
              <TEMPLATEID>25</TEMPLATEID>
              <TEMPLATEEMPLOYID>116</TEMPLATEEMPLOYID>
            </PROPERTIES>
          </WCMTEMPLATEEMPLOY>
        </WCMTEMPLATEEMPLOYS>
        <WCMFOLDERPUBLISHCONFIGS>
          <WCMFOLDERPUBLISHCONFIG Version="6.0">
            <PROPERTIES>
              <CRUSER><![CDATA[yinyong]]></CRUSER>
              <DATAPATH><![CDATA[picList]]></DATAPATH>
              <FOLDERID>60</FOLDERID>
              <FOLDERTYPE>101</FOLDERTYPE>
              <FOLDERPUBLISHCONFIGID>63</FOLDERPUBLISHCONFIGID>
              <CRTIME>2013-03-26 12:22:51</CRTIME>
            </PROPERTIES>
          </WCMFOLDERPUBLISHCONFIG>
        </WCMFOLDERPUBLISHCONFIGS>
        <WCMPUBSTATUSCONFIGS/>
        <WCMCONTENTEXTFIELDS/>
        <WCMTEMPLATES/>
        <WCMTEMPAPPENDIXS/>
        <WCMTEMPLATEARGUMENTS/>
        <WCMFLOWEMPLOYS/>
      </WCMCHANNEL>
      <WCMCHANNEL Version="6.0">
        <PROPERTIES>
          <ISCONTAINSCHILDREN>0</ISCONTAINSCHILDREN>
          <CHNLPROP>4</CHNLPROP>
          <TOOLBAR/>
          <CHNLOUTLINETEMP>0</CHNLOUTLINETEMP>
          <CHNLTYPE>0</CHNLTYPE>
          <CHNLORDER>51</CHNLORDER>
          <SITEID>4</SITEID>
          <STATUS>0</STATUS>
          <USEDOCLEVEL>0</USEDOCLEVEL>
          <ATTRIBUTE><![CDATA[PUBLISHLIMIT=&PUBSTARTDATE=&LISTTYPE=0]]></ATTRIBUTE>
          <PARENTID>0</PARENTID>
          <PUBLISHPRO>1</PUBLISHPRO>
          <CHNLDETAILTEMP>0</CHNLDETAILTEMP>
          <OPERUSER><![CDATA[admin]]></OPERUSER>
          <CRUSER><![CDATA[admin]]></CRUSER>
          <CONTENTSHOWPAGE><![CDATA[../document/document_detail.jsp]]></CONTENTSHOWPAGE>
          <FLUENCEXML/>
          <CONTENTLISTPAGE><![CDATA[../document/document_list.html]]></CONTENTLISTPAGE>
          <CONTENTADDEDITPAGE><![CDATA[../document/document_addedit.jsp]]></CONTENTADDEDITPAGE>
          <LASTMODIFYTIME/>
          <CHNLQUERY><![CDATA[]]></CHNLQUERY>
          <CHNLORDERBY><![CDATA[]]></CHNLORDERBY>
          <CHNLDESC><![CDATA[图片滚动数据]]></CHNLDESC>
          <OPERTIME>2013-03-28 22:18:31</OPERTIME>
          <CHANNELID>89</CHANNELID>
          <CRTIME>2013-03-28 22:13:11</CRTIME>
          <ADVTOOLBAR/>
          <ISCLUSTER>0</ISCLUSTER>
          <CHNLNAME><![CDATA[图片滚动数据]]></CHNLNAME>
          <LINKURL><![CDATA[]]></LINKURL>
        </PROPERTIES>
        <WCMTEMPLATEEMPLOYS/>
        <WCMFOLDERPUBLISHCONFIGS>
          <WCMFOLDERPUBLISHCONFIG Version="6.0">
            <PROPERTIES>
              <CRUSER><![CDATA[admin]]></CRUSER>
              <DATAPATH><![CDATA[tpgdsj]]></DATAPATH>
              <FOLDERID>89</FOLDERID>
              <FOLDERTYPE>101</FOLDERTYPE>
              <FOLDERPUBLISHCONFIGID>95</FOLDERPUBLISHCONFIGID>
              <CRTIME>2013-03-28 22:13:11</CRTIME>
            </PROPERTIES>
          </WCMFOLDERPUBLISHCONFIG>
        </WCMFOLDERPUBLISHCONFIGS>
        <WCMPUBSTATUSCONFIGS/>
        <WCMCONTENTEXTFIELDS/>
        <WCMTEMPLATES/>
        <WCMTEMPAPPENDIXS/>
        <WCMTEMPLATEARGUMENTS/>
        <WCMFLOWEMPLOYS/>
      </WCMCHANNEL>
      <WCMCHANNEL Version="6.0">
        <PROPERTIES>
          <ISCONTAINSCHILDREN>0</ISCONTAINSCHILDREN>
          <CHNLPROP>4</CHNLPROP>
          <TOOLBAR/>
          <CHNLTYPE>0</CHNLTYPE>
          <CHNLOUTLINETEMP>0</CHNLOUTLINETEMP>
          <CHNLORDER>43</CHNLORDER>
          <SITEID>4</SITEID>
          <STATUS>0</STATUS>
          <ATTRIBUTE><![CDATA[PUBLISHLIMIT=&PUBSTARTDATE=]]></ATTRIBUTE>
          <PARENTID>0</PARENTID>
          <PUBLISHPRO>1</PUBLISHPRO>
          <CHNLDETAILTEMP>0</CHNLDETAILTEMP>
          <CONTENTSHOWPAGE><![CDATA[../document/document_detail.jsp]]></CONTENTSHOWPAGE>
          <OPERUSER><![CDATA[admin]]></OPERUSER>
          <CRUSER><![CDATA[admin]]></CRUSER>
          <FLUENCEXML/>
          <CONTENTLISTPAGE><![CDATA[../document/document_list.html]]></CONTENTLISTPAGE>
          <CONTENTADDEDITPAGE><![CDATA[../document/document_addedit.jsp]]></CONTENTADDEDITPAGE>
          <LASTMODIFYTIME>2013-03-26 12:22:51</LASTMODIFYTIME>
          <CHNLQUERY><![CDATA[]]></CHNLQUERY>
          <CHNLORDERBY><![CDATA[]]></CHNLORDERBY>
          <CHNLDESC><![CDATA[单个图片摘要数据]]></CHNLDESC>
          <OPERTIME>2013-03-26 12:22:51</OPERTIME>
          <CHANNELID>61</CHANNELID>
          <CRTIME>2013-03-26 12:22:51</CRTIME>
          <ADVTOOLBAR/>
          <ISCLUSTER>0</ISCLUSTER>
          <CHNLNAME><![CDATA[单个图片摘要数据]]></CHNLNAME>
          <LINKURL><![CDATA[]]></LINKURL>
        </PROPERTIES>
        <WCMTEMPLATEEMPLOYS/>
        <WCMFOLDERPUBLISHCONFIGS>
          <WCMFOLDERPUBLISHCONFIG Version="6.0">
            <PROPERTIES>
              <CRUSER><![CDATA[yinyong]]></CRUSER>
              <DATAPATH><![CDATA[picAbstract2]]></DATAPATH>
              <FOLDERID>61</FOLDERID>
              <FOLDERTYPE>101</FOLDERTYPE>
              <FOLDERPUBLISHCONFIGID>64</FOLDERPUBLISHCONFIGID>
              <CRTIME>2013-03-26 12:22:51</CRTIME>
            </PROPERTIES>
          </WCMFOLDERPUBLISHCONFIG>
        </WCMFOLDERPUBLISHCONFIGS>
        <WCMPUBSTATUSCONFIGS/>
        <WCMCHANNELS>
          <WCMCHANNEL Version="6.0">
            <PROPERTIES>
              <ISCONTAINSCHILDREN>0</ISCONTAINSCHILDREN>
              <CHNLPROP>4</CHNLPROP>
              <TOOLBAR/>
              <CHNLTYPE>0</CHNLTYPE>
              <CHNLOUTLINETEMP>0</CHNLOUTLINETEMP>
              <CHNLORDER>1</CHNLORDER>
              <SITEID>4</SITEID>
              <STATUS>0</STATUS>
              <ATTRIBUTE><![CDATA[PUBLISHLIMIT=&PUBSTARTDATE=]]></ATTRIBUTE>
              <PARENTID>61</PARENTID>
              <PUBLISHPRO>1</PUBLISHPRO>
              <CHNLDETAILTEMP>0</CHNLDETAILTEMP>
              <CONTENTSHOWPAGE><![CDATA[../document/document_detail.jsp]]></CONTENTSHOWPAGE>
              <CRUSER><![CDATA[admin]]></CRUSER>
              <FLUENCEXML/>
              <CONTENTLISTPAGE><![CDATA[../document/document_list.html]]></CONTENTLISTPAGE>
              <CONTENTADDEDITPAGE><![CDATA[../document/document_addedit.jsp]]></CONTENTADDEDITPAGE>
              <LASTMODIFYTIME/>
              <CHNLQUERY><![CDATA[]]></CHNLQUERY>
              <CHNLORDERBY><![CDATA[]]></CHNLORDERBY>
              <CHNLDESC><![CDATA[单个图片摘要相关文档栏目]]></CHNLDESC>
              <OPERTIME/>
              <CHANNELID>62</CHANNELID>
              <CRTIME>2013-03-26 12:22:51</CRTIME>
              <ADVTOOLBAR/>
              <ISCLUSTER>0</ISCLUSTER>
              <CHNLNAME><![CDATA[单个图片摘要相关文档栏目]]></CHNLNAME>
              <LINKURL><![CDATA[]]></LINKURL>
            </PROPERTIES>
            <WCMTEMPLATEEMPLOYS>
              <WCMTEMPLATEEMPLOY Version="6.0">
                <PROPERTIES>
                  <EMPLOYERID>62</EMPLOYERID>
                  <EMPLOYERTYPE>101</EMPLOYERTYPE>
                  <TEMPLATETYPE>1</TEMPLATETYPE>
                  <ISDEFAULT>1</ISDEFAULT>
                  <TEMPLATEID>26</TEMPLATEID>
                  <TEMPLATEEMPLOYID>107</TEMPLATEEMPLOYID>
                </PROPERTIES>
              </WCMTEMPLATEEMPLOY>
              <WCMTEMPLATEEMPLOY Version="6.0">
                <PROPERTIES>
                  <EMPLOYERID>62</EMPLOYERID>
                  <EMPLOYERTYPE>101</EMPLOYERTYPE>
                  <TEMPLATETYPE>2</TEMPLATETYPE>
                  <ISDEFAULT>1</ISDEFAULT>
                  <TEMPLATEID>25</TEMPLATEID>
                  <TEMPLATEEMPLOYID>108</TEMPLATEEMPLOYID>
                </PROPERTIES>
              </WCMTEMPLATEEMPLOY>
            </WCMTEMPLATEEMPLOYS>
            <WCMFOLDERPUBLISHCONFIGS>
              <WCMFOLDERPUBLISHCONFIG Version="6.0">
                <PROPERTIES>
                  <CRUSER><![CDATA[yinyong]]></CRUSER>
                  <DATAPATH><![CDATA[relation]]></DATAPATH>
                  <FOLDERID>62</FOLDERID>
                  <FOLDERTYPE>101</FOLDERTYPE>
                  <FOLDERPUBLISHCONFIGID>65</FOLDERPUBLISHCONFIGID>
                  <CRTIME>2013-03-26 12:22:51</CRTIME>
                </PROPERTIES>
              </WCMFOLDERPUBLISHCONFIG>
            </WCMFOLDERPUBLISHCONFIGS>
            <WCMPUBSTATUSCONFIGS/>
            <WCMCONTENTEXTFIELDS/>
            <WCMTEMPLATES/>
            <WCMTEMPAPPENDIXS/>
            <WCMTEMPLATEARGUMENTS/>
            <WCMFLOWEMPLOYS/>
          </WCMCHANNEL>
        </WCMCHANNELS>
        <WCMCONTENTEXTFIELDS/>
        <WCMTEMPLATES/>
        <WCMTEMPAPPENDIXS/>
        <WCMTEMPLATEARGUMENTS/>
        <WCMFLOWEMPLOYS/>
      </WCMCHANNEL>
      <WCMCHANNEL Version="6.0">
        <PROPERTIES>
          <ISCONTAINSCHILDREN>0</ISCONTAINSCHILDREN>
          <CHNLPROP>4</CHNLPROP>
          <TOOLBAR/>
          <CHNLTYPE>0</CHNLTYPE>
          <CHNLOUTLINETEMP>0</CHNLOUTLINETEMP>
          <CHNLORDER>35</CHNLORDER>
          <SITEID>4</SITEID>
          <STATUS>0</STATUS>
          <ATTRIBUTE><![CDATA[PUBLISHLIMIT=&PUBSTARTDATE=]]></ATTRIBUTE>
          <PARENTID>0</PARENTID>
          <PUBLISHPRO>1</PUBLISHPRO>
          <CHNLDETAILTEMP>0</CHNLDETAILTEMP>
          <CONTENTSHOWPAGE><![CDATA[../document/document_detail.jsp]]></CONTENTSHOWPAGE>
          <OPERUSER><![CDATA[admin]]></OPERUSER>
          <CRUSER><![CDATA[admin]]></CRUSER>
          <FLUENCEXML/>
          <CONTENTLISTPAGE><![CDATA[../document/document_list.html]]></CONTENTLISTPAGE>
          <CONTENTADDEDITPAGE><![CDATA[../document/document_addedit.jsp]]></CONTENTADDEDITPAGE>
          <LASTMODIFYTIME>2013-03-26 12:22:56</LASTMODIFYTIME>
          <CHNLQUERY><![CDATA[]]></CHNLQUERY>
          <CHNLORDERBY><![CDATA[]]></CHNLORDERBY>
          <CHNLDESC><![CDATA[栏目导航数据]]></CHNLDESC>
          <OPERTIME>2013-03-26 12:22:56</OPERTIME>
          <CHANNELID>63</CHANNELID>
          <CRTIME>2013-03-26 12:22:52</CRTIME>
          <ADVTOOLBAR/>
          <ISCLUSTER>0</ISCLUSTER>
          <CHNLNAME><![CDATA[栏目导航数据]]></CHNLNAME>
          <LINKURL><![CDATA[]]></LINKURL>
        </PROPERTIES>
        <WCMTEMPLATEEMPLOYS/>
        <WCMFOLDERPUBLISHCONFIGS>
          <WCMFOLDERPUBLISHCONFIG Version="6.0">
            <PROPERTIES>
              <CRUSER><![CDATA[wangyiwen]]></CRUSER>
              <DATAPATH><![CDATA[lmdh]]></DATAPATH>
              <FOLDERID>63</FOLDERID>
              <FOLDERTYPE>101</FOLDERTYPE>
              <FOLDERPUBLISHCONFIGID>66</FOLDERPUBLISHCONFIGID>
              <CRTIME>2013-03-26 12:22:54</CRTIME>
            </PROPERTIES>
          </WCMFOLDERPUBLISHCONFIG>
        </WCMFOLDERPUBLISHCONFIGS>
        <WCMPUBSTATUSCONFIGS/>
        <WCMCHANNELS>
          <WCMCHANNEL Version="6.0">
            <PROPERTIES>
              <ISCONTAINSCHILDREN>0</ISCONTAINSCHILDREN>
              <CHNLPROP>4</CHNLPROP>
              <TOOLBAR/>
              <CHNLTYPE>0</CHNLTYPE>
              <CHNLOUTLINETEMP>0</CHNLOUTLINETEMP>
              <CHNLORDER>49</CHNLORDER>
              <SITEID>4</SITEID>
              <STATUS>0</STATUS>
              <ATTRIBUTE><![CDATA[PUBLISHLIMIT=&PUBSTARTDATE=]]></ATTRIBUTE>
              <PARENTID>63</PARENTID>
              <PUBLISHPRO>1</PUBLISHPRO>
              <CHNLDETAILTEMP>0</CHNLDETAILTEMP>
              <CONTENTSHOWPAGE><![CDATA[../document/document_detail.jsp]]></CONTENTSHOWPAGE>
              <CRUSER><![CDATA[admin]]></CRUSER>
              <FLUENCEXML/>
              <CONTENTLISTPAGE><![CDATA[../document/document_list.html]]></CONTENTLISTPAGE>
              <CONTENTADDEDITPAGE><![CDATA[../document/document_addedit.jsp]]></CONTENTADDEDITPAGE>
              <LASTMODIFYTIME/>
              <CHNLQUERY><![CDATA[]]></CHNLQUERY>
              <CHNLORDERBY><![CDATA[]]></CHNLORDERBY>
              <CHNLDESC><![CDATA[新闻中心]]></CHNLDESC>
              <OPERTIME/>
              <CHANNELID>64</CHANNELID>
              <CRTIME>2013-03-26 12:22:54</CRTIME>
              <ADVTOOLBAR/>
              <ISCLUSTER>0</ISCLUSTER>
              <CHNLNAME><![CDATA[新闻中心]]></CHNLNAME>
              <LINKURL><![CDATA[]]></LINKURL>
            </PROPERTIES>
            <WCMTEMPLATEEMPLOYS/>
            <WCMFOLDERPUBLISHCONFIGS>
              <WCMFOLDERPUBLISHCONFIG Version="6.0">
                <PROPERTIES>
                  <CRUSER><![CDATA[wangyiwen]]></CRUSER>
                  <DATAPATH><![CDATA[xwzx]]></DATAPATH>
                  <FOLDERID>64</FOLDERID>
                  <FOLDERTYPE>101</FOLDERTYPE>
                  <FOLDERPUBLISHCONFIGID>67</FOLDERPUBLISHCONFIGID>
                  <CRTIME>2013-03-26 12:22:54</CRTIME>
                </PROPERTIES>
              </WCMFOLDERPUBLISHCONFIG>
            </WCMFOLDERPUBLISHCONFIGS>
            <WCMPUBSTATUSCONFIGS/>
            <WCMCONTENTEXTFIELDS/>
            <WCMTEMPLATES/>
            <WCMTEMPAPPENDIXS/>
            <WCMTEMPLATEARGUMENTS/>
            <WCMFLOWEMPLOYS/>
          </WCMCHANNEL>
          <WCMCHANNEL Version="6.0">
            <PROPERTIES>
              <ISCONTAINSCHILDREN>0</ISCONTAINSCHILDREN>
              <CHNLPROP>4</CHNLPROP>
              <TOOLBAR/>
              <CHNLTYPE>0</CHNLTYPE>
              <CHNLOUTLINETEMP>0</CHNLOUTLINETEMP>
              <CHNLORDER>41</CHNLORDER>
              <SITEID>4</SITEID>
              <STATUS>0</STATUS>
              <ATTRIBUTE><![CDATA[PUBLISHLIMIT=&PUBSTARTDATE=]]></ATTRIBUTE>
              <PARENTID>63</PARENTID>
              <PUBLISHPRO>1</PUBLISHPRO>
              <CHNLDETAILTEMP>0</CHNLDETAILTEMP>
              <CONTENTSHOWPAGE><![CDATA[../document/document_detail.jsp]]></CONTENTSHOWPAGE>
              <CRUSER><![CDATA[admin]]></CRUSER>
              <FLUENCEXML/>
              <CONTENTLISTPAGE><![CDATA[../document/document_list.html]]></CONTENTLISTPAGE>
              <CONTENTADDEDITPAGE><![CDATA[../document/document_addedit.jsp]]></CONTENTADDEDITPAGE>
              <LASTMODIFYTIME/>
              <CHNLQUERY><![CDATA[]]></CHNLQUERY>
              <CHNLORDERBY><![CDATA[]]></CHNLORDERBY>
              <CHNLDESC><![CDATA[产品中心]]></CHNLDESC>
              <OPERTIME/>
              <CHANNELID>65</CHANNELID>
              <CRTIME>2013-03-26 12:22:54</CRTIME>
              <ADVTOOLBAR/>
              <ISCLUSTER>0</ISCLUSTER>
              <CHNLNAME><![CDATA[产品中心]]></CHNLNAME>
              <LINKURL><![CDATA[]]></LINKURL>
            </PROPERTIES>
            <WCMTEMPLATEEMPLOYS/>
            <WCMFOLDERPUBLISHCONFIGS>
              <WCMFOLDERPUBLISHCONFIG Version="6.0">
                <PROPERTIES>
                  <CRUSER><![CDATA[wangyiwen]]></CRUSER>
                  <DATAPATH><![CDATA[cpzx]]></DATAPATH>
                  <FOLDERID>65</FOLDERID>
                  <FOLDERTYPE>101</FOLDERTYPE>
                  <FOLDERPUBLISHCONFIGID>68</FOLDERPUBLISHCONFIGID>
                  <CRTIME>2013-03-26 12:22:54</CRTIME>
                </PROPERTIES>
              </WCMFOLDERPUBLISHCONFIG>
            </WCMFOLDERPUBLISHCONFIGS>
            <WCMPUBSTATUSCONFIGS/>
            <WCMCONTENTEXTFIELDS/>
            <WCMTEMPLATES/>
            <WCMTEMPAPPENDIXS/>
            <WCMTEMPLATEARGUMENTS/>
            <WCMFLOWEMPLOYS/>
          </WCMCHANNEL>
          <WCMCHANNEL Version="6.0">
            <PROPERTIES>
              <ISCONTAINSCHILDREN>0</ISCONTAINSCHILDREN>
              <CHNLPROP>4</CHNLPROP>
              <TOOLBAR/>
              <CHNLTYPE>0</CHNLTYPE>
              <CHNLOUTLINETEMP>0</CHNLOUTLINETEMP>
              <CHNLORDER>31</CHNLORDER>
              <SITEID>4</SITEID>
              <STATUS>0</STATUS>
              <ATTRIBUTE><![CDATA[PUBLISHLIMIT=&PUBSTARTDATE=]]></ATTRIBUTE>
              <PARENTID>63</PARENTID>
              <PUBLISHPRO>1</PUBLISHPRO>
              <CHNLDETAILTEMP>0</CHNLDETAILTEMP>
              <CONTENTSHOWPAGE><![CDATA[../document/document_detail.jsp]]></CONTENTSHOWPAGE>
              <CRUSER><![CDATA[admin]]></CRUSER>
              <FLUENCEXML/>
              <CONTENTLISTPAGE><![CDATA[../document/document_list.html]]></CONTENTLISTPAGE>
              <CONTENTADDEDITPAGE><![CDATA[../document/document_addedit.jsp]]></CONTENTADDEDITPAGE>
              <LASTMODIFYTIME/>
              <CHNLQUERY><![CDATA[]]></CHNLQUERY>
              <CHNLORDERBY><![CDATA[]]></CHNLORDERBY>
              <CHNLDESC><![CDATA[组织架构]]></CHNLDESC>
              <OPERTIME/>
              <CHANNELID>66</CHANNELID>
              <CRTIME>2013-03-26 12:22:54</CRTIME>
              <ADVTOOLBAR/>
              <ISCLUSTER>0</ISCLUSTER>
              <CHNLNAME><![CDATA[组织架构]]></CHNLNAME>
              <LINKURL><![CDATA[]]></LINKURL>
            </PROPERTIES>
            <WCMTEMPLATEEMPLOYS/>
            <WCMFOLDERPUBLISHCONFIGS>
              <WCMFOLDERPUBLISHCONFIG Version="6.0">
                <PROPERTIES>
                  <CRUSER><![CDATA[wangyiwen]]></CRUSER>
                  <DATAPATH><![CDATA[zzjg]]></DATAPATH>
                  <FOLDERID>66</FOLDERID>
                  <FOLDERTYPE>101</FOLDERTYPE>
                  <FOLDERPUBLISHCONFIGID>69</FOLDERPUBLISHCONFIGID>
                  <CRTIME>2013-03-26 12:22:54</CRTIME>
                </PROPERTIES>
              </WCMFOLDERPUBLISHCONFIG>
            </WCMFOLDERPUBLISHCONFIGS>
            <WCMPUBSTATUSCONFIGS/>
            <WCMCONTENTEXTFIELDS/>
            <WCMTEMPLATES/>
            <WCMTEMPAPPENDIXS/>
            <WCMTEMPLATEARGUMENTS/>
            <WCMFLOWEMPLOYS/>
          </WCMCHANNEL>
          <WCMCHANNEL Version="6.0">
            <PROPERTIES>
              <ISCONTAINSCHILDREN>0</ISCONTAINSCHILDREN>
              <CHNLPROP>4</CHNLPROP>
              <TOOLBAR/>
              <CHNLTYPE>0</CHNLTYPE>
              <CHNLOUTLINETEMP>0</CHNLOUTLINETEMP>
              <CHNLORDER>23</CHNLORDER>
              <SITEID>4</SITEID>
              <STATUS>0</STATUS>
              <ATTRIBUTE><![CDATA[PUBLISHLIMIT=&PUBSTARTDATE=]]></ATTRIBUTE>
              <PARENTID>63</PARENTID>
              <PUBLISHPRO>1</PUBLISHPRO>
              <CHNLDETAILTEMP>0</CHNLDETAILTEMP>
              <CONTENTSHOWPAGE><![CDATA[../document/document_detail.jsp]]></CONTENTSHOWPAGE>
              <CRUSER><![CDATA[admin]]></CRUSER>
              <FLUENCEXML/>
              <CONTENTLISTPAGE><![CDATA[../document/document_list.html]]></CONTENTLISTPAGE>
              <CONTENTADDEDITPAGE><![CDATA[../document/document_addedit.jsp]]></CONTENTADDEDITPAGE>
              <LASTMODIFYTIME/>
              <CHNLQUERY><![CDATA[]]></CHNLQUERY>
              <CHNLORDERBY><![CDATA[]]></CHNLORDERBY>
              <CHNLDESC><![CDATA[关于TRS]]></CHNLDESC>
              <OPERTIME/>
              <CHANNELID>67</CHANNELID>
              <CRTIME>2013-03-26 12:22:54</CRTIME>
              <ADVTOOLBAR/>
              <ISCLUSTER>0</ISCLUSTER>
              <CHNLNAME><![CDATA[关于TRS]]></CHNLNAME>
              <LINKURL><![CDATA[]]></LINKURL>
            </PROPERTIES>
            <WCMTEMPLATEEMPLOYS/>
            <WCMFOLDERPUBLISHCONFIGS>
              <WCMFOLDERPUBLISHCONFIG Version="6.0">
                <PROPERTIES>
                  <CRUSER><![CDATA[wangyiwen]]></CRUSER>
                  <DATAPATH><![CDATA[gytrs]]></DATAPATH>
                  <FOLDERID>67</FOLDERID>
                  <FOLDERTYPE>101</FOLDERTYPE>
                  <FOLDERPUBLISHCONFIGID>70</FOLDERPUBLISHCONFIGID>
                  <CRTIME>2013-03-26 12:22:54</CRTIME>
                </PROPERTIES>
              </WCMFOLDERPUBLISHCONFIG>
            </WCMFOLDERPUBLISHCONFIGS>
            <WCMPUBSTATUSCONFIGS/>
            <WCMCONTENTEXTFIELDS/>
            <WCMTEMPLATES/>
            <WCMTEMPAPPENDIXS/>
            <WCMTEMPLATEARGUMENTS/>
            <WCMFLOWEMPLOYS/>
          </WCMCHANNEL>
          <WCMCHANNEL Version="6.0">
            <PROPERTIES>
              <ISCONTAINSCHILDREN>0</ISCONTAINSCHILDREN>
              <CHNLPROP>4</CHNLPROP>
              <TOOLBAR/>
              <CHNLTYPE>0</CHNLTYPE>
              <CHNLOUTLINETEMP>0</CHNLOUTLINETEMP>
              <CHNLORDER>15</CHNLORDER>
              <SITEID>4</SITEID>
              <STATUS>0</STATUS>
              <ATTRIBUTE><![CDATA[PUBLISHLIMIT=&PUBSTARTDATE=]]></ATTRIBUTE>
              <PARENTID>63</PARENTID>
              <PUBLISHPRO>1</PUBLISHPRO>
              <CHNLDETAILTEMP>0</CHNLDETAILTEMP>
              <CONTENTSHOWPAGE><![CDATA[../document/document_detail.jsp]]></CONTENTSHOWPAGE>
              <CRUSER><![CDATA[admin]]></CRUSER>
              <FLUENCEXML/>
              <CONTENTLISTPAGE><![CDATA[../document/document_list.html]]></CONTENTLISTPAGE>
              <CONTENTADDEDITPAGE><![CDATA[../document/document_addedit.jsp]]></CONTENTADDEDITPAGE>
              <LASTMODIFYTIME/>
              <CHNLQUERY><![CDATA[]]></CHNLQUERY>
              <CHNLORDERBY><![CDATA[]]></CHNLORDERBY>
              <CHNLDESC><![CDATA[通知公告]]></CHNLDESC>
              <OPERTIME/>
              <CHANNELID>68</CHANNELID>
              <CRTIME>2013-03-26 12:22:54</CRTIME>
              <ADVTOOLBAR/>
              <ISCLUSTER>0</ISCLUSTER>
              <CHNLNAME><![CDATA[通知公告]]></CHNLNAME>
              <LINKURL><![CDATA[]]></LINKURL>
            </PROPERTIES>
            <WCMTEMPLATEEMPLOYS/>
            <WCMFOLDERPUBLISHCONFIGS>
              <WCMFOLDERPUBLISHCONFIG Version="6.0">
                <PROPERTIES>
                  <CRUSER><![CDATA[wangyiwen]]></CRUSER>
                  <DATAPATH><![CDATA[tzgg]]></DATAPATH>
                  <FOLDERID>68</FOLDERID>
                  <FOLDERTYPE>101</FOLDERTYPE>
                  <FOLDERPUBLISHCONFIGID>71</FOLDERPUBLISHCONFIGID>
                  <CRTIME>2013-03-26 12:22:54</CRTIME>
                </PROPERTIES>
              </WCMFOLDERPUBLISHCONFIG>
            </WCMFOLDERPUBLISHCONFIGS>
            <WCMPUBSTATUSCONFIGS/>
            <WCMCONTENTEXTFIELDS/>
            <WCMTEMPLATES/>
            <WCMTEMPAPPENDIXS/>
            <WCMTEMPLATEARGUMENTS/>
            <WCMFLOWEMPLOYS/>
          </WCMCHANNEL>
          <WCMCHANNEL Version="6.0">
            <PROPERTIES>
              <ISCONTAINSCHILDREN>0</ISCONTAINSCHILDREN>
              <CHNLPROP>4</CHNLPROP>
              <TOOLBAR/>
              <CHNLTYPE>0</CHNLTYPE>
              <CHNLOUTLINETEMP>0</CHNLOUTLINETEMP>
              <CHNLORDER>7</CHNLORDER>
              <SITEID>4</SITEID>
              <STATUS>0</STATUS>
              <ATTRIBUTE><![CDATA[PUBLISHLIMIT=&PUBSTARTDATE=]]></ATTRIBUTE>
              <PARENTID>63</PARENTID>
              <PUBLISHPRO>1</PUBLISHPRO>
              <CHNLDETAILTEMP>0</CHNLDETAILTEMP>
              <CONTENTSHOWPAGE><![CDATA[../document/document_detail.jsp]]></CONTENTSHOWPAGE>
              <CRUSER><![CDATA[admin]]></CRUSER>
              <FLUENCEXML/>
              <CONTENTLISTPAGE><![CDATA[../document/document_list.html]]></CONTENTLISTPAGE>
              <CONTENTADDEDITPAGE><![CDATA[../document/document_addedit.jsp]]></CONTENTADDEDITPAGE>
              <LASTMODIFYTIME/>
              <CHNLQUERY><![CDATA[]]></CHNLQUERY>
              <CHNLORDERBY><![CDATA[]]></CHNLORDERBY>
              <CHNLDESC><![CDATA[科研成果]]></CHNLDESC>
              <OPERTIME/>
              <CHANNELID>69</CHANNELID>
              <CRTIME>2013-03-26 12:22:55</CRTIME>
              <ADVTOOLBAR/>
              <ISCLUSTER>0</ISCLUSTER>
              <CHNLNAME><![CDATA[科研成果]]></CHNLNAME>
              <LINKURL><![CDATA[]]></LINKURL>
            </PROPERTIES>
            <WCMTEMPLATEEMPLOYS/>
            <WCMFOLDERPUBLISHCONFIGS>
              <WCMFOLDERPUBLISHCONFIG Version="6.0">
                <PROPERTIES>
                  <CRUSER><![CDATA[wangyiwen]]></CRUSER>
                  <DATAPATH><![CDATA[kycg]]></DATAPATH>
                  <FOLDERID>69</FOLDERID>
                  <FOLDERTYPE>101</FOLDERTYPE>
                  <FOLDERPUBLISHCONFIGID>72</FOLDERPUBLISHCONFIGID>
                  <CRTIME>2013-03-26 12:22:55</CRTIME>
                </PROPERTIES>
              </WCMFOLDERPUBLISHCONFIG>
            </WCMFOLDERPUBLISHCONFIGS>
            <WCMPUBSTATUSCONFIGS/>
            <WCMCONTENTEXTFIELDS/>
            <WCMTEMPLATES/>
            <WCMTEMPAPPENDIXS/>
            <WCMTEMPLATEARGUMENTS/>
            <WCMFLOWEMPLOYS/>
          </WCMCHANNEL>
          <WCMCHANNEL Version="6.0">
            <PROPERTIES>
              <ISCONTAINSCHILDREN>0</ISCONTAINSCHILDREN>
              <CHNLPROP>4</CHNLPROP>
              <TOOLBAR/>
              <CHNLTYPE>0</CHNLTYPE>
              <CHNLOUTLINETEMP>0</CHNLOUTLINETEMP>
              <CHNLORDER>1</CHNLORDER>
              <SITEID>4</SITEID>
              <STATUS>0</STATUS>
              <ATTRIBUTE><![CDATA[PUBLISHLIMIT=&PUBSTARTDATE=]]></ATTRIBUTE>
              <PARENTID>63</PARENTID>
              <PUBLISHPRO>1</PUBLISHPRO>
              <CHNLDETAILTEMP>0</CHNLDETAILTEMP>
              <CONTENTSHOWPAGE><![CDATA[../document/document_detail.jsp]]></CONTENTSHOWPAGE>
              <CRUSER><![CDATA[admin]]></CRUSER>
              <FLUENCEXML/>
              <CONTENTLISTPAGE><![CDATA[../document/document_list.html]]></CONTENTLISTPAGE>
              <CONTENTADDEDITPAGE><![CDATA[../document/document_addedit.jsp]]></CONTENTADDEDITPAGE>
              <LASTMODIFYTIME/>
              <CHNLQUERY><![CDATA[]]></CHNLQUERY>
              <CHNLORDERBY><![CDATA[]]></CHNLORDERBY>
              <CHNLDESC><![CDATA[服务与支持]]></CHNLDESC>
              <OPERTIME/>
              <CHANNELID>70</CHANNELID>
              <CRTIME>2013-03-26 12:22:55</CRTIME>
              <ADVTOOLBAR/>
              <ISCLUSTER>0</ISCLUSTER>
              <CHNLNAME><![CDATA[服务与支持]]></CHNLNAME>
              <LINKURL><![CDATA[]]></LINKURL>
            </PROPERTIES>
            <WCMTEMPLATEEMPLOYS/>
            <WCMFOLDERPUBLISHCONFIGS>
              <WCMFOLDERPUBLISHCONFIG Version="6.0">
                <PROPERTIES>
                  <CRUSER><![CDATA[wangyiwen]]></CRUSER>
                  <DATAPATH><![CDATA[fwyzc]]></DATAPATH>
                  <FOLDERID>70</FOLDERID>
                  <FOLDERTYPE>101</FOLDERTYPE>
                  <FOLDERPUBLISHCONFIGID>73</FOLDERPUBLISHCONFIGID>
                  <CRTIME>2013-03-26 12:22:56</CRTIME>
                </PROPERTIES>
              </WCMFOLDERPUBLISHCONFIG>
            </WCMFOLDERPUBLISHCONFIGS>
            <WCMPUBSTATUSCONFIGS/>
            <WCMCONTENTEXTFIELDS/>
            <WCMTEMPLATES/>
            <WCMTEMPAPPENDIXS/>
            <WCMTEMPLATEARGUMENTS/>
            <WCMFLOWEMPLOYS/>
          </WCMCHANNEL>
        </WCMCHANNELS>
        <WCMCONTENTEXTFIELDS/>
        <WCMTEMPLATES/>
        <WCMTEMPAPPENDIXS/>
        <WCMTEMPLATEARGUMENTS/>
        <WCMFLOWEMPLOYS/>
      </WCMCHANNEL>
      <WCMCHANNEL Version="6.0">
        <PROPERTIES>
          <ISCONTAINSCHILDREN>0</ISCONTAINSCHILDREN>
          <CHNLPROP>4</CHNLPROP>
          <TOOLBAR/>
          <CHNLTYPE>0</CHNLTYPE>
          <CHNLOUTLINETEMP>0</CHNLOUTLINETEMP>
          <CHNLORDER>27</CHNLORDER>
          <SITEID>4</SITEID>
          <STATUS>0</STATUS>
          <ATTRIBUTE><![CDATA[PUBLISHLIMIT=&PUBSTARTDATE=]]></ATTRIBUTE>
          <PARENTID>0</PARENTID>
          <PUBLISHPRO>1</PUBLISHPRO>
          <CHNLDETAILTEMP>0</CHNLDETAILTEMP>
          <CONTENTSHOWPAGE><![CDATA[../document/document_detail.jsp]]></CONTENTSHOWPAGE>
          <CRUSER><![CDATA[admin]]></CRUSER>
          <FLUENCEXML/>
          <CONTENTLISTPAGE><![CDATA[../document/document_list.html]]></CONTENTLISTPAGE>
          <CONTENTADDEDITPAGE><![CDATA[../document/document_addedit.jsp]]></CONTENTADDEDITPAGE>
          <LASTMODIFYTIME/>
          <CHNLQUERY><![CDATA[]]></CHNLQUERY>
          <CHNLORDERBY><![CDATA[]]></CHNLORDERBY>
          <CHNLDESC><![CDATA[文档列表数据]]></CHNLDESC>
          <OPERTIME/>
          <CHANNELID>71</CHANNELID>
          <CRTIME>2013-03-26 12:22:56</CRTIME>
          <ADVTOOLBAR/>
          <ISCLUSTER>0</ISCLUSTER>
          <CHNLNAME><![CDATA[文档列表数据]]></CHNLNAME>
          <LINKURL><![CDATA[]]></LINKURL>
        </PROPERTIES>
        <WCMTEMPLATEEMPLOYS>
          <WCMTEMPLATEEMPLOY Version="6.0">
            <PROPERTIES>
              <EMPLOYERID>71</EMPLOYERID>
              <EMPLOYERTYPE>101</EMPLOYERTYPE>
              <TEMPLATETYPE>1</TEMPLATETYPE>
              <ISDEFAULT>1</ISDEFAULT>
              <TEMPLATEID>26</TEMPLATEID>
              <TEMPLATEEMPLOYID>109</TEMPLATEEMPLOYID>
            </PROPERTIES>
          </WCMTEMPLATEEMPLOY>
          <WCMTEMPLATEEMPLOY Version="6.0">
            <PROPERTIES>
              <EMPLOYERID>71</EMPLOYERID>
              <EMPLOYERTYPE>101</EMPLOYERTYPE>
              <TEMPLATETYPE>2</TEMPLATETYPE>
              <ISDEFAULT>1</ISDEFAULT>
              <TEMPLATEID>25</TEMPLATEID>
              <TEMPLATEEMPLOYID>110</TEMPLATEEMPLOYID>
            </PROPERTIES>
          </WCMTEMPLATEEMPLOY>
        </WCMTEMPLATEEMPLOYS>
        <WCMFOLDERPUBLISHCONFIGS>
          <WCMFOLDERPUBLISHCONFIG Version="6.0">
            <PROPERTIES>
              <CRUSER><![CDATA[huangdegang]]></CRUSER>
              <DATAPATH><![CDATA[wdlbsj]]></DATAPATH>
              <FOLDERID>71</FOLDERID>
              <FOLDERTYPE>101</FOLDERTYPE>
              <FOLDERPUBLISHCONFIGID>74</FOLDERPUBLISHCONFIGID>
              <CRTIME>2013-03-26 12:22:56</CRTIME>
            </PROPERTIES>
          </WCMFOLDERPUBLISHCONFIG>
        </WCMFOLDERPUBLISHCONFIGS>
        <WCMPUBSTATUSCONFIGS/>
        <WCMCONTENTEXTFIELDS/>
        <WCMTEMPLATES/>
        <WCMTEMPAPPENDIXS/>
        <WCMTEMPLATEARGUMENTS/>
        <WCMFLOWEMPLOYS/>
      </WCMCHANNEL>
      <WCMCHANNEL Version="6.0">
        <PROPERTIES>
          <ISCONTAINSCHILDREN>0</ISCONTAINSCHILDREN>
          <CHNLPROP>4</CHNLPROP>
          <TOOLBAR/>
          <CHNLTYPE>0</CHNLTYPE>
          <CHNLOUTLINETEMP>0</CHNLOUTLINETEMP>
          <CHNLORDER>19</CHNLORDER>
          <SITEID>4</SITEID>
          <STATUS>0</STATUS>
          <ATTRIBUTE><![CDATA[PUBLISHLIMIT=&PUBSTARTDATE=]]></ATTRIBUTE>
          <PARENTID>0</PARENTID>
          <PUBLISHPRO>1</PUBLISHPRO>
          <CHNLDETAILTEMP>0</CHNLDETAILTEMP>
          <CONTENTSHOWPAGE><![CDATA[../document/document_detail.jsp]]></CONTENTSHOWPAGE>
          <CRUSER><![CDATA[admin]]></CRUSER>
          <FLUENCEXML/>
          <CONTENTLISTPAGE><![CDATA[../document/document_list.html]]></CONTENTLISTPAGE>
          <CONTENTADDEDITPAGE><![CDATA[../document/document_addedit.jsp]]></CONTENTADDEDITPAGE>
          <LASTMODIFYTIME/>
          <CHNLQUERY><![CDATA[]]></CHNLQUERY>
          <CHNLORDERBY><![CDATA[]]></CHNLORDERBY>
          <CHNLDESC><![CDATA[细览文档]]></CHNLDESC>
          <OPERTIME/>
          <CHANNELID>72</CHANNELID>
          <CRTIME>2013-03-26 12:22:56</CRTIME>
          <ADVTOOLBAR/>
          <ISCLUSTER>0</ISCLUSTER>
          <CHNLNAME><![CDATA[细览文档]]></CHNLNAME>
          <LINKURL><![CDATA[]]></LINKURL>
        </PROPERTIES>
        <WCMTEMPLATEEMPLOYS>
          <WCMTEMPLATEEMPLOY Version="6.0">
            <PROPERTIES>
              <EMPLOYERID>72</EMPLOYERID>
              <EMPLOYERTYPE>101</EMPLOYERTYPE>
              <TEMPLATETYPE>2</TEMPLATETYPE>
              <ISDEFAULT>1</ISDEFAULT>
              <TEMPLATEID>25</TEMPLATEID>
              <TEMPLATEEMPLOYID>111</TEMPLATEEMPLOYID>
            </PROPERTIES>
          </WCMTEMPLATEEMPLOY>
        </WCMTEMPLATEEMPLOYS>
        <WCMFOLDERPUBLISHCONFIGS>
          <WCMFOLDERPUBLISHCONFIG Version="6.0">
            <PROPERTIES>
              <CRUSER><![CDATA[huangdegang]]></CRUSER>
              <DATAPATH><![CDATA[xlwd]]></DATAPATH>
              <FOLDERID>72</FOLDERID>
              <FOLDERTYPE>101</FOLDERTYPE>
              <FOLDERPUBLISHCONFIGID>75</FOLDERPUBLISHCONFIGID>
              <CRTIME>2013-03-26 12:22:57</CRTIME>
            </PROPERTIES>
          </WCMFOLDERPUBLISHCONFIG>
        </WCMFOLDERPUBLISHCONFIGS>
        <WCMPUBSTATUSCONFIGS/>
        <WCMCONTENTEXTFIELDS/>
        <WCMTEMPLATES/>
        <WCMTEMPAPPENDIXS/>
        <WCMTEMPLATEARGUMENTS/>
        <WCMFLOWEMPLOYS/>
      </WCMCHANNEL>
      <WCMCHANNEL Version="6.0">
        <PROPERTIES>
          <ISCONTAINSCHILDREN>0</ISCONTAINSCHILDREN>
          <CHNLPROP>4</CHNLPROP>
          <TOOLBAR/>
          <CHNLTYPE>0</CHNLTYPE>
          <CHNLOUTLINETEMP>0</CHNLOUTLINETEMP>
          <CHNLORDER>13</CHNLORDER>
          <SITEID>4</SITEID>
          <STATUS>0</STATUS>
          <ATTRIBUTE><![CDATA[PUBLISHLIMIT=&PUBSTARTDATE=]]></ATTRIBUTE>
          <PARENTID>0</PARENTID>
          <PUBLISHPRO>1</PUBLISHPRO>
          <CHNLDETAILTEMP>0</CHNLDETAILTEMP>
          <CONTENTSHOWPAGE><![CDATA[../document/document_detail.jsp]]></CONTENTSHOWPAGE>
          <CRUSER><![CDATA[admin]]></CRUSER>
          <FLUENCEXML/>
          <CONTENTLISTPAGE><![CDATA[../document/document_list.html]]></CONTENTLISTPAGE>
          <CONTENTADDEDITPAGE><![CDATA[../document/document_addedit.jsp]]></CONTENTADDEDITPAGE>
          <LASTMODIFYTIME/>
          <CHNLQUERY><![CDATA[]]></CHNLQUERY>
          <CHNLORDERBY><![CDATA[]]></CHNLORDERBY>
          <CHNLDESC><![CDATA[视频报道]]></CHNLDESC>
          <OPERTIME/>
          <CHANNELID>73</CHANNELID>
          <CRTIME>2013-03-26 12:22:57</CRTIME>
          <ADVTOOLBAR/>
          <ISCLUSTER>0</ISCLUSTER>
          <CHNLNAME><![CDATA[视频报道]]></CHNLNAME>
          <LINKURL><![CDATA[]]></LINKURL>
        </PROPERTIES>
        <WCMTEMPLATEEMPLOYS>
          <WCMTEMPLATEEMPLOY Version="6.0">
            <PROPERTIES>
              <EMPLOYERID>73</EMPLOYERID>
              <EMPLOYERTYPE>101</EMPLOYERTYPE>
              <TEMPLATETYPE>2</TEMPLATETYPE>
              <ISDEFAULT>1</ISDEFAULT>
              <TEMPLATEID>25</TEMPLATEID>
              <TEMPLATEEMPLOYID>112</TEMPLATEEMPLOYID>
            </PROPERTIES>
          </WCMTEMPLATEEMPLOY>
        </WCMTEMPLATEEMPLOYS>
        <WCMFOLDERPUBLISHCONFIGS>
          <WCMFOLDERPUBLISHCONFIG Version="6.0">
            <PROPERTIES>
              <CRUSER><![CDATA[admin]]></CRUSER>
              <DATAPATH><![CDATA[video]]></DATAPATH>
              <FOLDERID>73</FOLDERID>
              <FOLDERTYPE>101</FOLDERTYPE>
              <FOLDERPUBLISHCONFIGID>76</FOLDERPUBLISHCONFIGID>
              <CRTIME>2013-03-26 12:22:57</CRTIME>
            </PROPERTIES>
          </WCMFOLDERPUBLISHCONFIG>
        </WCMFOLDERPUBLISHCONFIGS>
        <WCMPUBSTATUSCONFIGS/>
        <WCMCONTENTEXTFIELDS/>
        <WCMTEMPLATES/>
        <WCMTEMPAPPENDIXS/>
        <WCMTEMPLATEARGUMENTS/>
        <WCMFLOWEMPLOYS/>
      </WCMCHANNEL>
      <WCMCHANNEL Version="6.0">
        <PROPERTIES>
          <ISCONTAINSCHILDREN>0</ISCONTAINSCHILDREN>
          <CHNLPROP>4</CHNLPROP>
          <TOOLBAR/>
          <CHNLTYPE>0</CHNLTYPE>
          <CHNLOUTLINETEMP>0</CHNLOUTLINETEMP>
          <CHNLORDER>7</CHNLORDER>
          <SITEID>4</SITEID>
          <STATUS>0</STATUS>
          <ATTRIBUTE><![CDATA[PUBLISHLIMIT=&PUBSTARTDATE=]]></ATTRIBUTE>
          <PARENTID>0</PARENTID>
          <PUBLISHPRO>1</PUBLISHPRO>
          <CHNLDETAILTEMP>0</CHNLDETAILTEMP>
          <CONTENTSHOWPAGE><![CDATA[../document/document_detail.jsp]]></CONTENTSHOWPAGE>
          <OPERUSER><![CDATA[admin]]></OPERUSER>
          <CRUSER><![CDATA[admin]]></CRUSER>
          <FLUENCEXML/>
          <CONTENTLISTPAGE><![CDATA[../document/document_list.html]]></CONTENTLISTPAGE>
          <CONTENTADDEDITPAGE><![CDATA[../document/document_addedit.jsp]]></CONTENTADDEDITPAGE>
          <LASTMODIFYTIME>2013-03-26 12:22:58</LASTMODIFYTIME>
          <CHNLQUERY><![CDATA[]]></CHNLQUERY>
          <CHNLORDERBY><![CDATA[]]></CHNLORDERBY>
          <CHNLDESC><![CDATA[栏目tab切换]]></CHNLDESC>
          <OPERTIME>2013-03-26 12:22:58</OPERTIME>
          <CHANNELID>74</CHANNELID>
          <CRTIME>2013-03-26 12:22:57</CRTIME>
          <ADVTOOLBAR/>
          <ISCLUSTER>0</ISCLUSTER>
          <CHNLNAME><![CDATA[栏目tab切换]]></CHNLNAME>
          <LINKURL><![CDATA[]]></LINKURL>
        </PROPERTIES>
        <WCMTEMPLATEEMPLOYS/>
        <WCMFOLDERPUBLISHCONFIGS>
          <WCMFOLDERPUBLISHCONFIG Version="6.0">
            <PROPERTIES>
              <CRUSER><![CDATA[wangyiwen]]></CRUSER>
              <DATAPATH><![CDATA[lmtab]]></DATAPATH>
              <FOLDERID>74</FOLDERID>
              <FOLDERTYPE>101</FOLDERTYPE>
              <FOLDERPUBLISHCONFIGID>77</FOLDERPUBLISHCONFIGID>
              <CRTIME>2013-03-26 12:22:57</CRTIME>
            </PROPERTIES>
          </WCMFOLDERPUBLISHCONFIG>
        </WCMFOLDERPUBLISHCONFIGS>
        <WCMPUBSTATUSCONFIGS/>
        <WCMCHANNELS>
          <WCMCHANNEL Version="6.0">
            <PROPERTIES>
              <ISCONTAINSCHILDREN>0</ISCONTAINSCHILDREN>
              <CHNLPROP>4</CHNLPROP>
              <TOOLBAR/>
              <CHNLTYPE>0</CHNLTYPE>
              <CHNLOUTLINETEMP>0</CHNLOUTLINETEMP>
              <CHNLORDER>19</CHNLORDER>
              <SITEID>4</SITEID>
              <STATUS>0</STATUS>
              <ATTRIBUTE><![CDATA[PUBLISHLIMIT=&PUBSTARTDATE=]]></ATTRIBUTE>
              <PARENTID>74</PARENTID>
              <PUBLISHPRO>1</PUBLISHPRO>
              <CHNLDETAILTEMP>0</CHNLDETAILTEMP>
              <CONTENTSHOWPAGE><![CDATA[../document/document_detail.jsp]]></CONTENTSHOWPAGE>
              <CRUSER><![CDATA[admin]]></CRUSER>
              <FLUENCEXML/>
              <CONTENTLISTPAGE><![CDATA[../document/document_list.html]]></CONTENTLISTPAGE>
              <CONTENTADDEDITPAGE><![CDATA[../document/document_addedit.jsp]]></CONTENTADDEDITPAGE>
              <LASTMODIFYTIME/>
              <CHNLQUERY><![CDATA[]]></CHNLQUERY>
              <CHNLORDERBY><![CDATA[]]></CHNLORDERBY>
              <CHNLDESC><![CDATA[新闻中心]]></CHNLDESC>
              <OPERTIME/>
              <CHANNELID>75</CHANNELID>
              <CRTIME>2013-03-26 12:22:57</CRTIME>
              <ADVTOOLBAR/>
              <ISCLUSTER>0</ISCLUSTER>
              <CHNLNAME><![CDATA[新闻中心_189]]></CHNLNAME>
              <LINKURL><![CDATA[]]></LINKURL>
            </PROPERTIES>
            <WCMTEMPLATEEMPLOYS/>
            <WCMFOLDERPUBLISHCONFIGS>
              <WCMFOLDERPUBLISHCONFIG Version="6.0">
                <PROPERTIES>
                  <CRUSER><![CDATA[wangyiwen]]></CRUSER>
                  <DATAPATH><![CDATA[xwzx]]></DATAPATH>
                  <FOLDERID>75</FOLDERID>
                  <FOLDERTYPE>101</FOLDERTYPE>
                  <FOLDERPUBLISHCONFIGID>78</FOLDERPUBLISHCONFIGID>
                  <CRTIME>2013-03-26 12:22:57</CRTIME>
                </PROPERTIES>
              </WCMFOLDERPUBLISHCONFIG>
            </WCMFOLDERPUBLISHCONFIGS>
            <WCMPUBSTATUSCONFIGS/>
            <WCMCONTENTEXTFIELDS/>
            <WCMTEMPLATES/>
            <WCMTEMPAPPENDIXS/>
            <WCMTEMPLATEARGUMENTS/>
            <WCMFLOWEMPLOYS/>
          </WCMCHANNEL>
          <WCMCHANNEL Version="6.0">
            <PROPERTIES>
              <ISCONTAINSCHILDREN>0</ISCONTAINSCHILDREN>
              <CHNLPROP>4</CHNLPROP>
              <TOOLBAR/>
              <CHNLTYPE>0</CHNLTYPE>
              <CHNLOUTLINETEMP>0</CHNLOUTLINETEMP>
              <CHNLORDER>13</CHNLORDER>
              <SITEID>4</SITEID>
              <STATUS>0</STATUS>
              <ATTRIBUTE><![CDATA[PUBLISHLIMIT=&PUBSTARTDATE=]]></ATTRIBUTE>
              <PARENTID>74</PARENTID>
              <PUBLISHPRO>1</PUBLISHPRO>
              <CHNLDETAILTEMP>0</CHNLDETAILTEMP>
              <CONTENTSHOWPAGE><![CDATA[../document/document_detail.jsp]]></CONTENTSHOWPAGE>
              <CRUSER><![CDATA[admin]]></CRUSER>
              <FLUENCEXML/>
              <CONTENTLISTPAGE><![CDATA[../document/document_list.html]]></CONTENTLISTPAGE>
              <CONTENTADDEDITPAGE><![CDATA[../document/document_addedit.jsp]]></CONTENTADDEDITPAGE>
              <LASTMODIFYTIME/>
              <CHNLQUERY><![CDATA[]]></CHNLQUERY>
              <CHNLORDERBY><![CDATA[]]></CHNLORDERBY>
              <CHNLDESC><![CDATA[产品中心]]></CHNLDESC>
              <OPERTIME/>
              <CHANNELID>76</CHANNELID>
              <CRTIME>2013-03-26 12:22:57</CRTIME>
              <ADVTOOLBAR/>
              <ISCLUSTER>0</ISCLUSTER>
              <CHNLNAME><![CDATA[产品中心_190]]></CHNLNAME>
              <LINKURL><![CDATA[]]></LINKURL>
            </PROPERTIES>
            <WCMTEMPLATEEMPLOYS/>
            <WCMFOLDERPUBLISHCONFIGS>
              <WCMFOLDERPUBLISHCONFIG Version="6.0">
                <PROPERTIES>
                  <CRUSER><![CDATA[wangyiwen]]></CRUSER>
                  <DATAPATH><![CDATA[cpzx]]></DATAPATH>
                  <FOLDERID>76</FOLDERID>
                  <FOLDERTYPE>101</FOLDERTYPE>
                  <FOLDERPUBLISHCONFIGID>79</FOLDERPUBLISHCONFIGID>
                  <CRTIME>2013-03-26 12:22:57</CRTIME>
                </PROPERTIES>
              </WCMFOLDERPUBLISHCONFIG>
            </WCMFOLDERPUBLISHCONFIGS>
            <WCMPUBSTATUSCONFIGS/>
            <WCMCONTENTEXTFIELDS/>
            <WCMTEMPLATES/>
            <WCMTEMPAPPENDIXS/>
            <WCMTEMPLATEARGUMENTS/>
            <WCMFLOWEMPLOYS/>
          </WCMCHANNEL>
          <WCMCHANNEL Version="6.0">
            <PROPERTIES>
              <ISCONTAINSCHILDREN>0</ISCONTAINSCHILDREN>
              <CHNLPROP>4</CHNLPROP>
              <TOOLBAR/>
              <CHNLTYPE>0</CHNLTYPE>
              <CHNLOUTLINETEMP>0</CHNLOUTLINETEMP>
              <CHNLORDER>7</CHNLORDER>
              <SITEID>4</SITEID>
              <STATUS>0</STATUS>
              <ATTRIBUTE><![CDATA[PUBLISHLIMIT=&PUBSTARTDATE=]]></ATTRIBUTE>
              <PARENTID>74</PARENTID>
              <PUBLISHPRO>1</PUBLISHPRO>
              <CHNLDETAILTEMP>0</CHNLDETAILTEMP>
              <CONTENTSHOWPAGE><![CDATA[../document/document_detail.jsp]]></CONTENTSHOWPAGE>
              <CRUSER><![CDATA[admin]]></CRUSER>
              <FLUENCEXML/>
              <CONTENTLISTPAGE><![CDATA[../document/document_list.html]]></CONTENTLISTPAGE>
              <CONTENTADDEDITPAGE><![CDATA[../document/document_addedit.jsp]]></CONTENTADDEDITPAGE>
              <LASTMODIFYTIME/>
              <CHNLQUERY><![CDATA[]]></CHNLQUERY>
              <CHNLORDERBY><![CDATA[]]></CHNLORDERBY>
              <CHNLDESC><![CDATA[组织架构]]></CHNLDESC>
              <OPERTIME/>
              <CHANNELID>77</CHANNELID>
              <CRTIME>2013-03-26 12:22:57</CRTIME>
              <ADVTOOLBAR/>
              <ISCLUSTER>0</ISCLUSTER>
              <CHNLNAME><![CDATA[组织架构_191]]></CHNLNAME>
              <LINKURL><![CDATA[]]></LINKURL>
            </PROPERTIES>
            <WCMTEMPLATEEMPLOYS/>
            <WCMFOLDERPUBLISHCONFIGS>
              <WCMFOLDERPUBLISHCONFIG Version="6.0">
                <PROPERTIES>
                  <CRUSER><![CDATA[wangyiwen]]></CRUSER>
                  <DATAPATH><![CDATA[zzjg]]></DATAPATH>
                  <FOLDERID>77</FOLDERID>
                  <FOLDERTYPE>101</FOLDERTYPE>
                  <FOLDERPUBLISHCONFIGID>80</FOLDERPUBLISHCONFIGID>
                  <CRTIME>2013-03-26 12:22:58</CRTIME>
                </PROPERTIES>
              </WCMFOLDERPUBLISHCONFIG>
            </WCMFOLDERPUBLISHCONFIGS>
            <WCMPUBSTATUSCONFIGS/>
            <WCMCONTENTEXTFIELDS/>
            <WCMTEMPLATES/>
            <WCMTEMPAPPENDIXS/>
            <WCMTEMPLATEARGUMENTS/>
            <WCMFLOWEMPLOYS/>
          </WCMCHANNEL>
          <WCMCHANNEL Version="6.0">
            <PROPERTIES>
              <ISCONTAINSCHILDREN>0</ISCONTAINSCHILDREN>
              <CHNLPROP>4</CHNLPROP>
              <TOOLBAR/>
              <CHNLTYPE>0</CHNLTYPE>
              <CHNLOUTLINETEMP>0</CHNLOUTLINETEMP>
              <CHNLORDER>1</CHNLORDER>
              <SITEID>4</SITEID>
              <STATUS>0</STATUS>
              <ATTRIBUTE><![CDATA[PUBLISHLIMIT=&PUBSTARTDATE=]]></ATTRIBUTE>
              <PARENTID>74</PARENTID>
              <PUBLISHPRO>1</PUBLISHPRO>
              <CHNLDETAILTEMP>0</CHNLDETAILTEMP>
              <CONTENTSHOWPAGE><![CDATA[../document/document_detail.jsp]]></CONTENTSHOWPAGE>
              <CRUSER><![CDATA[admin]]></CRUSER>
              <FLUENCEXML/>
              <CONTENTLISTPAGE><![CDATA[../document/document_list.html]]></CONTENTLISTPAGE>
              <CONTENTADDEDITPAGE><![CDATA[../document/document_addedit.jsp]]></CONTENTADDEDITPAGE>
              <LASTMODIFYTIME/>
              <CHNLQUERY><![CDATA[]]></CHNLQUERY>
              <CHNLORDERBY><![CDATA[]]></CHNLORDERBY>
              <CHNLDESC><![CDATA[通知公告]]></CHNLDESC>
              <OPERTIME/>
              <CHANNELID>78</CHANNELID>
              <CRTIME>2013-03-26 12:22:58</CRTIME>
              <ADVTOOLBAR/>
              <ISCLUSTER>0</ISCLUSTER>
              <CHNLNAME><![CDATA[通知公告_192]]></CHNLNAME>
              <LINKURL><![CDATA[]]></LINKURL>
            </PROPERTIES>
            <WCMTEMPLATEEMPLOYS/>
            <WCMFOLDERPUBLISHCONFIGS>
              <WCMFOLDERPUBLISHCONFIG Version="6.0">
                <PROPERTIES>
                  <CRUSER><![CDATA[wangyiwen]]></CRUSER>
                  <DATAPATH><![CDATA[tzgg]]></DATAPATH>
                  <FOLDERID>78</FOLDERID>
                  <FOLDERTYPE>101</FOLDERTYPE>
                  <FOLDERPUBLISHCONFIGID>81</FOLDERPUBLISHCONFIGID>
                  <CRTIME>2013-03-26 12:22:58</CRTIME>
                </PROPERTIES>
              </WCMFOLDERPUBLISHCONFIG>
            </WCMFOLDERPUBLISHCONFIGS>
            <WCMPUBSTATUSCONFIGS/>
            <WCMCONTENTEXTFIELDS/>
            <WCMTEMPLATES/>
            <WCMTEMPAPPENDIXS/>
            <WCMTEMPLATEARGUMENTS/>
            <WCMFLOWEMPLOYS/>
          </WCMCHANNEL>
        </WCMCHANNELS>
        <WCMCONTENTEXTFIELDS/>
        <WCMTEMPLATES/>
        <WCMTEMPAPPENDIXS/>
        <WCMTEMPLATEARGUMENTS/>
        <WCMFLOWEMPLOYS/>
      </WCMCHANNEL>
      <WCMCHANNEL Version="6.0">
        <PROPERTIES>
          <ISCONTAINSCHILDREN>0</ISCONTAINSCHILDREN>
          <CHNLPROP>4</CHNLPROP>
          <TOOLBAR/>
          <CHNLTYPE>0</CHNLTYPE>
          <CHNLOUTLINETEMP>0</CHNLOUTLINETEMP>
          <CHNLORDER>1</CHNLORDER>
          <SITEID>4</SITEID>
          <STATUS>0</STATUS>
          <ATTRIBUTE><![CDATA[PUBLISHLIMIT=&PUBSTARTDATE=]]></ATTRIBUTE>
          <PARENTID>0</PARENTID>
          <PUBLISHPRO>1</PUBLISHPRO>
          <CHNLDETAILTEMP>0</CHNLDETAILTEMP>
          <CONTENTSHOWPAGE><![CDATA[../document/document_detail.jsp]]></CONTENTSHOWPAGE>
          <CRUSER><![CDATA[admin]]></CRUSER>
          <FLUENCEXML/>
          <CONTENTLISTPAGE><![CDATA[../document/document_list.html]]></CONTENTLISTPAGE>
          <CONTENTADDEDITPAGE><![CDATA[../document/document_addedit.jsp]]></CONTENTADDEDITPAGE>
          <LASTMODIFYTIME/>
          <CHNLQUERY><![CDATA[]]></CHNLQUERY>
          <CHNLORDERBY><![CDATA[]]></CHNLORDERBY>
          <CHNLDESC><![CDATA[动态图片展示]]></CHNLDESC>
          <OPERTIME/>
          <CHANNELID>79</CHANNELID>
          <CRTIME>2013-03-26 12:22:58</CRTIME>
          <ADVTOOLBAR/>
          <ISCLUSTER>0</ISCLUSTER>
          <CHNLNAME><![CDATA[动态图片展示]]></CHNLNAME>
          <LINKURL><![CDATA[]]></LINKURL>
        </PROPERTIES>
        <WCMTEMPLATEEMPLOYS/>
        <WCMFOLDERPUBLISHCONFIGS>
          <WCMFOLDERPUBLISHCONFIG Version="6.0">
            <PROPERTIES>
              <CRUSER><![CDATA[huangdegang]]></CRUSER>
              <DATAPATH><![CDATA[dttpzs]]></DATAPATH>
              <FOLDERID>79</FOLDERID>
              <FOLDERTYPE>101</FOLDERTYPE>
              <FOLDERPUBLISHCONFIGID>82</FOLDERPUBLISHCONFIGID>
              <CRTIME>2013-03-26 12:22:58</CRTIME>
            </PROPERTIES>
          </WCMFOLDERPUBLISHCONFIG>
        </WCMFOLDERPUBLISHCONFIGS>
        <WCMPUBSTATUSCONFIGS/>
        <WCMCONTENTEXTFIELDS/>
        <WCMTEMPLATES/>
        <WCMTEMPAPPENDIXS/>
        <WCMTEMPLATEARGUMENTS/>
        <WCMFLOWEMPLOYS/>
      </WCMCHANNEL>
    </WCMCHANNELS>
    <WCMCONTENTEXTFIELDS/>
    <WCMTEMPLATES>
      <WCMTEMPLATE Version="6.0">
        <PROPERTIES>
          <TEMPTEXT><![CDATA[<!DOCTYPE HTML PUBLIC "-//W3C//DTD HTML 4.01//EN" "http://www.w3.org/TR/html4/strict/dtd">
<html>
 <head>
  <title> New Document </title>
  <meta http-equiv="Content-Type" content="text/html; charset=UTF-8" />
  <meta name="Author" content="CH">
  <meta name="Keywords" content="">
  <meta name="Description" content="">
 </head>

 <body>
  <TRS_APPENDIX field='_RECURL' INDEX='0' MODE='FILE' UrlIsAbs='true' upload='true'/>
 </body>
</html>]]></TEMPTEXT>
          <ISPARSED>1</ISPARSED>
          <FOLDERTYPE>103</FOLDERTYPE>
          <ROOTTYPE>103</ROOTTYPE>
          <ROOTID>4</ROOTID>
          <TEMPDESC><![CDATA[]]></TEMPDESC>
          <CRUSER><![CDATA[admin]]></CRUSER>
          <TEMPNAME><![CDATA[细览模板]]></TEMPNAME>
          <LASTMODIFIEDUSER><![CDATA[admin]]></LASTMODIFIEDUSER>
          <FOLDERID>4</FOLDERID>
          <TEMPEXT><![CDATA[htm]]></TEMPEXT>
          <TEMPTYPE>2</TEMPTYPE>
          <APDMODIFIED>0</APDMODIFIED>
          <TEMPFORMID>0</TEMPFORMID>
          <CRTIME>2013-03-26 12:22:50</CRTIME>
          <LASTMODIFIEDTIME>2013-03-26 12:22:50</LASTMODIFIEDTIME>
          <TEMPID>25</TEMPID>
          <OUTPUTFILENAME><![CDATA[index]]></OUTPUTFILENAME>
        </PROPERTIES>
        <WCMTEMPAPDRELS/>
      </WCMTEMPLATE>
      <WCMTEMPLATE Version="6.0">
        <PROPERTIES>
          <TEMPTEXT><![CDATA[<!DOCTYPE html PUBLIC "-//W3C//DTD XHTML 1.0 Transitional//EN" "http://www.w3.org/TR/xhtml1/DTD/xhtml1-transitional.dtd">
<html xmlns="http://www.w3.org/1999/xhtml">
<head>
<meta http-equiv="Content-Type" content="text/html; charset=utf-8" />
<title><TRS_CHANNEL ID="OWNER" FIELD="CHNLNAME" AUTOLINK="false">title</TRS_CHANNEL></title>
</head>
<body>
<table width="950" border="0" align="center" cellpadding="0" cellspacing="0">
  <tr>
    <td height="25" align="center" background="cn5bottom001.gif">版权所有：北京拓尔思信息技术股份有限公司</td>
  </tr>
  <tr>
    <td><img src="cn5bottom002.jpg" width="950" height="8" /></td>
  </tr>
  <tr>
    <td height="64" valign="top"><table width="950" border="0" cellspacing="0" cellpadding="0">
        <tr>
       <!-- <td width="200" height="54" align="center"><img src="logo03.gif" width="200" height="54" /></td>
          <td width="1"><img src="cn5bottom004.gif" width="1" height="43" /></td>-->
          <td width="950" style="padding:0 0 0 20px;" align="center">地址：北京市朝阳区大屯路风林西奥中心B座16层 邮编：100101   <br />   
            　 电话：010－64848899  传真：010－64879084  Email：trs@trs.com.cn<br /></td>
        </tr>
      </table></td>
  </tr>
</table>
</body>
</html>]]></TEMPTEXT>
          <ISPARSED>1</ISPARSED>
          <FOLDERTYPE>103</FOLDERTYPE>
          <ROOTTYPE>103</ROOTTYPE>
          <ROOTID>4</ROOTID>
          <TEMPDESC><![CDATA[]]></TEMPDESC>
          <CRUSER><![CDATA[admin]]></CRUSER>
          <TEMPNAME><![CDATA[outline]]></TEMPNAME>
          <LASTMODIFIEDUSER><![CDATA[admin]]></LASTMODIFIEDUSER>
          <FOLDERID>4</FOLDERID>
          <TEMPEXT><![CDATA[htm]]></TEMPEXT>
          <TEMPTYPE>1</TEMPTYPE>
          <APDMODIFIED>0</APDMODIFIED>
          <TEMPFORMID>0</TEMPFORMID>
          <CRTIME>2013-03-26 12:22:50</CRTIME>
          <LASTMODIFIEDTIME>2013-03-26 12:22:50</LASTMODIFIEDTIME>
          <TEMPID>26</TEMPID>
          <OUTPUTFILENAME><![CDATA[index]]></OUTPUTFILENAME>
        </PROPERTIES>
        <WCMTEMPAPDRELS/>
      </WCMTEMPLATE>
    </WCMTEMPLATES>
    <WCMTEMPAPPENDIXS/>
  </WCMWEBSITE>
</WCMWEBSITES>
