<?xml version="1.0" encoding="UTF-8"?>

<WCMTEMPLATES>
  <WCMTEMPLATE Version="6.0">
    <PROPERTIES>
      <TEMPNAME><![CDATA[站点最后修改时间]]></TEMPNAME>
      <TEMPTYPE>1</TEMPTYPE>
      <TEMPEXT><![CDATA[txt]]></TEMPEXT>
      <OUTPUTFILENAME><![CDATA[lmt]]></OUTPUTFILENAME>
      <VISUAL>0</VISUAL>
      <TEMPDESC><![CDATA[站点最后修改时间]]></TEMPDESC>
    </PROPERTIES>
  </WCMTEMPLATE>
  <WCMTEMPLATE Version="6.0">
    <PROPERTIES>
      <TEMPNAME><![CDATA[浏览器-图片缩略图列表]]></TEMPNAME>
      <TEMPTYPE>1</TEMPTYPE>
      <TEMPEXT><![CDATA[html]]></TEMPEXT>
      <OUTPUTFILENAME><![CDATA[index]]></OUTPUTFILENAME>
      <VISUAL>0</VISUAL>
      <TEMPDESC><![CDATA[]]></TEMPDESC>
    </PROPERTIES>
  </WCMTEMPLATE>
  <WCMTEMPLATE Version="6.0">
    <PROPERTIES>
      <TEMPNAME><![CDATA[栏目路径到ID转换工具]]></TEMPNAME>
      <TEMPTYPE>1</TEMPTYPE>
      <TEMPEXT><![CDATA[txt]]></TEMPEXT>
      <OUTPUTFILENAME><![CDATA[chnlinfo]]></OUTPUTFILENAME>
      <VISUAL>0</VISUAL>
      <TEMPDESC><![CDATA[]]></TEMPDESC>
    </PROPERTIES>
  </WCMTEMPLATE>
  <WCMTEMPLATE Version="6.0">
    <PROPERTIES>
      <TEMPNAME><![CDATA[栏目结构最后修改时间]]></TEMPNAME>
      <TEMPTYPE>1</TEMPTYPE>
      <TEMPEXT><![CDATA[txt]]></TEMPEXT>
      <OUTPUTFILENAME><![CDATA[clmt]]></OUTPUTFILENAME>
      <VISUAL>0</VISUAL>
      <TEMPDESC><![CDATA[]]></TEMPDESC>
    </PROPERTIES>
  </WCMTEMPLATE>
  <WCMTEMPLATE Version="6.0">
    <PROPERTIES>
      <TEMPNAME><![CDATA[栏目辅助模板]]></TEMPNAME>
      <TEMPTYPE>1</TEMPTYPE>
      <TEMPEXT><![CDATA[tmp]]></TEMPEXT>
      <OUTPUTFILENAME><![CDATA[index]]></OUTPUTFILENAME>
      <VISUAL>0</VISUAL>
      <TEMPDESC><![CDATA[栏目列表辅助模板]]></TEMPDESC>
    </PROPERTIES>
  </WCMTEMPLATE>
  <WCMTEMPLATE Version="6.0">
    <PROPERTIES>
      <TEMPNAME><![CDATA[浏览器-小图标栏目列表]]></TEMPNAME>
      <TEMPTYPE>1</TEMPTYPE>
      <TEMPEXT><![CDATA[html]]></TEMPEXT>
      <OUTPUTFILENAME><![CDATA[index]]></OUTPUTFILENAME>
      <VISUAL>0</VISUAL>
      <TEMPDESC><![CDATA[]]></TEMPDESC>
    </PROPERTIES>
  </WCMTEMPLATE>
  <WCMTEMPLATE Version="6.0">
    <PROPERTIES>
      <TEMPNAME><![CDATA[图片文档列表]]></TEMPNAME>
      <TEMPTYPE>1</TEMPTYPE>
      <TEMPEXT><![CDATA[xml]]></TEMPEXT>
      <OUTPUTFILENAME><![CDATA[documents]]></OUTPUTFILENAME>
      <VISUAL>0</VISUAL>
      <TEMPDESC><![CDATA[]]></TEMPDESC>
    </PROPERTIES>
  </WCMTEMPLATE>
  <WCMTEMPLATE Version="6.0">
    <PROPERTIES>
      <TEMPNAME><![CDATA[地图页面]]></TEMPNAME>
      <TEMPTYPE>1</TEMPTYPE>
      <TEMPEXT><![CDATA[xml]]></TEMPEXT>
      <OUTPUTFILENAME><![CDATA[map]]></OUTPUTFILENAME>
      <VISUAL>0</VISUAL>
      <TEMPDESC><![CDATA[]]></TEMPDESC>
    </PROPERTIES>
  </WCMTEMPLATE>
  <WCMTEMPLATE Version="6.0">
    <PROPERTIES>
      <TEMPNAME><![CDATA[浏览器-栏目通用概览]]></TEMPNAME>
      <TEMPTYPE>1</TEMPTYPE>
      <TEMPEXT><![CDATA[temp]]></TEMPEXT>
      <OUTPUTFILENAME><![CDATA[index]]></OUTPUTFILENAME>
      <VISUAL>0</VISUAL>
      <TEMPDESC><![CDATA[]]></TEMPDESC>
    </PROPERTIES>
  </WCMTEMPLATE>
  <WCMTEMPLATE Version="6.0">
    <PROPERTIES>
      <TEMPNAME><![CDATA[普通文档列表]]></TEMPNAME>
      <TEMPTYPE>1</TEMPTYPE>
      <TEMPEXT><![CDATA[xml]]></TEMPEXT>
      <OUTPUTFILENAME><![CDATA[documents]]></OUTPUTFILENAME>
      <VISUAL>0</VISUAL>
      <TEMPDESC><![CDATA[]]></TEMPDESC>
    </PROPERTIES>
  </WCMTEMPLATE>
  <WCMTEMPLATE Version="6.0">
    <PROPERTIES>
      <TEMPNAME><![CDATA[浏览器-普通栏目列表]]></TEMPNAME>
      <TEMPTYPE>1</TEMPTYPE>
      <TEMPEXT><![CDATA[html]]></TEMPEXT>
      <OUTPUTFILENAME><![CDATA[index]]></OUTPUTFILENAME>
      <VISUAL>0</VISUAL>
      <TEMPDESC><![CDATA[]]></TEMPDESC>
    </PROPERTIES>
  </WCMTEMPLATE>
  <WCMTEMPLATE Version="6.0">
    <PROPERTIES>
      <TEMPNAME><![CDATA[浏览器-更多栏目列表]]></TEMPNAME>
      <TEMPTYPE>1</TEMPTYPE>
      <TEMPEXT><![CDATA[html]]></TEMPEXT>
      <OUTPUTFILENAME><![CDATA[more]]></OUTPUTFILENAME>
      <VISUAL>0</VISUAL>
      <TEMPDESC><![CDATA[]]></TEMPDESC>
    </PROPERTIES>
  </WCMTEMPLATE>
  <WCMTEMPLATE Version="6.0">
    <PROPERTIES>
      <TEMPNAME><![CDATA[浏览器-普通文档列表]]></TEMPNAME>
      <TEMPTYPE>1</TEMPTYPE>
      <TEMPEXT><![CDATA[html]]></TEMPEXT>
      <OUTPUTFILENAME><![CDATA[index]]></OUTPUTFILENAME>
      <VISUAL>0</VISUAL>
      <TEMPDESC><![CDATA[]]></TEMPDESC>
    </PROPERTIES>
  </WCMTEMPLATE>
  <WCMTEMPLATE Version="6.0">
    <PROPERTIES>
      <TEMPNAME><![CDATA[站点辅助模板]]></TEMPNAME>
      <TEMPTYPE>1</TEMPTYPE>
      <TEMPEXT><![CDATA[tmp]]></TEMPEXT>
      <OUTPUTFILENAME><![CDATA[index]]></OUTPUTFILENAME>
      <VISUAL>0</VISUAL>
      <TEMPDESC><![CDATA[站点辅助模板]]></TEMPDESC>
    </PROPERTIES>
  </WCMTEMPLATE>
  <WCMTEMPLATE Version="6.0">
    <PROPERTIES>
      <TEMPNAME><![CDATA[浏览器-视频播放页面]]></TEMPNAME>
      <TEMPTYPE>1</TEMPTYPE>
      <TEMPEXT><![CDATA[html]]></TEMPEXT>
      <OUTPUTFILENAME><![CDATA[videoplayer]]></OUTPUTFILENAME>
      <VISUAL>0</VISUAL>
      <TEMPDESC><![CDATA[]]></TEMPDESC>
    </PROPERTIES>
  </WCMTEMPLATE>
  <WCMTEMPLATE Version="6.0">
    <PROPERTIES>
      <TEMPNAME><![CDATA[消息推送最新时间]]></TEMPNAME>
      <TEMPTYPE>1</TEMPTYPE>
      <TEMPEXT><![CDATA[txt]]></TEMPEXT>
      <OUTPUTFILENAME><![CDATA[lpt]]></OUTPUTFILENAME>
      <VISUAL>0</VISUAL>
      <TEMPDESC><![CDATA[消息推送最新时间]]></TEMPDESC>
    </PROPERTIES>
  </WCMTEMPLATE>
  <WCMTEMPLATE Version="6.0">
    <PROPERTIES>
      <TEMPNAME><![CDATA[消息推送]]></TEMPNAME>
      <TEMPTYPE>1</TEMPTYPE>
      <TEMPEXT><![CDATA[xml]]></TEMPEXT>
      <OUTPUTFILENAME><![CDATA[notify]]></OUTPUTFILENAME>
      <VISUAL>0</VISUAL>
      <TEMPDESC><![CDATA[消息推送]]></TEMPDESC>
    </PROPERTIES>
  </WCMTEMPLATE>
  <WCMTEMPLATE Version="6.0">
    <PROPERTIES>
      <TEMPNAME><![CDATA[文档详细信息带格式]]></TEMPNAME>
      <TEMPTYPE>2</TEMPTYPE>
      <TEMPEXT><![CDATA[xml]]></TEMPEXT>
      <OUTPUTFILENAME><![CDATA[index]]></OUTPUTFILENAME>
      <VISUAL>0</VISUAL>
      <TEMPDESC><![CDATA[]]></TEMPDESC>
    </PROPERTIES>
  </WCMTEMPLATE>
  <WCMTEMPLATE Version="6.0">
    <PROPERTIES>
      <TEMPNAME><![CDATA[浏览器-文档详细信息]]></TEMPNAME>
      <TEMPTYPE>2</TEMPTYPE>
      <TEMPEXT><![CDATA[html]]></TEMPEXT>
      <OUTPUTFILENAME><![CDATA[index]]></OUTPUTFILENAME>
      <VISUAL>0</VISUAL>
      <TEMPDESC><![CDATA[]]></TEMPDESC>
    </PROPERTIES>
  </WCMTEMPLATE>
  <WCMTEMPLATE Version="6.0">
    <PROPERTIES>
      <TEMPNAME><![CDATA[浏览器-站点首页]]></TEMPNAME>
      <TEMPTYPE>1</TEMPTYPE>
      <TEMPEXT><![CDATA[html]]></TEMPEXT>
      <OUTPUTFILENAME><![CDATA[index]]></OUTPUTFILENAME>
      <VISUAL>0</VISUAL>
      <TEMPDESC><![CDATA[]]></TEMPDESC>
    </PROPERTIES>
  </WCMTEMPLATE>
  <WCMTEMPLATE Version="6.0">
    <PROPERTIES>
      <TEMPNAME><![CDATA[浏览器-图片标题加摘要列表]]></TEMPNAME>
      <TEMPTYPE>1</TEMPTYPE>
      <TEMPEXT><![CDATA[html]]></TEMPEXT>
      <OUTPUTFILENAME><![CDATA[index]]></OUTPUTFILENAME>
      <VISUAL>0</VISUAL>
      <TEMPDESC><![CDATA[]]></TEMPDESC>
    </PROPERTIES>
  </WCMTEMPLATE>
  <WCMTEMPLATE Version="6.0">
    <PROPERTIES>
      <TEMPNAME><![CDATA[文档详细信息不带格式]]></TEMPNAME>
      <TEMPTYPE>2</TEMPTYPE>
      <TEMPEXT><![CDATA[xml]]></TEMPEXT>
      <OUTPUTFILENAME><![CDATA[index]]></OUTPUTFILENAME>
      <VISUAL>0</VISUAL>
      <TEMPDESC><![CDATA[]]></TEMPDESC>
    </PROPERTIES>
  </WCMTEMPLATE>
  <WCMTEMPLATE Version="6.0">
    <PROPERTIES>
      <TEMPNAME><![CDATA[浏览器-文档热点排行列表]]></TEMPNAME>
      <TEMPTYPE>1</TEMPTYPE>
      <TEMPEXT><![CDATA[html]]></TEMPEXT>
      <OUTPUTFILENAME><![CDATA[index]]></OUTPUTFILENAME>
      <VISUAL>0</VISUAL>
      <TEMPDESC><![CDATA[]]></TEMPDESC>
    </PROPERTIES>
  </WCMTEMPLATE>
  <WCMTEMPLATE Version="6.0">
    <PROPERTIES>
      <TEMPNAME><![CDATA[文档最后修改时间]]></TEMPNAME>
      <TEMPTYPE>2</TEMPTYPE>
      <TEMPEXT><![CDATA[txt]]></TEMPEXT>
      <OUTPUTFILENAME><![CDATA[index]]></OUTPUTFILENAME>
      <VISUAL>0</VISUAL>
      <TEMPDESC><![CDATA[文档最后修改时间]]></TEMPDESC>
    </PROPERTIES>
  </WCMTEMPLATE>
  <WCMTEMPLATE Version="6.0">
    <PROPERTIES>
      <TEMPNAME><![CDATA[顶部大图+图片文档列表]]></TEMPNAME>
      <TEMPTYPE>1</TEMPTYPE>
      <TEMPEXT><![CDATA[xml]]></TEMPEXT>
      <OUTPUTFILENAME><![CDATA[documents]]></OUTPUTFILENAME>
      <VISUAL>0</VISUAL>
      <TEMPDESC><![CDATA[]]></TEMPDESC>
    </PROPERTIES>
  </WCMTEMPLATE>
  <WCMTEMPLATE Version="6.0">
    <PROPERTIES>
      <TEMPNAME><![CDATA[栏目最后修改时间]]></TEMPNAME>
      <TEMPTYPE>1</TEMPTYPE>
      <TEMPEXT><![CDATA[txt]]></TEMPEXT>
      <OUTPUTFILENAME><![CDATA[lmt]]></OUTPUTFILENAME>
      <VISUAL>0</VISUAL>
      <TEMPDESC><![CDATA[栏目最后修改时间]]></TEMPDESC>
    </PROPERTIES>
  </WCMTEMPLATE>
  <WCMTEMPLATE Version="6.0">
    <PROPERTIES>
      <TEMPNAME><![CDATA[顶部大图+普通文档列表]]></TEMPNAME>
      <TEMPTYPE>1</TEMPTYPE>
      <TEMPEXT><![CDATA[xml]]></TEMPEXT>
      <OUTPUTFILENAME><![CDATA[documents]]></OUTPUTFILENAME>
      <VISUAL>0</VISUAL>
      <TEMPDESC><![CDATA[]]></TEMPDESC>
    </PROPERTIES>
  </WCMTEMPLATE>
  <WCMTEMPLATE Version="6.0">
    <PROPERTIES>
      <TEMPNAME><![CDATA[栏目列表]]></TEMPNAME>
      <TEMPTYPE>1</TEMPTYPE>
      <TEMPEXT><![CDATA[xml]]></TEMPEXT>
      <OUTPUTFILENAME><![CDATA[channels]]></OUTPUTFILENAME>
      <VISUAL>0</VISUAL>
      <TEMPDESC><![CDATA[]]></TEMPDESC>
    </PROPERTIES>
  </WCMTEMPLATE>
  <WCMTEMPLATE Version="6.0">
    <PROPERTIES>
      <TEMPNAME><![CDATA[浏览器-顶部大图+底部图片标题加摘要列表]]></TEMPNAME>
      <TEMPTYPE>1</TEMPTYPE>
      <TEMPEXT><![CDATA[html]]></TEMPEXT>
      <OUTPUTFILENAME><![CDATA[index]]></OUTPUTFILENAME>
      <VISUAL>0</VISUAL>
      <TEMPDESC><![CDATA[]]></TEMPDESC>
    </PROPERTIES>
  </WCMTEMPLATE>
  <WCMTEMPLATE Version="6.0">
    <PROPERTIES>
      <TEMPNAME><![CDATA[浏览器-子列表头部]]></TEMPNAME>
      <TEMPTYPE>1</TEMPTYPE>
      <TEMPEXT><![CDATA[html]]></TEMPEXT>
      <OUTPUTFILENAME><![CDATA[index]]></OUTPUTFILENAME>
      <VISUAL>0</VISUAL>
      <TEMPDESC><![CDATA[]]></TEMPDESC>
    </PROPERTIES>
  </WCMTEMPLATE>
  <WCMTEMPLATE Version="6.0">
    <PROPERTIES>
      <TEMPNAME><![CDATA[客户端系统配置]]></TEMPNAME>
      <TEMPTYPE>1</TEMPTYPE>
      <TEMPEXT><![CDATA[xml]]></TEMPEXT>
      <OUTPUTFILENAME><![CDATA[cs]]></OUTPUTFILENAME>
      <VISUAL>0</VISUAL>
      <TEMPDESC><![CDATA[客户端系统配置]]></TEMPDESC>
    </PROPERTIES>
  </WCMTEMPLATE>
  <WCMTEMPLATE Version="6.0">
    <PROPERTIES>
      <TEMPNAME><![CDATA[浏览器-视频缩略图列表]]></TEMPNAME>
      <TEMPTYPE>1</TEMPTYPE>
      <TEMPEXT><![CDATA[html]]></TEMPEXT>
      <OUTPUTFILENAME><![CDATA[index]]></OUTPUTFILENAME>
      <VISUAL>0</VISUAL>
      <TEMPDESC><![CDATA[]]></TEMPDESC>
    </PROPERTIES>
  </WCMTEMPLATE>
  <WCMTEMPLATE Version="6.0">
    <PROPERTIES>
      <TEMPNAME><![CDATA[浏览器-顶部栏目导航]]></TEMPNAME>
      <TEMPTYPE>1</TEMPTYPE>
      <TEMPEXT><![CDATA[html]]></TEMPEXT>
      <OUTPUTFILENAME><![CDATA[index]]></OUTPUTFILENAME>
      <VISUAL>0</VISUAL>
      <TEMPDESC><![CDATA[]]></TEMPDESC>
    </PROPERTIES>
  </WCMTEMPLATE>
</WCMTEMPLATES>
