<?xml version="1.0" encoding="UTF-8"?>

<XWCMCONTENTSTYLES>
  <XWCMCONTENTSTYLE Version="6.0">
    <PROPERTIES>
      <CSSFLAG><![CDATA[ejlbymdfy]]></CSSFLAG>
      <CONTENTSTYLEID>532</CONTENTSTYLEID>
      <ISPRIVATE>1</ISPRIVATE>
      <CRTIME>2012-10-15 18:42:08</CRTIME>
      <STYLENAME><![CDATA[二级页面文档列表带分页]]></STYLENAME>
      <CUSTOMSTYLE><![CDATA[.p_doc_title{
		display:inline-block;
		width:650px;
		margin-left:100px;
	}
	.p_doc_title_li{
		line-height:30px;
	}
	.c_line{
		display:none;
	}

	.documentListPageNav{ 
		text-align:center;
		margin:25px auto auto;
		padding:0;
		overflow:hidden;
		font-weight:700;
		font-size:14px;
		font-family:Microsoft YaHei,simhei;
	}
	.documentListPageNav a{
		display:inline-block;
		vertical-align:middle;
		text-align:center; 
		height:25px;
		line-height:25px;
		padding:0px 7px;
		margin-right:4px; 
		text-decoration:none;
		background-color:darkgray; 
		border:1px solid darkgray;
		color:white;
		overflow:hidden;
	}
	.documentListPageNav a:hover{
		background-color:#fff;
		color:red;
		border-color:#ffcccc;
	}
	.documentListPageNav span{
		display:inline-block;
		vertical-align:middle;
		text-align:center;
		height:25px;
		line-height:25px;
		padding:0px 7px;
		margin-right:4px;
		background-color:#fff; 
		border:1px solid #bdbdbd;
		color:black;
	}]]></CUSTOMSTYLE>
      <CRUSER><![CDATA[admin]]></CRUSER>
      <SRCCONTENTSTYLEID>518</SRCCONTENTSTYLEID>
      <PAGESTYLEID>12</PAGESTYLEID>
      <STYLEDESC><![CDATA[二级页面文档列表带分页]]></STYLEDESC>
      <TEMPLATE><![CDATA[CustomStyle]]></TEMPLATE>
    </PROPERTIES>
    <XWCMSTYLEITEMS/>
  </XWCMCONTENTSTYLE>
</XWCMCONTENTSTYLES>
