<?xml version="1.0" encoding="UTF-8"?>

<RESOURCE Version="6.0">
  <PROPERTIES/>
  <WCMCHANNELS>
    <WCMCHANNEL Version="6.0">
      <PROPERTIES>
        <CHANNELID>106</CHANNELID>
        <CHNLNAME><![CDATA[导读数据]]></CHNLNAME>
        <CHNLDESC><![CDATA[导读数据]]></CHNLDESC>
      </PROPERTIES>
      <WCMFLOWEMPLOYS/>
    </WCMCHANNEL>
  </WCMCHANNELS>
  <WCMSTATUSS>
    <WCMSTATUS Version="6.0">
      <PROPERTIES>
        <STATUSID>1</STATUSID>
        <SNAME><![CDATA[新稿状态]]></SNAME>
        <SDESC><![CDATA[稿件最新采集但尚未编辑]]></SDESC>
        <SDISP><![CDATA[新稿]]></SDISP>
      </PROPERTIES>
    </WCMSTATUS>
  </WCMSTATUSS>
  <WCMSOURCES/>
  <WCMSECURITYS/>
</RESOURCE>
