<isd:service xmlns:isd="http://xml.apache.org/xml-soap/deployment"
             id="urn:exc-fault-sample">
  <isd:provider type="java"
                scope="Application"
                methods="throw1">
    <isd:java class="samples.excfault.ExcFaultService" static="false"/>
    <isd:option key="gzip" value="false"/>
    <isd:option key="SessionRequired" value="false"/>
  </isd:provider>

  <isd:faultListener>org.apache.soap.server.ExceptionFaultListener</isd:faultListener>

  <isd:mappings>
    <isd:map encodingStyle="http://schemas.xmlsoap.org/soap/encoding/"
             xmlns:x="urn:exc-fault-sample" qname="x:ExcFaultException"
             javaType="samples.excfault.ExcFaultException"
             java2XMLClassName="samples.excfault.ExcFaultExceptionSerializer"
             xml2JavaClassName="samples.excfault.ExcFaultExceptionSerializer"/>
  </isd:mappings>    
</isd:service>
