<?xml version="1.0" encoding="utf-8" ?>
<cs>
<iversion>1.0</iversion>
<appstoreurl><![CDATA[itms-apps://itunes.apple.com/app/sandman/id388887746?mt=8&uo=4]]></appstoreurl>
<tokenurl4iphone>http://wcm6.trs.cn/push4iphone/registertoken.jsp</tokenurl4iphone>
<searchurl>http://wcm6.trs.cn/zbbmobilesearch/mobilesearch.jsp</searchurl>
<updateurl></updateurl>
<notifylpturl><TRS_Channel id="消息推送" Field="_RecUrl" UrlIsAbs="true" TemplateName="消息推送最新时间"/></notifylpturl>
<notifyurl><TRS_Channel id="消息推送" Field="_RecUrl" UrlIsAbs="true" TemplateName="消息推送" ONLYTEMPLATENAME="TRUE"/></notifyurl>
<subscribechannels>5844,5845,5846</subscribechannels>
<coverChnlId>5844</coverChnlId>
</cs>