<?xml version="1.0" encoding="utf-8" ?>
<cs>
<TRS_CHANNELS id="OWNER"  childtype="-1" startpos="0" >
   <c id="<TRS_Channel Field='ChannelId' />" n="<TRS_Channel Field='ChnlDesc' AUTOFORMATTYPE='xml' autolink='false' />" t="<TRS_Channel Field='#ListType' />" lmt="<TRS_Channel Field='CrTime' DATEFORMAT="yyyy-MM-dd" />" ic="<TRS_CHANNELLOGO INDEX=1 UrlIsAbs='true' />" url="<TRS_Channel Field='_RecUrl' UrlIsAbs='true' />" pid="<TRS_Channel Field='parentid' />" abs="<TRS_Replace value="栏目描述" AUTOFORMAT="true" AUTOFORMATTYPE='xml' />" />

		<TRS_CHANNELS id="OWNER"  childtype="-1" startpos="0" >
			<c id="<TRS_Channel Field='ChannelId' />" n="<TRS_Channel Field='ChnlDesc' AUTOFORMATTYPE='xml' autolink='false' />" t="<TRS_Channel Field='#ListType' />" lmt="<TRS_Channel Field='CrTime' DATEFORMAT="yyyy-MM-dd" />" ic="<TRS_CHANNELLOGO INDEX=1 UrlIsAbs='true' />" url="<TRS_Channel Field='_RecUrl' UrlIsAbs='true' />" pid="<TRS_Channel Field='parentid' />" abs="<TRS_Replace value="栏目描述" AUTOFORMAT="true" AUTOFORMATTYPE='xml' />" />

				<TRS_CHANNELS id="OWNER"  childtype="-1" startpos="0" >
					<c id="<TRS_Channel Field='ChannelId' />" n="<TRS_Channel Field='ChnlDesc' AUTOFORMATTYPE='xml' autolink='false' />" t="<TRS_Channel Field='#ListType' />" lmt="<TRS_Channel Field='CrTime' DATEFORMAT="yyyy-MM-dd" />" ic="<TRS_CHANNELLOGO INDEX=1 UrlIsAbs='true' />" url="<TRS_Channel Field='_RecUrl' UrlIsAbs='true' />" pid="<TRS_Channel Field='parentid' />" abs="<TRS_Replace value="栏目描述" AUTOFORMAT="true" AUTOFORMATTYPE='xml' />" />
				</TRS_CHANNELS>

		</TRS_CHANNELS>
</TRS_CHANNELS>
</cs>