<?xml version="1.0" encoding="utf-8" ?>
<ds num="${RECORD_COUNT}" pageIndex="${PAGE_INDEX}" pageCount="${PAGE_COUNT}">
<TRS_DOCUMENTS id="OWNER" pagesize="20" num="100" startpos="0" automore="FALSE" order="Crtime Desc">
    <d id="<TRS_DOCUMENT Field='DocId' />" n="<TRS_DOCUMENT Field='DocTitle' autolink='false' autocolor='false' CODEFILTERED='true' Num='500' AUTOFORMAT='true' AUTOFORMATTYPE='xml'/>"  au="<TRS_DOCUMENT Field='DocAuthor' />" rt="<TRS_DOCUMENT Field='crtime' DATEFORMAT="yyyy-MM-dd" />" ic="<TRS_CONTIMG INDEX='1' width="400" FirstFrom="content" Field='url' UrlIsAbs='true' OnlyFrom="content" />" url="<TRS_DOCUMENT Field='_RecURL' UrlIsAbs='true' />" dsn="<TRS_Document Field="docsourcename" AUTOFORMAT='true' AUTOFORMATTYPE='xml' />" chnlid="<TRS_DOCUMENT Field='docchannel' />">
		<ab>
			<![CDATA[<TRS_DOCUMENT Field='DocAbstract' Num='500' AUTOFORMAT='true' AUTOFORMATTYPE='innerText' />]]>
		</ab>
		<dc>
			<![CDATA[<TRS_DOCUMENT Field='DocContent' AUTOFORMAT='true' AUTOFORMATTYPE='innerText' />]]>
		</dc>
	</d>
</TRS_DOCUMENTS>
</ds>