<?xml version="1.0" encoding="utf-8" ?>
<as>
	<TRS_XAPPENDIXS mode="FILE">
	<a n="<TRS_XAPPENDIX FIELD='APPDESC' />" url="<TRS_XAPPENDIX FIELD='_RECURL' Upload='true' UrlIsAbs='true' />" t="<TRS_XAPPENDIX FIELD='APPFLAG' />"></a>
	</TRS_XAPPENDIXS>
	<TRS_XAPPENDIXS mode="LINK">
	<a n="<TRS_XAPPENDIX FIELD='APPDESC' />" url="<TRS_XAPPENDIX FIELD='_RECURL' Upload='true' UrlIsAbs='true' />" t="<TRS_XAPPENDIX FIELD='APPFLAG' />"></a> 
	</TRS_XAPPENDIXS>
	<!--
	<TRS_XAPPENDIXS mode="PIC">
	<a n="<TRS_XAPPENDIX FIELD='APPDESC' />" url="<TRS_XAPPENDIX FIELD='_RECURL' Upload='true' UrlIsAbs='true' />" t="<TRS_XAPPENDIX FIELD='APPFLAG' />"></a>
	</TRS_XAPPENDIXS> 
	-->
	<TRS_CONTIMGS ONLYFROM="content"> 
	<a n="<TRS_CONTIMG FIELD='DESC' />" url="<TRS_CONTIMG FIELD='url' UrlIsAbs='true' />" t="20"></a> 
	</TRS_CONTIMGS>
</as>