<?xml version="1.0" encoding="utf-8"?> 
<d>
	<property>
		<docid>
			<TRS_Document Field="docid"></TRS_Document>
		</docid>
		<docchannel>
			<TRS_Document Field="docchannel"></TRS_Document>
		</docchannel>
		<doctype>
			<TRS_Document Field="doctype"></TRS_Document>
		</doctype>
		<doctitle><![CDATA[<TRS_Document Field="doctitle" autolink="false" autocolor="false" AUTOFORMAT='true' AUTOFORMATTYPE='xml'/>]]></doctitle>
		<subdoctitle><![CDATA[<TRS_Document Field="subdoctitle" AUTOFORMAT='true' AUTOFORMATTYPE='xml'/>]]></subdoctitle>
		<docauthor><![CDATA[<TRS_Document Field="docauthor" />]]></docauthor>
		<docsourcename><![CDATA[<TRS_Document Field="docsourcename" />]]></docsourcename>
		<docreltime><TRS_Document Field="docreltime" /></docreltime>
		<opertime><TRS_Document Field="opertime" /></opertime>
		<cruser><![CDATA[<TRS_Document Field="cruser" />]]></cruser>
		<crtime><TRS_Document Field="crtime" /></crtime>
		<docabstract><![CDATA[<TRS_Document Field="docabstract" AUTOFORMAT='true' AUTOFORMATTYPE='xml'/>]]></docabstract>
		<dochtmlcon><![CDATA[<TRS_Document Field="doccontent" autoformat="true" autoformattype="innertext" />]]></dochtmlcon>
		<pcurl><TRS_Document Field="entityurl"/></pcurl>
	</property>
<!--
	<as>
		<TRS_XAPPENDIXS mode="FILE">
			<a n="<TRS_XAPPENDIX FIELD='APPDESC' />" url="<TRS_XAPPENDIX FIELD='_RECURL' Upload='true' UrlIsAbs='true' />" t="<TRS_XAPPENDIX FIELD='APPFLAG' />"></a>
		</TRS_XAPPENDIXS>
		<TRS_XAPPENDIXS mode="LINK">
			<a n="<TRS_XAPPENDIX FIELD='APPDESC' />" url="<TRS_XAPPENDIX FIELD='_RECURL' Upload='true' UrlIsAbs='true' />" t="<TRS_XAPPENDIX FIELD='APPFLAG' />"></a>
		</TRS_XAPPENDIXS>
		<TRS_XAPPENDIXS mode="PIC"> 
			<a n="<TRS_XAPPENDIX FIELD='APPDESC' />" url="<TRS_XAPPENDIX FIELD='_RECURL' Upload='true' UrlIsAbs='true' />" t="<TRS_XAPPENDIX FIELD='APPFLAG' />"></a> 
			 <TRS_XAPPENDIX width="300" UPLOADONLY="true"/>
		</TRS_XAPPENDIXS> 
	</as>
-->
</d>
<TRS_PAGEGENERATE TEMPNAME="文档附件信息列表" OnlyPublish="true" AUTOUPDATE="true" ext="appendixes"></TRS_PAGEGENERATE>
<TRS_PAGEGENERATE TEMPNAME="文档最后修改时间" OnlyPublish="true" AUTOUPDATE="true" ext="lmt"></TRS_PAGEGENERATE>