<?xml version="1.0" encoding="UTF-8"?>

<XWCMWIDGETS>
  <XWCMWIDGET Version="6.0">
    <PROPERTIES>
      <CDEFAULTSTYLE><![CDATA[horizontalScrollImg]]></CDEFAULTSTYLE>
      <WIDGETTYPE>0</WIDGETTYPE>
      <WIDGETCONTENT><![CDATA[<div class="trs-res trs-scroll-image $[WSTYLEID]">
	<div class="p_w_box">
		<h2 class="p_w_head headdisplay-$[HEADDISPLAY]">
			<span class="p_w_title"><TRS_CHANNEL FIELD='CHNLDESC'  ID='channelId:$[所在栏目]'></TRS_CHANNEL></span></span>
			<span class="p_w_more"></span>
		</h2>
		<div class="p_w_body ">
			<div class="p_w_body_bg $[CSTYLEID]">
			<!-- content begin -->
				<div class="p_w_content_box">
					<div class="p_w_content" style = "$[BACKGROUND]">
						<!--编写图片滚动开始 -->
						<div id="box-$[#WIDGETINSTID]" style="overflow:hidden;width:100%;height:100%;"></div>
						<textarea style="display:none;" name="trs-scroll-image-data">
							{
								container : 'box-$[#WIDGETINSTID]',
								imgUrls:'<TRS_Documents num="1" id="channelid:$[所在栏目]"><TRS_APPENDIX MODE='PIC' Field='_RECURL'  UrlIsAbs='true' MEMO="true" SEPERATOR="$" upload="true" /></TRS_Documents>',
								descs:'<TRS_Documents num="1" id="channelid:$[所在栏目]"><TRS_APPENDIX MODE='PIC' Field='APPDESC' SEPERATOR="$" /></TRS_Documents>',								
								linkUrls:'<TRS_Documents num="1" id="channelid:$[所在栏目]"><TRS_APPENDIX MODE='PIC' Field='_RecURL' SEPERATOR="$" /></TRS_Documents>',
								width:'$[图片宽度]',
								height:'$[图片高度]',
								hasDescs:'$[显示描述]',
								speed:'$[滚动速度]',
								space:'$[一次滚动距离]',
     
                  direction:'horizontal'
							}
						</textarea>						
						<!--编写图片滚动结束-->
					</div>
				</div>
			<!-- content end -->
			</div>
		</div>
		<div class="p_w_foot">
			<div class="p_w_foot_bg"></div>
		</div>
	</div>
</div>]]></WIDGETCONTENT>
      <WIDGETATTRURL><![CDATA[]]></WIDGETATTRURL>
      <CRTIME>2012-03-21 09:36:46</CRTIME>
      <WNAME><![CDATA[水平滚动图片]]></WNAME>
      <WIDGETPIC><![CDATA[W020120321346069392750.jpg]]></WIDGETPIC>
      <CONTENTSTYLE><![CDATA[horizontalScrollImg]]></CONTENTSTYLE>
      <WIDGETID>2</WIDGETID>
      <CRUSER><![CDATA[admin]]></CRUSER>
      <WDESC><![CDATA[水平滚动图片]]></WDESC>
      <WDEFAULTSTYLE><![CDATA[]]></WDEFAULTSTYLE>
    </PROPERTIES>
    <XWCMWIDGETPARAMETERS>
      <XWCMWIDGETPARAMETER Version="6.0">
        <PROPERTIES>
          <DEFAULTVALUE><![CDATA[1]]></DEFAULTVALUE>
          <WIDGETPARAMDESC><![CDATA[显示资源头部]]></WIDGETPARAMDESC>
          <WIDGETPARAMTYPE>5</WIDGETPARAMTYPE>
          <CRTIME>2012-03-21 09:32:36</CRTIME>
          <WIDGETPARAMETERID>16</WIDGETPARAMETERID>
          <WIDGETID>2</WIDGETID>
          <CRUSER><![CDATA[admin]]></CRUSER>
          <NOTNULL>1</NOTNULL>
          <WIDGETPARAMNAME><![CDATA[HEADDISPLAY]]></WIDGETPARAMNAME>
          <WIDGETPARAMORDER>204</WIDGETPARAMORDER>
        </PROPERTIES>
      </XWCMWIDGETPARAMETER>
      <XWCMWIDGETPARAMETER Version="6.0">
        <PROPERTIES>
          <DEFAULTVALUE><![CDATA[1]]></DEFAULTVALUE>
          <WIDGETPARAMDESC><![CDATA[显示描述]]></WIDGETPARAMDESC>
          <WIDGETPARAMTYPE>5</WIDGETPARAMTYPE>
          <CRTIME>2011-04-06 17:41:20</CRTIME>
          <WIDGETPARAMETERID>18</WIDGETPARAMETERID>
          <WIDGETID>2</WIDGETID>
          <CRUSER><![CDATA[admin]]></CRUSER>
          <WIDGETPARAMNAME><![CDATA[显示描述]]></WIDGETPARAMNAME>
          <WIDGETPARAMORDER>150</WIDGETPARAMORDER>
          <CLASSID>0</CLASSID>
        </PROPERTIES>
      </XWCMWIDGETPARAMETER>
      <XWCMWIDGETPARAMETER Version="6.0">
        <PROPERTIES>
          <DEFAULTVALUE><![CDATA[2]]></DEFAULTVALUE>
          <WIDGETPARAMDESC><![CDATA[一次滚动距离]]></WIDGETPARAMDESC>
          <WIDGETPARAMTYPE>19</WIDGETPARAMTYPE>
          <CRTIME>2011-04-07 11:29:10</CRTIME>
          <WIDGETPARAMETERID>19</WIDGETPARAMETERID>
          <WIDGETID>2</WIDGETID>
          <CRUSER><![CDATA[admin]]></CRUSER>
          <WIDGETPARAMNAME><![CDATA[一次滚动距离]]></WIDGETPARAMNAME>
          <WIDGETPARAMORDER>144</WIDGETPARAMORDER>
          <CLASSID>0</CLASSID>
        </PROPERTIES>
      </XWCMWIDGETPARAMETER>
      <XWCMWIDGETPARAMETER Version="6.0">
        <PROPERTIES>
          <WIDGETPARAMDESC><![CDATA[所在栏目]]></WIDGETPARAMDESC>
          <WIDGETPARAMTYPE>18</WIDGETPARAMTYPE>
          <RADORCHK>1</RADORCHK>
          <CRTIME>2011-04-06 15:00:34</CRTIME>
          <WIDGETPARAMETERID>20</WIDGETPARAMETERID>
          <WIDGETID>2</WIDGETID>
          <CRUSER><![CDATA[admin]]></CRUSER>
          <NOTNULL>1</NOTNULL>
          <WIDGETPARAMNAME><![CDATA[所在栏目]]></WIDGETPARAMNAME>
          <WIDGETPARAMORDER>157</WIDGETPARAMORDER>
          <CLASSID>0</CLASSID>
        </PROPERTIES>
      </XWCMWIDGETPARAMETER>
      <XWCMWIDGETPARAMETER Version="6.0">
        <PROPERTIES>
          <WIDGETPARAMDESC><![CDATA[图片宽度]]></WIDGETPARAMDESC>
          <WIDGETPARAMTYPE>19</WIDGETPARAMTYPE>
          <CRTIME>2011-04-06 15:02:41</CRTIME>
          <WIDGETPARAMETERID>21</WIDGETPARAMETERID>
          <WIDGETID>2</WIDGETID>
          <CRUSER><![CDATA[admin]]></CRUSER>
          <WIDGETPARAMNAME><![CDATA[图片宽度]]></WIDGETPARAMNAME>
          <WIDGETPARAMORDER>153</WIDGETPARAMORDER>
          <CLASSID>0</CLASSID>
        </PROPERTIES>
      </XWCMWIDGETPARAMETER>
      <XWCMWIDGETPARAMETER Version="6.0">
        <PROPERTIES>
          <WIDGETPARAMDESC><![CDATA[图片高度]]></WIDGETPARAMDESC>
          <WIDGETPARAMTYPE>19</WIDGETPARAMTYPE>
          <CRTIME>2011-04-06 15:02:23</CRTIME>
          <WIDGETPARAMETERID>22</WIDGETPARAMETERID>
          <WIDGETID>2</WIDGETID>
          <CRUSER><![CDATA[admin]]></CRUSER>
          <WIDGETPARAMNAME><![CDATA[图片高度]]></WIDGETPARAMNAME>
          <WIDGETPARAMORDER>151</WIDGETPARAMORDER>
          <CLASSID>0</CLASSID>
        </PROPERTIES>
      </XWCMWIDGETPARAMETER>
      <XWCMWIDGETPARAMETER Version="6.0">
        <PROPERTIES>
          <DEFAULTVALUE><![CDATA[60]]></DEFAULTVALUE>
          <WIDGETPARAMDESC><![CDATA[滚动速度]]></WIDGETPARAMDESC>
          <WIDGETPARAMTYPE>19</WIDGETPARAMTYPE>
          <CRTIME>2011-04-07 11:25:52</CRTIME>
          <WIDGETPARAMETERID>23</WIDGETPARAMETERID>
          <WIDGETID>2</WIDGETID>
          <CRUSER><![CDATA[admin]]></CRUSER>
          <WIDGETPARAMNAME><![CDATA[滚动速度]]></WIDGETPARAMNAME>
          <WIDGETPARAMORDER>146</WIDGETPARAMORDER>
          <CLASSID>0</CLASSID>
        </PROPERTIES>
      </XWCMWIDGETPARAMETER>
    </XWCMWIDGETPARAMETERS>
  </XWCMWIDGET>
  <XWCMWIDGET Version="6.0">
    <PROPERTIES>
      <CDEFAULTSTYLE><![CDATA[verticalScrollImg]]></CDEFAULTSTYLE>
      <WIDGETTYPE>0</WIDGETTYPE>
      <WIDGETCONTENT><![CDATA[<div class="trs-res trs-scroll-image $[WSTYLEID]">
	<div class="p_w_box">
		<h2 class="p_w_head headdisplay-$[HEADDISPLAY]">
			<span class="p_w_title"><TRS_CHANNEL FIELD='CHNLDESC'  ID='channelId:$[所在栏目]'></TRS_CHANNEL></span></span>
			<span class="p_w_more"></span>
		</h2>
		<div class="p_w_body ">
			<div class="p_w_body_bg $[CSTYLEID]">
			<!-- content begin -->
				<div class="p_w_content_box">
					<div class="p_w_content" style = "$[BACKGROUND]">
						<!--编写图片滚动开始 -->
						<div id="box-$[#WIDGETINSTID]" style="overflow:hidden;width:100%;height:100%;"></div>
						<textarea style="display:none;" name="trs-scroll-image-data">
							{
								container : 'box-$[#WIDGETINSTID]',
								imgUrls:'<TRS_Documents num="1" id="channelid:$[所在栏目]"><TRS_APPENDIX MODE='PIC' Field='_RECURL'  UrlIsAbs='true' MEMO="true" SEPERATOR="$" upload="true" /></TRS_Documents>',
								descs:'<TRS_Documents num="1" id="channelid:$[所在栏目]"><TRS_APPENDIX MODE='PIC' Field='APPDESC' SEPERATOR="$" /></TRS_Documents>',
								linkUrls:'<TRS_Documents num="1" id="channelid:$[所在栏目]"><TRS_APPENDIX MODE='PIC' Field='_RecURL' SEPERATOR="$" /></TRS_Documents>',
								width:'$[图片宽度]',
								height:'$[图片高度]',
								hasDescs:'$[显示描述]',
								speed:'$[滚动速度]',
								space:'$[一次滚动距离]',
								rollingHeight:'$[滚动区域高度]',
								direction:'vertical'
							}
						</textarea>						
						<!--编写图片滚动结束-->
					</div>
				</div>
			<!-- content end -->
			</div>
		</div>
		<div class="p_w_foot">
			<div class="p_w_foot_bg"></div>
		</div>
	</div>
</div>]]></WIDGETCONTENT>
      <WIDGETATTRURL><![CDATA[]]></WIDGETATTRURL>
      <CRTIME>2012-03-21 09:36:46</CRTIME>
      <WNAME><![CDATA[垂直滚动图片]]></WNAME>
      <WIDGETPIC><![CDATA[W020120321346069959424.png]]></WIDGETPIC>
      <CONTENTSTYLE><![CDATA[verticalScrollImg]]></CONTENTSTYLE>
      <WIDGETID>3</WIDGETID>
      <CRUSER><![CDATA[admin]]></CRUSER>
      <WDESC><![CDATA[垂直滚动图片]]></WDESC>
      <WDEFAULTSTYLE><![CDATA[f48]]></WDEFAULTSTYLE>
    </PROPERTIES>
    <XWCMWIDGETPARAMETERS>
      <XWCMWIDGETPARAMETER Version="6.0">
        <PROPERTIES>
          <DEFAULTVALUE><![CDATA[1]]></DEFAULTVALUE>
          <WIDGETPARAMDESC><![CDATA[显示资源头部]]></WIDGETPARAMDESC>
          <WIDGETPARAMTYPE>5</WIDGETPARAMTYPE>
          <CRTIME>2012-03-21 09:32:36</CRTIME>
          <WIDGETPARAMETERID>26</WIDGETPARAMETERID>
          <WIDGETID>3</WIDGETID>
          <CRUSER><![CDATA[admin]]></CRUSER>
          <NOTNULL>1</NOTNULL>
          <WIDGETPARAMNAME><![CDATA[HEADDISPLAY]]></WIDGETPARAMNAME>
          <WIDGETPARAMORDER>200</WIDGETPARAMORDER>
        </PROPERTIES>
      </XWCMWIDGETPARAMETER>
      <XWCMWIDGETPARAMETER Version="6.0">
        <PROPERTIES>
          <WIDGETPARAMDESC><![CDATA[图片高度]]></WIDGETPARAMDESC>
          <WIDGETPARAMTYPE>19</WIDGETPARAMTYPE>
          <CRTIME>2011-04-11 17:06:15</CRTIME>
          <WIDGETPARAMETERID>28</WIDGETPARAMETERID>
          <WIDGETID>3</WIDGETID>
          <CRUSER><![CDATA[admin]]></CRUSER>
          <WIDGETPARAMNAME><![CDATA[图片高度]]></WIDGETPARAMNAME>
          <WIDGETPARAMORDER>137</WIDGETPARAMORDER>
          <CLASSID>0</CLASSID>
        </PROPERTIES>
      </XWCMWIDGETPARAMETER>
      <XWCMWIDGETPARAMETER Version="6.0">
        <PROPERTIES>
          <DEFAULTVALUE><![CDATA[1]]></DEFAULTVALUE>
          <WIDGETPARAMDESC><![CDATA[显示描述]]></WIDGETPARAMDESC>
          <WIDGETPARAMTYPE>5</WIDGETPARAMTYPE>
          <CRTIME>2011-04-11 17:06:34</CRTIME>
          <WIDGETPARAMETERID>29</WIDGETPARAMETERID>
          <WIDGETID>3</WIDGETID>
          <CRUSER><![CDATA[admin]]></CRUSER>
          <WIDGETPARAMNAME><![CDATA[显示描述]]></WIDGETPARAMNAME>
          <WIDGETPARAMORDER>132</WIDGETPARAMORDER>
          <CLASSID>0</CLASSID>
        </PROPERTIES>
      </XWCMWIDGETPARAMETER>
      <XWCMWIDGETPARAMETER Version="6.0">
        <PROPERTIES>
          <WIDGETPARAMDESC><![CDATA[一次滚动距离]]></WIDGETPARAMDESC>
          <WIDGETPARAMTYPE>19</WIDGETPARAMTYPE>
          <CRTIME>2011-04-11 17:07:02</CRTIME>
          <WIDGETPARAMETERID>30</WIDGETPARAMETERID>
          <WIDGETID>3</WIDGETID>
          <CRUSER><![CDATA[admin]]></CRUSER>
          <WIDGETPARAMNAME><![CDATA[一次滚动距离]]></WIDGETPARAMNAME>
          <WIDGETPARAMORDER>122</WIDGETPARAMORDER>
          <CLASSID>0</CLASSID>
        </PROPERTIES>
      </XWCMWIDGETPARAMETER>
      <XWCMWIDGETPARAMETER Version="6.0">
        <PROPERTIES>
          <WIDGETPARAMDESC><![CDATA[图片宽度]]></WIDGETPARAMDESC>
          <WIDGETPARAMTYPE>19</WIDGETPARAMTYPE>
          <CRTIME>2011-04-11 17:06:06</CRTIME>
          <WIDGETPARAMETERID>31</WIDGETPARAMETERID>
          <WIDGETID>3</WIDGETID>
          <CRUSER><![CDATA[admin]]></CRUSER>
          <WIDGETPARAMNAME><![CDATA[图片宽度]]></WIDGETPARAMNAME>
          <WIDGETPARAMORDER>136</WIDGETPARAMORDER>
          <CLASSID>0</CLASSID>
        </PROPERTIES>
      </XWCMWIDGETPARAMETER>
      <XWCMWIDGETPARAMETER Version="6.0">
        <PROPERTIES>
          <WIDGETPARAMDESC><![CDATA[滚动速度]]></WIDGETPARAMDESC>
          <WIDGETPARAMTYPE>19</WIDGETPARAMTYPE>
          <CRTIME>2011-04-11 17:06:53</CRTIME>
          <WIDGETPARAMETERID>32</WIDGETPARAMETERID>
          <WIDGETID>3</WIDGETID>
          <CRUSER><![CDATA[admin]]></CRUSER>
          <WIDGETPARAMNAME><![CDATA[滚动速度]]></WIDGETPARAMNAME>
          <WIDGETPARAMORDER>124</WIDGETPARAMORDER>
          <CLASSID>0</CLASSID>
        </PROPERTIES>
      </XWCMWIDGETPARAMETER>
      <XWCMWIDGETPARAMETER Version="6.0">
        <PROPERTIES>
          <WIDGETPARAMDESC><![CDATA[所在栏目]]></WIDGETPARAMDESC>
          <WIDGETPARAMTYPE>18</WIDGETPARAMTYPE>
          <RADORCHK>1</RADORCHK>
          <CRTIME>2011-04-11 17:05:52</CRTIME>
          <WIDGETPARAMETERID>33</WIDGETPARAMETERID>
          <WIDGETID>3</WIDGETID>
          <CRUSER><![CDATA[admin]]></CRUSER>
          <NOTNULL>1</NOTNULL>
          <WIDGETPARAMNAME><![CDATA[所在栏目]]></WIDGETPARAMNAME>
          <WIDGETPARAMORDER>139</WIDGETPARAMORDER>
          <CLASSID>0</CLASSID>
        </PROPERTIES>
      </XWCMWIDGETPARAMETER>
      <XWCMWIDGETPARAMETER Version="6.0">
        <PROPERTIES>
          <WIDGETPARAMDESC><![CDATA[滚动区域高度]]></WIDGETPARAMDESC>
          <WIDGETPARAMTYPE>19</WIDGETPARAMTYPE>
          <CRTIME>2011-04-11 17:11:45</CRTIME>
          <WIDGETPARAMETERID>34</WIDGETPARAMETERID>
          <WIDGETID>3</WIDGETID>
          <CRUSER><![CDATA[admin]]></CRUSER>
          <WIDGETPARAMNAME><![CDATA[滚动区域高度]]></WIDGETPARAMNAME>
          <WIDGETPARAMORDER>125</WIDGETPARAMORDER>
          <CLASSID>0</CLASSID>
        </PROPERTIES>
      </XWCMWIDGETPARAMETER>
    </XWCMWIDGETPARAMETERS>
  </XWCMWIDGET>
</XWCMWIDGETS>
