<?xml version="1.0" encoding="UTF-8"?>

<WCMDOCUMENTS>
  <WCMDOCUMENT Version="6.0">
    <PROPERTIES>
      <DOCID>490</DOCID>
      <DOCVERSION>0</DOCVERSION>
      <DOCTYPE>20</DOCTYPE>
      <DOCPUBTIME>2011-05-23 16:55:05</DOCPUBTIME>
      <CRUSER><![CDATA[admin]]></CRUSER>
      <CRTIME>2010-08-17 10:29:52</CRTIME>
      <DOCFLAG>0</DOCFLAG>
      <ATTRIBUTE><![CDATA[]]></ATTRIBUTE>
      <ATTACHPIC>0</ATTACHPIC>
      <DOCLINK><![CDATA[]]></DOCLINK>
      <DOCFILENAME><![CDATA[]]></DOCFILENAME>
      <DOCCHANNEL>107</DOCCHANNEL>
      <DOCTITLE><![CDATA[胡锦涛：审慎把握经济刺激退出时机]]></DOCTITLE>
      <DOCPEOPLE><![CDATA[]]></DOCPEOPLE>
      <DOCSOURCENAME><![CDATA[]]></DOCSOURCENAME>
      <DOCSTATUS>10</DOCSTATUS>
      <DOCCONTENT><![CDATA[胡锦涛：审慎把握经济刺激退出时机]]></DOCCONTENT>
      <DOCHTMLCON><![CDATA[<div class=TRS_Editor><DIV class=cas_content>胡锦涛：审慎把握经济刺激退出时机</DIV></div>]]></DOCHTMLCON>
      <DOCWORDSCOUNT>16</DOCWORDSCOUNT>
      <DOCABSTRACT><![CDATA[]]></DOCABSTRACT>
      <DOCKEYWORDS><![CDATA[]]></DOCKEYWORDS>
      <DOCAUTHOR><![CDATA[]]></DOCAUTHOR>
      <DOCRELTIME>2010-08-17 10:29:00</DOCRELTIME>
      <TITLECOLOR><![CDATA[]]></TITLECOLOR>
      <SUBDOCTITLE><![CDATA[]]></SUBDOCTITLE>
      <EDITOR><![CDATA[]]></EDITOR>
      <CHNLNAME><![CDATA[导读数据2]]></CHNLNAME>
    </PROPERTIES>
    <WCMAPPENDIXS/>
  </WCMDOCUMENT>
  <WCMDOCUMENT Version="6.0">
    <PROPERTIES>
      <DOCID>491</DOCID>
      <DOCVERSION>0</DOCVERSION>
      <DOCTYPE>20</DOCTYPE>
      <DOCPUBTIME>2011-05-23 16:55:05</DOCPUBTIME>
      <CRUSER><![CDATA[admin]]></CRUSER>
      <CRTIME>2010-08-17 10:29:41</CRTIME>
      <DOCFLAG>0</DOCFLAG>
      <ATTRIBUTE><![CDATA[]]></ATTRIBUTE>
      <ATTACHPIC>0</ATTACHPIC>
      <DOCLINK><![CDATA[]]></DOCLINK>
      <DOCFILENAME><![CDATA[]]></DOCFILENAME>
      <DOCCHANNEL>107</DOCCHANNEL>
      <DOCTITLE><![CDATA[[胡锦涛在G20峰会发表讲话]]></DOCTITLE>
      <DOCPEOPLE><![CDATA[]]></DOCPEOPLE>
      <DOCSOURCENAME><![CDATA[]]></DOCSOURCENAME>
      <DOCSTATUS>10</DOCSTATUS>
      <DOCCONTENT><![CDATA[[胡锦涛在G20峰会发表讲话]]></DOCCONTENT>
      <DOCHTMLCON><![CDATA[<div class=TRS_Editor><DIV class=cas_content>[胡锦涛在G20峰会发表讲话</DIV></div>]]></DOCHTMLCON>
      <DOCWORDSCOUNT>14</DOCWORDSCOUNT>
      <DOCABSTRACT><![CDATA[]]></DOCABSTRACT>
      <DOCKEYWORDS><![CDATA[]]></DOCKEYWORDS>
      <DOCAUTHOR><![CDATA[]]></DOCAUTHOR>
      <DOCRELTIME>2010-08-17 10:29:00</DOCRELTIME>
      <TITLECOLOR><![CDATA[]]></TITLECOLOR>
      <SUBDOCTITLE><![CDATA[]]></SUBDOCTITLE>
      <EDITOR><![CDATA[]]></EDITOR>
      <CHNLNAME><![CDATA[导读数据2]]></CHNLNAME>
    </PROPERTIES>
    <WCMAPPENDIXS/>
  </WCMDOCUMENT>
  <WCMDOCUMENT Version="6.0">
    <PROPERTIES>
      <DOCID>492</DOCID>
      <DOCVERSION>0</DOCVERSION>
      <DOCTYPE>20</DOCTYPE>
      <DOCPUBTIME>2011-05-23 16:55:05</DOCPUBTIME>
      <CRUSER><![CDATA[admin]]></CRUSER>
      <CRTIME>2010-08-17 10:29:26</CRTIME>
      <DOCFLAG>0</DOCFLAG>
      <ATTRIBUTE><![CDATA[]]></ATTRIBUTE>
      <ATTACHPIC>0</ATTACHPIC>
      <DOCLINK><![CDATA[]]></DOCLINK>
      <DOCFILENAME><![CDATA[]]></DOCFILENAME>
      <DOCCHANNEL>107</DOCCHANNEL>
      <DOCTITLE><![CDATA[会见英首相]]></DOCTITLE>
      <DOCPEOPLE><![CDATA[]]></DOCPEOPLE>
      <DOCSOURCENAME><![CDATA[]]></DOCSOURCENAME>
      <DOCSTATUS>10</DOCSTATUS>
      <DOCCONTENT><![CDATA[会见英首相]]></DOCCONTENT>
      <DOCHTMLCON><![CDATA[<div class=TRS_Editor><DIV class=cas_content>会见英首相</DIV></div>]]></DOCHTMLCON>
      <DOCWORDSCOUNT>5</DOCWORDSCOUNT>
      <DOCABSTRACT><![CDATA[]]></DOCABSTRACT>
      <DOCKEYWORDS><![CDATA[]]></DOCKEYWORDS>
      <DOCAUTHOR><![CDATA[]]></DOCAUTHOR>
      <DOCRELTIME>2010-08-17 10:29:00</DOCRELTIME>
      <TITLECOLOR><![CDATA[]]></TITLECOLOR>
      <SUBDOCTITLE><![CDATA[]]></SUBDOCTITLE>
      <EDITOR><![CDATA[]]></EDITOR>
      <CHNLNAME><![CDATA[导读数据2]]></CHNLNAME>
    </PROPERTIES>
    <WCMAPPENDIXS/>
  </WCMDOCUMENT>
  <WCMDOCUMENT Version="6.0">
    <PROPERTIES>
      <DOCID>493</DOCID>
      <DOCVERSION>0</DOCVERSION>
      <DOCTYPE>20</DOCTYPE>
      <DOCPUBTIME>2011-05-23 16:55:05</DOCPUBTIME>
      <CRUSER><![CDATA[admin]]></CRUSER>
      <CRTIME>2010-08-17 10:29:14</CRTIME>
      <DOCFLAG>0</DOCFLAG>
      <ATTRIBUTE><![CDATA[]]></ATTRIBUTE>
      <ATTACHPIC>0</ATTACHPIC>
      <DOCLINK><![CDATA[]]></DOCLINK>
      <DOCFILENAME><![CDATA[]]></DOCFILENAME>
      <DOCCHANNEL>107</DOCCHANNEL>
      <DOCTITLE><![CDATA[日本首相]]]></DOCTITLE>
      <DOCPEOPLE><![CDATA[]]></DOCPEOPLE>
      <DOCSOURCENAME><![CDATA[]]></DOCSOURCENAME>
      <DOCSTATUS>10</DOCSTATUS>
      <DOCCONTENT><![CDATA[日本首相]]]></DOCCONTENT>
      <DOCHTMLCON><![CDATA[<div class=TRS_Editor><DIV class=cas_content>日本首相]</DIV></div>]]></DOCHTMLCON>
      <DOCWORDSCOUNT>5</DOCWORDSCOUNT>
      <DOCABSTRACT><![CDATA[]]></DOCABSTRACT>
      <DOCKEYWORDS><![CDATA[]]></DOCKEYWORDS>
      <DOCAUTHOR><![CDATA[]]></DOCAUTHOR>
      <DOCRELTIME>2010-08-17 10:29:00</DOCRELTIME>
      <TITLECOLOR><![CDATA[]]></TITLECOLOR>
      <SUBDOCTITLE><![CDATA[]]></SUBDOCTITLE>
      <EDITOR><![CDATA[]]></EDITOR>
      <CHNLNAME><![CDATA[导读数据2]]></CHNLNAME>
    </PROPERTIES>
    <WCMAPPENDIXS/>
  </WCMDOCUMENT>
  <WCMDOCUMENT Version="6.0">
    <PROPERTIES>
      <DOCID>494</DOCID>
      <DOCVERSION>0</DOCVERSION>
      <DOCTYPE>20</DOCTYPE>
      <DOCPUBTIME>2011-05-23 16:55:05</DOCPUBTIME>
      <CRUSER><![CDATA[admin]]></CRUSER>
      <CRTIME>2010-08-17 10:28:43</CRTIME>
      <DOCFLAG>0</DOCFLAG>
      <ATTRIBUTE><![CDATA[]]></ATTRIBUTE>
      <ATTACHPIC>0</ATTACHPIC>
      <DOCLINK><![CDATA[]]></DOCLINK>
      <DOCFILENAME><![CDATA[]]></DOCFILENAME>
      <DOCCHANNEL>107</DOCCHANNEL>
      <DOCTITLE><![CDATA[胡锦涛提出建立客观公正主权信用评级方法]]></DOCTITLE>
      <DOCPEOPLE><![CDATA[]]></DOCPEOPLE>
      <DOCSOURCENAME><![CDATA[]]></DOCSOURCENAME>
      <DOCSTATUS>10</DOCSTATUS>
      <DOCCONTENT><![CDATA[胡锦涛提出建立客观公正主权信用评级方法]]></DOCCONTENT>
      <DOCHTMLCON><![CDATA[<div class=TRS_Editor><DIV class=cas_content>胡锦涛提出建立客观公正主权信用评级方法</DIV></div>]]></DOCHTMLCON>
      <DOCWORDSCOUNT>19</DOCWORDSCOUNT>
      <DOCABSTRACT><![CDATA[]]></DOCABSTRACT>
      <DOCKEYWORDS><![CDATA[]]></DOCKEYWORDS>
      <DOCAUTHOR><![CDATA[]]></DOCAUTHOR>
      <DOCRELTIME>2010-08-17 10:28:00</DOCRELTIME>
      <TITLECOLOR><![CDATA[]]></TITLECOLOR>
      <SUBDOCTITLE><![CDATA[]]></SUBDOCTITLE>
      <EDITOR><![CDATA[]]></EDITOR>
      <CHNLNAME><![CDATA[导读数据2]]></CHNLNAME>
    </PROPERTIES>
    <WCMAPPENDIXS/>
  </WCMDOCUMENT>
  <WCMDOCUMENT Version="6.0">
    <PROPERTIES>
      <DOCID>495</DOCID>
      <DOCVERSION>0</DOCVERSION>
      <DOCTYPE>20</DOCTYPE>
      <DOCPUBTIME>2011-05-23 16:55:05</DOCPUBTIME>
      <CRUSER><![CDATA[admin]]></CRUSER>
      <CRTIME>2010-08-17 10:28:22</CRTIME>
      <DOCFLAG>0</DOCFLAG>
      <ATTRIBUTE><![CDATA[]]></ATTRIBUTE>
      <ATTACHPIC>0</ATTACHPIC>
      <DOCLINK><![CDATA[]]></DOCLINK>
      <DOCFILENAME><![CDATA[]]></DOCFILENAME>
      <DOCCHANNEL>107</DOCCHANNEL>
      <DOCTITLE><![CDATA[胡锦涛：加快完成国际货币基金组织份额调整]]></DOCTITLE>
      <DOCPEOPLE><![CDATA[]]></DOCPEOPLE>
      <DOCSOURCENAME><![CDATA[]]></DOCSOURCENAME>
      <DOCSTATUS>10</DOCSTATUS>
      <DOCCONTENT><![CDATA[胡锦涛：加快完成国际货币基金组织份额调整]]></DOCCONTENT>
      <DOCHTMLCON><![CDATA[<div class=TRS_Editor><DIV class=cas_content>胡锦涛：加快完成国际货币基金组织份额调整</DIV></div>]]></DOCHTMLCON>
      <DOCWORDSCOUNT>20</DOCWORDSCOUNT>
      <DOCABSTRACT><![CDATA[]]></DOCABSTRACT>
      <DOCKEYWORDS><![CDATA[]]></DOCKEYWORDS>
      <DOCAUTHOR><![CDATA[]]></DOCAUTHOR>
      <DOCRELTIME>2010-08-17 10:28:00</DOCRELTIME>
      <TITLECOLOR><![CDATA[]]></TITLECOLOR>
      <SUBDOCTITLE><![CDATA[]]></SUBDOCTITLE>
      <EDITOR><![CDATA[]]></EDITOR>
      <CHNLNAME><![CDATA[导读数据2]]></CHNLNAME>
    </PROPERTIES>
    <WCMAPPENDIXS/>
  </WCMDOCUMENT>
</WCMDOCUMENTS>
