<?xml version="1.0" encoding="UTF-8"?>

<WCMDOCUMENTS>
  <WCMDOCUMENT Version="6.0">
    <PROPERTIES>
      <DOCID>474</DOCID>
      <DOCVERSION>0</DOCVERSION>
      <DOCTYPE>20</DOCTYPE>
      <DOCPUBTIME>2011-05-23 16:47:28</DOCPUBTIME>
      <CRUSER><![CDATA[admin]]></CRUSER>
      <CRTIME>2010-08-20 15:22:50</CRTIME>
      <DOCFLAG>0</DOCFLAG>
      <ATTRIBUTE><![CDATA[]]></ATTRIBUTE>
      <ATTACHPIC>0</ATTACHPIC>
      <DOCLINK><![CDATA[]]></DOCLINK>
      <DOCFILENAME><![CDATA[]]></DOCFILENAME>
      <DOCCHANNEL>112</DOCCHANNEL>
      <DOCTITLE><![CDATA[多伦多会议相关信息一]]></DOCTITLE>
      <DOCPEOPLE><![CDATA[]]></DOCPEOPLE>
      <DOCSOURCENAME><![CDATA[]]></DOCSOURCENAME>
      <DOCSTATUS>10</DOCSTATUS>
      <DOCCONTENT><![CDATA[多伦多会议相关信息一多伦多会议相关信息一多伦多会议相关信息一多伦多会议相关信息一多伦多会议相关信息一]]></DOCCONTENT>
      <DOCHTMLCON><![CDATA[<div class=TRS_Editor><DIV class=cas_content>多伦多会议相关信息一多伦多会议相关信息一多伦多会议相关信息一多伦多会议相关信息一多伦多会议相关信息一</DIV></div>]]></DOCHTMLCON>
      <DOCWORDSCOUNT>50</DOCWORDSCOUNT>
      <DOCABSTRACT><![CDATA[]]></DOCABSTRACT>
      <DOCKEYWORDS><![CDATA[]]></DOCKEYWORDS>
      <DOCAUTHOR><![CDATA[]]></DOCAUTHOR>
      <DOCRELTIME>2010-08-20 15:22:00</DOCRELTIME>
      <TITLECOLOR><![CDATA[]]></TITLECOLOR>
      <SUBDOCTITLE><![CDATA[]]></SUBDOCTITLE>
      <EDITOR><![CDATA[]]></EDITOR>
      <CHNLNAME><![CDATA[单个图片摘要相关文档栏目]]></CHNLNAME>
    </PROPERTIES>
    <WCMAPPENDIXS/>
  </WCMDOCUMENT>
  <WCMDOCUMENT Version="6.0">
    <PROPERTIES>
      <DOCID>475</DOCID>
      <DOCVERSION>0</DOCVERSION>
      <DOCTYPE>20</DOCTYPE>
      <DOCPUBTIME>2011-05-23 16:47:28</DOCPUBTIME>
      <CRUSER><![CDATA[admin]]></CRUSER>
      <CRTIME>2010-08-20 15:23:09</CRTIME>
      <DOCFLAG>0</DOCFLAG>
      <ATTRIBUTE><![CDATA[]]></ATTRIBUTE>
      <ATTACHPIC>0</ATTACHPIC>
      <DOCLINK><![CDATA[]]></DOCLINK>
      <DOCFILENAME><![CDATA[]]></DOCFILENAME>
      <DOCCHANNEL>112</DOCCHANNEL>
      <DOCTITLE><![CDATA[多伦多会议的相关信息二]]></DOCTITLE>
      <DOCPEOPLE><![CDATA[]]></DOCPEOPLE>
      <DOCSOURCENAME><![CDATA[]]></DOCSOURCENAME>
      <DOCSTATUS>10</DOCSTATUS>
      <DOCCONTENT><![CDATA[多伦多会议的相关信息二多伦多会议的相关信息二多伦多会议的相关信息二]]></DOCCONTENT>
      <DOCHTMLCON><![CDATA[<div class=TRS_Editor><DIV class=cas_content>多伦多会议的相关信息二多伦多会议的相关信息二多伦多会议的相关信息二</DIV></div>]]></DOCHTMLCON>
      <DOCWORDSCOUNT>33</DOCWORDSCOUNT>
      <DOCABSTRACT><![CDATA[]]></DOCABSTRACT>
      <DOCKEYWORDS><![CDATA[]]></DOCKEYWORDS>
      <DOCAUTHOR><![CDATA[]]></DOCAUTHOR>
      <DOCRELTIME>2010-08-20 15:22:00</DOCRELTIME>
      <TITLECOLOR><![CDATA[]]></TITLECOLOR>
      <SUBDOCTITLE><![CDATA[]]></SUBDOCTITLE>
      <EDITOR><![CDATA[]]></EDITOR>
      <CHNLNAME><![CDATA[单个图片摘要相关文档栏目]]></CHNLNAME>
    </PROPERTIES>
    <WCMAPPENDIXS/>
  </WCMDOCUMENT>
  <WCMDOCUMENT Version="6.0">
    <PROPERTIES>
      <DOCID>476</DOCID>
      <DOCVERSION>0</DOCVERSION>
      <DOCTYPE>20</DOCTYPE>
      <DOCPUBTIME>2011-05-23 16:47:28</DOCPUBTIME>
      <CRUSER><![CDATA[admin]]></CRUSER>
      <CRTIME>2010-08-20 15:23:30</CRTIME>
      <DOCFLAG>0</DOCFLAG>
      <ATTRIBUTE><![CDATA[]]></ATTRIBUTE>
      <ATTACHPIC>0</ATTACHPIC>
      <DOCLINK><![CDATA[]]></DOCLINK>
      <DOCFILENAME><![CDATA[]]></DOCFILENAME>
      <DOCCHANNEL>112</DOCCHANNEL>
      <DOCTITLE><![CDATA[多伦多会议的相关信息三]]></DOCTITLE>
      <DOCPEOPLE><![CDATA[]]></DOCPEOPLE>
      <DOCSOURCENAME><![CDATA[]]></DOCSOURCENAME>
      <DOCSTATUS>10</DOCSTATUS>
      <DOCCONTENT><![CDATA[多伦多会议的相关信息三多伦多会议的相关信息三多伦多会议的相关信息三]]></DOCCONTENT>
      <DOCHTMLCON><![CDATA[<div class=TRS_Editor><DIV class=cas_content>多伦多会议的相关信息三多伦多会议的相关信息三多伦多会议的相关信息三</DIV></div>]]></DOCHTMLCON>
      <DOCWORDSCOUNT>33</DOCWORDSCOUNT>
      <DOCABSTRACT><![CDATA[]]></DOCABSTRACT>
      <DOCKEYWORDS><![CDATA[]]></DOCKEYWORDS>
      <DOCAUTHOR><![CDATA[]]></DOCAUTHOR>
      <DOCRELTIME>2010-08-20 15:23:00</DOCRELTIME>
      <TITLECOLOR><![CDATA[]]></TITLECOLOR>
      <SUBDOCTITLE><![CDATA[]]></SUBDOCTITLE>
      <EDITOR><![CDATA[]]></EDITOR>
      <CHNLNAME><![CDATA[单个图片摘要相关文档栏目]]></CHNLNAME>
    </PROPERTIES>
    <WCMAPPENDIXS/>
  </WCMDOCUMENT>
</WCMDOCUMENTS>
