<?xml version="1.0" encoding="utf-8" ?>
<cs>
<iversion>1.0</iversion>
<appstoreurl></appstoreurl>
<wouid>1809928591</wouid>
<wuid>2699375257</wuid>
<wtoken>2.00boSgwCIj_VMD31d76a45880ENrPo</wtoken>
<wexp>1347649199731</wexp>
<wbappkey>1823809246</wbappkey>
<wbcallback>http://wcm6.trs.cn/wcm/app/scm/sina_authorized.jsp</wbcallback>
<wbappsecret>e4650d05d0d29c34b4aa5d509f838135</wbappsecret> 
<apkurl>http://wcm6.trs.cn/pub/wjb-20120621.apk</apkurl>
<tokenurl4iphone>http://wcm6.trs.cn/push4iphone/registertoken.jsp</tokenurl4iphone>
<searchurl>http://wcm6.trs.cn/mobilesearch/mobilesearch.jsp</searchurl>
<updateurl></updateurl>
<notifylpturl><TRS_Channel id="消息推送" Field="_RecUrl" UrlIsAbs="true" TemplateName="消息推送最新时间"/></notifylpturl>
<notifyurl><TRS_Channel id="消息推送" Field="_RecUrl" UrlIsAbs="true" TemplateName="消息推送" ONLYTEMPLATENAME="TRUE"/></notifyurl>
<appname>TRS应用站点</appname>
<copyright>©2012</copyright>
<compinfo>北京拓尔思信息技术股份有限公司保留所有权利</compinfo>
<cmturl>http://192.9.200.37:8881/comment</cmturl>
</cs>