<?xml version="1.0" encoding="utf-8" ?>
<mts>
<mt n="google">
  <m n="小营" p="40.037177,116.346846" t="北京信息科技大学" />
  <m n="健翔桥" p="39.989073,116.381285" t="北京信息科技大学" />
  <m n="清河" p="40.043871,116.342211" t="北京信息科技大学" />
</mt>
<mt n="baidu">
  <m n="小营" p="40.042044,116.356415" t="北京信息科技大学" />
  <m n="健翔桥" p="39.99526,116.388277" t="北京信息科技大学" />
  <m n="清河" p="40.049634,116.347199" t="北京信息科技大学" />
</mt>
</mts>