<?xml version="1.0" encoding="utf-8" ?>
<ds>
<TRS_DOCUMENTS id="OWNER" pagesize="3" num="3" startpos="0" automore="FALSE" where="AttachPic>0">
    <d id="<TRS_DOCUMENT Field='DocId' />" n="<TRS_DOCUMENT Field='DocTitle' autolink='false' autocolor='false' CODEFILTERED='true' Num='500' AUTOFORMAT='true' AUTOFORMATTYPE='xml'/>" ab="<TRS_DOCUMENT Field='DocAbstract' Num='500' AUTOFORMAT='true' AUTOFORMATTYPE='xml' />" au="<TRS_DOCUMENT Field='DocAuthor' />" rt="<TRS_DOCUMENT Field='docreltime' DATEFORMAT="yyyy-MM-dd" />" ic="<TRS_CONTIMG INDEX='1' FirstFrom="appendix" Field='url' UrlIsAbs='true' />" url="<TRS_DOCUMENT Field='_RecURL' UrlIsAbs='true' />" top="1"></d>
	<TRS_CONTIMG FirstFrom="appendix" INDEX='1' Field='url' UrlIsAbs='true' UPLOADONLY="TRUE" WIDTH="640"/>
	<TRS_CONTIMG FirstFrom="appendix" INDEX='1' Field='url' UrlIsAbs='true' UPLOADONLY="TRUE" WIDTH="480"/>
	<TRS_CONTIMG FirstFrom="appendix" INDEX='1' Field='url' UrlIsAbs='true' UPLOADONLY="TRUE" WIDTH="200"/>
	<TRS_CONTIMG FirstFrom="appendix" INDEX='1' Field='url' UrlIsAbs='true' UPLOADONLY="TRUE" WIDTH="120"/>
</TRS_DOCUMENTS>
<TRS_DOCUMENTS id="OWNER" pagesize="20" num="100" startpos="3" automore="FALSE" where="AttachPic>0">
    <d id="<TRS_DOCUMENT Field='DocId' />" n="<TRS_DOCUMENT Field='DocTitle' autolink='false' autocolor='false' CODEFILTERED='true' Num='500' AUTOFORMAT='true' AUTOFORMATTYPE='xml'/>" ab="<TRS_DOCUMENT Field='DocAbstract' Num='500' AUTOFORMAT='true' AUTOFORMATTYPE='xml' />" au="<TRS_DOCUMENT Field='DocAuthor' />" rt="<TRS_DOCUMENT Field='docreltime' DATEFORMAT="yyyy-MM-dd" />" ic="<TRS_CONTIMG INDEX='1' FirstFrom="appendix" Field='url' UrlIsAbs='true' />" url="<TRS_DOCUMENT Field='_RecURL' UrlIsAbs='true' />"></d>
    <TRS_CONTIMG FirstFrom="appendix" INDEX='1' Field='url' UrlIsAbs='true' UPLOADONLY="TRUE" WIDTH="200"/>
    <TRS_CONTIMG FirstFrom="appendix" INDEX='1' Field='url' UrlIsAbs='true' UPLOADONLY="TRUE" WIDTH="120"/>
</TRS_DOCUMENTS>
</ds>