<?xml version="1.0" encoding="utf-8" ?>
<d>
	<property>
		<docid><TRS_Document Field="docid" /></docid>
		<docchannel><TRS_Document Field="docchannel" /></docchannel>
		<doctype><TRS_Document Field="doctype" /></doctype>
		<doctitle><![CDATA[<TRS_Document Field="doctitle" autolink="false" autocolor="false" AUTOFORMAT='true' autoformattype="innertext"/>]]></doctitle>
		<subdoctitle><![CDATA[<TRS_Document Field="subdoctitle" AUTOFORMAT='true' autoformattype="innertext"/>]]></subdoctitle>		
		<docauthor><![CDATA[<TRS_Document Field="docauthor" />]]></docauthor>
		<docsourcename><![CDATA[<TRS_Document Field="docsourcename" AUTOFORMAT='true' autoformattype="innertext"/>]]></docsourcename>
		<docreltime><![CDATA[<TRS_Document Field="docreltime" />]]></docreltime>
		<opertime><![CDATA[<TRS_Document Field="opertime" />]]></opertime>
		<cruser><![CDATA[<TRS_Document Field="cruser" />]]></cruser>
		<crtime><![CDATA[<TRS_Document Field="crtime" />]]></crtime>		
		<docabstract><![CDATA[<TRS_Document Field="docabstract" AUTOFORMAT='true' autoformattype="innertext"/>]]></docabstract>
		<dochtmlcon><![CDATA[<TRS_Document Field="DOCHTMLCON" autoformat="true" autoformattype="innertext" />]]></dochtmlcon>
                  <pcurl><![CDATA[<TRS_Document Field="entityurl"/>]]></pcurl>
                  <data><![CDATA[<TRS_Comment Field="signData"/>]]></data>                  
	</property>
	<as>
	<TRS_XAPPENDIXS mode="FILE">
	     <a n="<TRS_XAPPENDIX FIELD='APPDESC' AUTOFORMAT='true' AUTOFORMATTYPE='XML'/>" url="<TRS_XAPPENDIX FIELD='_RECURL' Upload='true' UrlIsAbs='true' />" t="<TRS_XAPPENDIX FIELD='APPFLAG' />"></a>
         </TRS_XAPPENDIXS>
         <TRS_XAPPENDIXS mode="LINK">
	     <a n="<TRS_XAPPENDIX FIELD='APPDESC' AUTOFORMAT='true' AUTOFORMATTYPE='XML'/>" url="<TRS_XAPPENDIX FIELD='_RECURL' Upload='true' UrlIsAbs='true' />" t="<TRS_XAPPENDIX FIELD='APPFLAG' />"></a>	
         </TRS_XAPPENDIXS>
         <TRS_CONTIMGS FIRSTFROM="appendix">
	     <a n="<TRS_CONTIMG FIELD='DESC' />" url="<TRS_CONTIMG FIELD='url' UrlIsAbs='true' />" t="20"></a>
              <TRS_CONTIMG FIELD='url' UPLOADONLY="true" width="300"/>
         </TRS_CONTIMGS>
         </as>
</d>
<TRS_PAGEGENERATE TEMPNAME="文档最后修改时间" OnlyPublish="true" AUTOUPDATE="true" ext="lmt"/>
<TRS_PAGEGENERATE TEMPNAME="浏览器-文档详细信息" OnlyPublish="true" AUTOUPDATE="true" ext="page"/>