<?xml version="1.0" encoding="UTF-8"?>

<WCMDOCUMENTS>
  <WCMDOCUMENT Version="6.0">
    <PROPERTIES>
      <DOCID>452</DOCID>
      <DOCVERSION>0</DOCVERSION>
      <DOCTYPE>20</DOCTYPE>
      <DOCPUBTIME/>
      <CRUSER><![CDATA[admin]]></CRUSER>
      <CRTIME>2010-08-18 13:15:00</CRTIME>
      <DOCFLAG>0</DOCFLAG>
      <ATTRIBUTE><![CDATA[]]></ATTRIBUTE>
      <ATTACHPIC>0</ATTACHPIC>
      <DOCLINK><![CDATA[]]></DOCLINK>
      <DOCFILENAME><![CDATA[]]></DOCFILENAME>
      <DOCCHANNEL>123</DOCCHANNEL>
      <DOCTITLE><![CDATA[游戏介绍]]></DOCTITLE>
      <DOCPEOPLE><![CDATA[]]></DOCPEOPLE>
      <DOCSOURCENAME><![CDATA[]]></DOCSOURCENAME>
      <DOCSTATUS>2</DOCSTATUS>
      <DOCCONTENT><![CDATA[游戏介绍游戏介绍游戏介绍游戏介绍游戏介绍游戏介绍游戏介绍游戏介绍游戏介绍]]></DOCCONTENT>
      <DOCHTMLCON><![CDATA[<div class=TRS_Editor><DIV class=cas_content><A href="http://fishinglife.com.cn/img/pic.php?p" _fcksavedurl="http://fishinglife.com.cn/img/pic.php?p">游戏介绍</A>游戏介绍游戏介绍游戏介绍游戏介绍游戏介绍游戏介绍游戏介绍游戏介绍</DIV></div>]]></DOCHTMLCON>
      <DOCWORDSCOUNT>36</DOCWORDSCOUNT>
      <DOCABSTRACT><![CDATA[]]></DOCABSTRACT>
      <DOCKEYWORDS><![CDATA[]]></DOCKEYWORDS>
      <DOCAUTHOR><![CDATA[]]></DOCAUTHOR>
      <DOCRELTIME>2010-08-18 13:13:00</DOCRELTIME>
      <TITLECOLOR><![CDATA[]]></TITLECOLOR>
      <SUBDOCTITLE><![CDATA[]]></SUBDOCTITLE>
      <EDITOR><![CDATA[]]></EDITOR>
      <CHNLNAME><![CDATA[视频报道]]></CHNLNAME>
    </PROPERTIES>
    <WCMAPPENDIXS>
      <WCMAPPENDIX Version="6.0">
        <PROPERTIES>
          <APPSERN>1</APPSERN>
          <APPDESC><![CDATA[game.flv]]></APPDESC>
          <APPENDIXID>160</APPENDIXID>
          <APPFILETYPE>-1</APPFILETYPE>
          <APPFLAG>10</APPFLAG>
          <FILEEXT><![CDATA[flv]]></FILEEXT>
          <APPLINKALT><![CDATA[]]></APPLINKALT>
          <CRTIME>2011-05-23 16:47:27</CRTIME>
          <SRCFILE><![CDATA[P020100818477005400117.flv]]></SRCFILE>
          <CRUSER><![CDATA[yinyong]]></CRUSER>
          <USEDVERSIONS>3</USEDVERSIONS>
          <ISIMPORTTOIMAGELIB>0</ISIMPORTTOIMAGELIB>
          <APPDOCID>452</APPDOCID>
          <APPTIME/>
          <APPFILE><![CDATA[P020110523604471599960.flv]]></APPFILE>
        </PROPERTIES>
      </WCMAPPENDIX>
    </WCMAPPENDIXS>
  </WCMDOCUMENT>
  <WCMDOCUMENT Version="6.0">
    <PROPERTIES>
      <DOCID>453</DOCID>
      <DOCVERSION>0</DOCVERSION>
      <DOCTYPE>20</DOCTYPE>
      <DOCPUBTIME/>
      <CRUSER><![CDATA[admin]]></CRUSER>
      <CRTIME>2010-08-16 16:49:24</CRTIME>
      <DOCFLAG>0</DOCFLAG>
      <ATTRIBUTE><![CDATA[]]></ATTRIBUTE>
      <ATTACHPIC>1</ATTACHPIC>
      <DOCLINK><![CDATA[]]></DOCLINK>
      <DOCFILENAME><![CDATA[]]></DOCFILENAME>
      <DOCCHANNEL>123</DOCCHANNEL>
      <DOCTITLE><![CDATA[我们家的哈士奇]]></DOCTITLE>
      <DOCPEOPLE><![CDATA[]]></DOCPEOPLE>
      <DOCSOURCENAME><![CDATA[]]></DOCSOURCENAME>
      <DOCSTATUS>1</DOCSTATUS>
      <DOCCONTENT><![CDATA[我们家的哈士奇我们家的哈士奇我们家的哈士奇我们家的哈士奇我们家的哈士奇我们家的哈士奇我们家的哈士奇]]></DOCCONTENT>
      <DOCHTMLCON><![CDATA[<div class=TRS_Editor><DIV class=cas_content>
<P>我们家的哈士奇我们家的哈士奇我们家的哈士奇我们家的哈士奇我们家的哈士奇我们家的哈士奇我们家的哈士奇</P></DIV></div>]]></DOCHTMLCON>
      <DOCWORDSCOUNT>49</DOCWORDSCOUNT>
      <DOCABSTRACT><![CDATA[]]></DOCABSTRACT>
      <DOCKEYWORDS><![CDATA[]]></DOCKEYWORDS>
      <DOCAUTHOR><![CDATA[]]></DOCAUTHOR>
      <DOCRELTIME>2010-08-16 16:48:00</DOCRELTIME>
      <TITLECOLOR><![CDATA[]]></TITLECOLOR>
      <SUBDOCTITLE><![CDATA[]]></SUBDOCTITLE>
      <EDITOR><![CDATA[]]></EDITOR>
      <CHNLNAME><![CDATA[视频报道]]></CHNLNAME>
    </PROPERTIES>
    <WCMAPPENDIXS>
      <WCMAPPENDIX Version="6.0">
        <PROPERTIES>
          <APPSERN>1</APPSERN>
          <APPDESC><![CDATA[hsq2.flv]]></APPDESC>
          <APPENDIXID>161</APPENDIXID>
          <APPFILETYPE>-1</APPFILETYPE>
          <APPFLAG>10</APPFLAG>
          <FILEEXT><![CDATA[flv]]></FILEEXT>
          <APPLINKALT><![CDATA[]]></APPLINKALT>
          <CRTIME>2011-05-23 16:47:27</CRTIME>
          <SRCFILE><![CDATA[P020100816605647433971.flv]]></SRCFILE>
          <CRUSER><![CDATA[admin]]></CRUSER>
          <USEDVERSIONS>3</USEDVERSIONS>
          <ISIMPORTTOIMAGELIB>0</ISIMPORTTOIMAGELIB>
          <APPDOCID>453</APPDOCID>
          <APPTIME/>
          <APPFILE><![CDATA[P020110523604471746248.flv]]></APPFILE>
        </PROPERTIES>
      </WCMAPPENDIX>
      <WCMAPPENDIX Version="6.0">
        <PROPERTIES>
          <APPSERN>1</APPSERN>
          <APPDESC><![CDATA[1.jpg]]></APPDESC>
          <APPENDIXID>162</APPENDIXID>
          <APPFILETYPE>-1</APPFILETYPE>
          <APPFLAG>20</APPFLAG>
          <FILEEXT><![CDATA[jpg]]></FILEEXT>
          <APPLINKALT><![CDATA[]]></APPLINKALT>
          <CRTIME>2011-05-23 16:47:27</CRTIME>
          <SRCFILE><![CDATA[W020100817341989603442.jpg]]></SRCFILE>
          <CRUSER><![CDATA[admin]]></CRUSER>
          <USEDVERSIONS>3</USEDVERSIONS>
          <ISIMPORTTOIMAGELIB>0</ISIMPORTTOIMAGELIB>
          <APPDOCID>453</APPDOCID>
          <APPTIME/>
          <APPFILE><![CDATA[W020110523604471741877.jpg]]></APPFILE>
        </PROPERTIES>
      </WCMAPPENDIX>
    </WCMAPPENDIXS>
  </WCMDOCUMENT>
</WCMDOCUMENTS>
