<?xml version="1.0" encoding="UTF-8"?>

<WCMDOCUMENTS>
  <WCMDOCUMENT Version="6.0">
    <PROPERTIES>
      <DOCID>320</DOCID>
      <DOCVERSION>0</DOCVERSION>
      <DOCTYPE>20</DOCTYPE>
      <DOCPUBTIME>2013-03-26 12:23:15</DOCPUBTIME>
      <CRUSER><![CDATA[admin]]></CRUSER>
      <CRTIME>2010-07-13 18:45:02</CRTIME>
      <DOCFLAG>0</DOCFLAG>
      <ATTRIBUTE><![CDATA[]]></ATTRIBUTE>
      <ATTACHPIC>0</ATTACHPIC>
      <DOCLINK><![CDATA[]]></DOCLINK>
      <DOCFILENAME><![CDATA[]]></DOCFILENAME>
      <DOCCHANNEL>71</DOCCHANNEL>
      <DOCTITLE><![CDATA[伊朗将首次举行总统候选人现场辩论]]></DOCTITLE>
      <DOCPEOPLE><![CDATA[]]></DOCPEOPLE>
      <DOCSOURCENAME><![CDATA[新浪网]]></DOCSOURCENAME>
      <DOCSTATUS>10</DOCSTATUS>
      <DOCCONTENT><![CDATA[　　中新网5月22日电 伊朗将首次举行总统选举候选人电视辩论。英国广播公司报道称，在伊朗这个仍然有人叫喊“美国该死”的国家，或许以“美国特色”来形容这次竞选活动并不恰当。
　　不过，选举候选人进行电视辩论，在伊朗实在是破天荒的。
　　据报道，伊朗21日公布辩论详情。四名候选人每人将与三名对手逐一辩论，共六场辩论。第一场将在6月2日举行。
　　辩论前，电视台将播放候选人长45分钟的竞选录像。 在上一次大选中，艾哈迈迪内贾德的一部强有力的竞选录像，加强了他作为人民领袖的形象，帮助他最终胜出。因此竞选录像可以是成败的关键。
　　今年大选在6月12日举行。这次的竞选活动看来更加专业和熟练，所有候选人的拉票团队人强马壮，竞选总部资源充足。
　　候选人对对手的言论也越来越坦白。他们争论的内容都是普世关心的经济、民生等议题。当然，人们仍有机会参加竞选集会的拉票活动，观看候选人背诵长篇的波斯语或伊斯兰诗篇。]]></DOCCONTENT>
      <DOCHTMLCON><![CDATA[<div class=TRS_Editor><DIV align=justify>　　中新网5月22日电 伊朗将首次举行总统选举候选人电视辩论。英国广播公司报道称，在伊朗这个仍然有人叫喊“美国该死”的国家，或许以“美国特色”来形容这次竞选活动并不恰当。</DIV>
<P>　　不过，选举候选人进行电视辩论，在伊朗实在是破天荒的。</P>
<P>　　据报道，伊朗21日公布辩论详情。四名候选人每人将与三名对手逐一辩论，共六场辩论。第一场将在6月2日举行。</P>
<P>　　辩论前，电视台将播放候选人长45分钟的竞选录像。 在上一次大选中，艾哈迈迪内贾德的一部强有力的竞选录像，加强了他作为人民领袖的形象，帮助他最终胜出。因此竞选录像可以是成败的关键。</P>
<P>　　今年大选在6月12日举行。这次的竞选活动看来更加专业和熟练，所有候选人的拉票团队人强马壮，竞选总部资源充足。</P>
<P>　　候选人对对手的言论也越来越坦白。他们争论的内容都是普世关心的经济、民生等议题。当然，人们仍有机会参加竞选集会的拉票活动，观看候选人背诵长篇的波斯语或伊斯兰诗篇。</P></div>]]></DOCHTMLCON>
      <DOCWORDSCOUNT>401</DOCWORDSCOUNT>
      <DOCABSTRACT><![CDATA[　　中新网5月22日电 伊朗将首次举行总统选举候选人电视辩论。英国广播公司报道称，在伊朗这个仍然有人叫喊“美国该死”的国家，或许以“美国特色”来形容这次竞选活动并不恰当。
　　不过，选举候选人进行电视辩论，在伊朗实在是破天荒的。

　　据报道，伊朗21日公布辩论详情。四名候选人每人将与三名对手逐一辩论，共六场辩论。第一场将在6月2日举行。

　　辩论前，电视台将播放候选人长45分钟的竞选录像。 在上一次大选中，艾哈迈迪内贾德的一部强有力的竞选录像，加强了他作为人民领袖的形象，帮助他最终胜出。因此竞选录像可以是成败的关键。
]]></DOCABSTRACT>
      <DOCKEYWORDS><![CDATA[]]></DOCKEYWORDS>
      <DOCAUTHOR><![CDATA[]]></DOCAUTHOR>
      <DOCRELTIME>2009-05-22 11:22:00</DOCRELTIME>
      <TITLECOLOR><![CDATA[#000000]]></TITLECOLOR>
      <SUBDOCTITLE><![CDATA[]]></SUBDOCTITLE>
      <EDITOR><![CDATA[]]></EDITOR>
      <CHNLNAME><![CDATA[文档列表数据]]></CHNLNAME>
    </PROPERTIES>
    <WCMAPPENDIXS/>
  </WCMDOCUMENT>
  <WCMDOCUMENT Version="6.0">
    <PROPERTIES>
      <DOCID>319</DOCID>
      <DOCVERSION>0</DOCVERSION>
      <DOCTYPE>20</DOCTYPE>
      <DOCPUBTIME>2013-03-26 12:23:15</DOCPUBTIME>
      <CRUSER><![CDATA[admin]]></CRUSER>
      <CRTIME>2010-07-13 18:45:02</CRTIME>
      <DOCFLAG>0</DOCFLAG>
      <ATTRIBUTE><![CDATA[]]></ATTRIBUTE>
      <ATTACHPIC>0</ATTACHPIC>
      <DOCLINK><![CDATA[]]></DOCLINK>
      <DOCFILENAME><![CDATA[]]></DOCFILENAME>
      <DOCCHANNEL>71</DOCCHANNEL>
      <DOCTITLE><![CDATA[墨西哥首都宣布解除卫生紧急事态]]></DOCTITLE>
      <DOCPEOPLE><![CDATA[]]></DOCPEOPLE>
      <DOCSOURCENAME><![CDATA[新浪网]]></DOCSOURCENAME>
      <DOCSTATUS>10</DOCSTATUS>
      <DOCCONTENT><![CDATA[　　新华网墨西哥城5月21日电(记者栾翔 陈瑶) 墨西哥首都墨西哥城市政府21日早间宣布，由于甲型H1N1流感造成的死亡与确认患者人数呈下降趋势，该市范围内自即日起解除上月23日开始实施的卫生紧急事态。
　　墨西哥城传染病与卫生监督科学委员会21日宣布将目前的黄色中级警戒调至较低的绿色级别。这意味着墨西哥城各类经济社会活动全面恢复正常，各类活动和公共服务行业不再有任何限制。]]></DOCCONTENT>
      <DOCHTMLCON><![CDATA[<div class=TRS_Editor><P>　　新华网墨西哥城5月21日电(记者栾翔 陈瑶) 墨西哥首都墨西哥城市政府21日早间宣布，由于甲型H1N1流感造成的死亡与确认患者人数呈下降趋势，该市范围内自即日起解除上月23日开始实施的卫生紧急事态。</P>
<P>　　墨西哥城传染病与卫生监督科学委员会21日宣布将目前的黄色中级警戒调至较低的绿色级别。这意味着墨西哥城各类经济社会活动全面恢复正常，各类活动和公共服务行业不再有任何限制。</P></div>]]></DOCHTMLCON>
      <DOCWORDSCOUNT>188</DOCWORDSCOUNT>
      <DOCABSTRACT><![CDATA[　　新华网墨西哥城5月21日电(记者栾翔 陈瑶) 墨西哥首都墨西哥城市政府21日早间宣布，由于甲型H1N1流感造成的死亡与确认患者人数呈下降趋势，该市范围内自即日起解除上月23日开始实施的卫生紧急事态。

　　墨西哥城传染病与卫生监督科学委员会21日宣布将目前的黄色中级警戒调至较低的绿色级别。这意味着墨西哥城各类经济社会活动全面恢复正常，各类活动和公共服务行业不再有任何限制。
]]></DOCABSTRACT>
      <DOCKEYWORDS><![CDATA[]]></DOCKEYWORDS>
      <DOCAUTHOR><![CDATA[]]></DOCAUTHOR>
      <DOCRELTIME>2009-05-18 11:33:00</DOCRELTIME>
      <TITLECOLOR><![CDATA[#000000]]></TITLECOLOR>
      <SUBDOCTITLE><![CDATA[]]></SUBDOCTITLE>
      <EDITOR><![CDATA[]]></EDITOR>
      <CHNLNAME><![CDATA[文档列表数据]]></CHNLNAME>
    </PROPERTIES>
    <WCMAPPENDIXS/>
  </WCMDOCUMENT>
  <WCMDOCUMENT Version="6.0">
    <PROPERTIES>
      <DOCID>318</DOCID>
      <DOCVERSION>0</DOCVERSION>
      <DOCTYPE>20</DOCTYPE>
      <DOCPUBTIME>2013-03-26 12:23:15</DOCPUBTIME>
      <CRUSER><![CDATA[admin]]></CRUSER>
      <CRTIME>2010-07-13 18:45:01</CRTIME>
      <DOCFLAG>0</DOCFLAG>
      <ATTRIBUTE><![CDATA[]]></ATTRIBUTE>
      <ATTACHPIC>0</ATTACHPIC>
      <DOCLINK><![CDATA[]]></DOCLINK>
      <DOCFILENAME><![CDATA[]]></DOCFILENAME>
      <DOCCHANNEL>71</DOCCHANNEL>
      <DOCTITLE><![CDATA[英国军情五处被曝利诱恐怖囚犯当卧底]]></DOCTITLE>
      <DOCPEOPLE><![CDATA[]]></DOCPEOPLE>
      <DOCSOURCENAME><![CDATA[新浪网]]></DOCSOURCENAME>
      <DOCSTATUS>10</DOCSTATUS>
      <DOCCONTENT><![CDATA[　　中新网5月22日电 据香港大公网引述英国《独立报》报道，英国最大的反间谍和反恐情报机构军情五处，通过威逼利诱等各种手段秘密招募关塔那摩囚犯充当卧底。 
　　据报道，消息人士说，英国军情五处为获得更多的反恐线索，曾专门前往古巴关塔那摩军事监狱、阿富汗和巴基斯坦等国的监狱，招募恐怖分子充当卧底。在审讯被关押的英籍恐怖嫌犯时，军情五处的工作人员直接对他们表示，如果他们愿意为该机构担任内线，并提供有价值的情报，他们将会被立即予以释放，而且还会得到“优厚”的报酬。对于那些不愿合作的关押嫌犯，他们则威胁说将不会允许他们返回英国，让他们在监狱里长时间的关押。
　　该消息人士说，有些关押在关塔那摩军事监狱中的囚犯接受了军情五处的条件，释放后一直充当他们的卧底，尽管他们也提供了有用的反恐情报，但军情五处却违背当初的承诺，拒绝向他们支付相应的报酬。
　　英国人权机构公布的一份报告也显示，英国军情五处多年来一直与海外多个国家的情报机构串通，共同对英籍恐怖嫌犯进行残忍虐待和刑讯逼供。该报告称，他们得到的证据显示至少有十名被关押在海外其它国家的英籍恐怖嫌犯，遭到了军情五处和关押国看守人员的共同虐待和刑讯逼供。
　　英国反对党议员对于军情五处暴露出来的丑闻提出了强烈批评。英国保守党议员、影子内阁大臣大卫.卡斯迪杜斯说：“由于担心恐怖主义威胁，英国政府正在不断侵蚀英国公民的自由，而这反而将危及英国公众和警察的安全。”
　　军情五处目前还在继续加大与美国中情局的合作，对该处认定的二千余名恐怖可疑人士加强监控，时刻掌握他们的所有动向。迫于外界压力，英国内政大臣施卓然要求总检察长对军情五处展开调查，并表示将根据调查的结果来处理相关责任人。]]></DOCCONTENT>
      <DOCHTMLCON><![CDATA[<div class=TRS_Editor><P>　　中新网5月22日电 据香港大公网引述英国《独立报》报道，英国最大的反间谍和反恐情报机构军情五处，通过威逼利诱等各种手段秘密招募关塔那摩囚犯充当卧底。 </P>
<P>　　据报道，消息人士说，英国军情五处为获得更多的反恐线索，曾专门前往古巴关塔那摩军事监狱、阿富汗和巴基斯坦等国的监狱，招募恐怖分子充当卧底。在审讯被关押的英籍恐怖嫌犯时，军情五处的工作人员直接对他们表示，如果他们愿意为该机构担任内线，并提供有价值的情报，他们将会被立即予以释放，而且还会得到“优厚”的报酬。对于那些不愿合作的关押嫌犯，他们则威胁说将不会允许他们返回英国，让他们在监狱里长时间的关押。</P>
<P>　　该消息人士说，有些关押在关塔那摩军事监狱中的囚犯接受了军情五处的条件，释放后一直充当他们的卧底，尽管他们也提供了有用的反恐情报，但军情五处却违背当初的承诺，拒绝向他们支付相应的报酬。</P>
<P>　　英国人权机构公布的一份报告也显示，英国军情五处多年来一直与海外多个国家的情报机构串通，共同对英籍恐怖嫌犯进行残忍虐待和刑讯逼供。该报告称，他们得到的证据显示至少有十名被关押在海外其它国家的英籍恐怖嫌犯，遭到了军情五处和关押国看守人员的共同虐待和刑讯逼供。</P>
<P>　　英国反对党议员对于军情五处暴露出来的丑闻提出了强烈批评。英国保守党议员、影子内阁大臣大卫.卡斯迪杜斯说：“由于担心恐怖主义威胁，英国政府正在不断侵蚀英国公民的自由，而这反而将危及英国公众和警察的安全。”</P>
<P>　　军情五处目前还在继续加大与美国中情局的合作，对该处认定的二千余名恐怖可疑人士加强监控，时刻掌握他们的所有动向。迫于外界压力，英国内政大臣施卓然要求总检察长对军情五处展开调查，并表示将根据调查的结果来处理相关责任人。</P></div>]]></DOCHTMLCON>
      <DOCWORDSCOUNT>715</DOCWORDSCOUNT>
      <DOCABSTRACT><![CDATA[　　中新网5月22日电 据香港大公网引述英国《独立报》报道，英国最大的反间谍和反恐情报机构军情五处，通过威逼利诱等各种手段秘密招募关塔那摩囚犯充当卧底。 

　　据报道，消息人士说，英国军情五处为获得更多的反恐线索，曾专门前往古巴关塔那摩军事监狱、阿富汗和巴基斯坦等国的监狱，招募恐怖分子充当卧底。在审讯被关押的英籍恐怖嫌犯时，军情五处的工作人员直接对他们表示，如果他们愿意为该机构担任内线，并提供有价值的情报，他们将会被立即予以释放，而且还会得到“优厚”的报酬。对于那些不愿合作的关押嫌犯，他们则威胁说将不会允许他们返回英国，让他们在监狱里长时间的关押。

　　该消息人士说，有些关押在关塔那摩军事监狱中的囚犯接受了军情五处的条件，释放后一直充当他们的卧底，尽管他们也提供了有用的反恐情报，但军情五处却违背当初的承诺，拒绝向他们支付相应的报酬。
]]></DOCABSTRACT>
      <DOCKEYWORDS><![CDATA[]]></DOCKEYWORDS>
      <DOCAUTHOR><![CDATA[]]></DOCAUTHOR>
      <DOCRELTIME>2009-05-18 11:32:00</DOCRELTIME>
      <TITLECOLOR><![CDATA[#000000]]></TITLECOLOR>
      <SUBDOCTITLE><![CDATA[]]></SUBDOCTITLE>
      <EDITOR><![CDATA[]]></EDITOR>
      <CHNLNAME><![CDATA[文档列表数据]]></CHNLNAME>
    </PROPERTIES>
    <WCMAPPENDIXS/>
  </WCMDOCUMENT>
  <WCMDOCUMENT Version="6.0">
    <PROPERTIES>
      <DOCID>317</DOCID>
      <DOCVERSION>0</DOCVERSION>
      <DOCTYPE>20</DOCTYPE>
      <DOCPUBTIME>2013-03-26 12:23:15</DOCPUBTIME>
      <CRUSER><![CDATA[admin]]></CRUSER>
      <CRTIME>2010-07-13 18:45:01</CRTIME>
      <DOCFLAG>0</DOCFLAG>
      <ATTRIBUTE><![CDATA[]]></ATTRIBUTE>
      <ATTACHPIC>0</ATTACHPIC>
      <DOCLINK><![CDATA[]]></DOCLINK>
      <DOCFILENAME><![CDATA[]]></DOCFILENAME>
      <DOCCHANNEL>71</DOCCHANNEL>
      <DOCTITLE><![CDATA[日本民主党新领导层诞生 影子内阁基本不变动]]></DOCTITLE>
      <DOCPEOPLE><![CDATA[]]></DOCPEOPLE>
      <DOCSOURCENAME><![CDATA[]]></DOCSOURCENAME>
      <DOCSTATUS>10</DOCSTATUS>
      <DOCCONTENT><![CDATA[中国日报网环球在线消息：据日本媒体报道，日本民主党18日决定起用广报委员长野田佳彦为代理干事长，至此民主党正式启动了以党代表鸠山由纪夫为首的新领导层。干事长冈田克也在民主党总部对媒体记者称，预计除党代表和干事长之外的“影子内阁”成员基本不会变动。
冈田同时就干事长与负责选举工作的代理代表小泽一郎的职责划分问题表示，“选举工作原则上交予小泽，但我会掌握信息，提出意见，不会完全放任不管”，强调作为干事长会在一定程度上参与选举工作。
关于起用野田为代理干事长的原因，冈田称：“代理是(干事长的)支撑。野田是非常优秀的政治家，考虑很多因素后作出了这样的决定。”
（环球在线：信莲）]]></DOCCONTENT>
      <DOCHTMLCON><![CDATA[<div class=TRS_Editor><P>中国日报网环球在线消息：据日本媒体报道，日本民主党18日决定起用广报委员长野田佳彦为代理干事长，至此民主党正式启动了以党代表鸠山由纪夫为首的新领导层。干事长冈田克也在民主党总部对媒体记者称，预计除党代表和干事长之外的“影子内阁”成员基本不会变动。</P>
<P>冈田同时就干事长与负责选举工作的代理代表小泽一郎的职责划分问题表示，“选举工作原则上交予小泽，但我会掌握信息，提出意见，不会完全放任不管”，强调作为干事长会在一定程度上参与选举工作。</P>
<P>关于起用野田为代理干事长的原因，冈田称：“代理是(干事长的)支撑。野田是非常优秀的政治家，考虑很多因素后作出了这样的决定。”</P>
<P>（环球在线：信莲）</P></div>]]></DOCHTMLCON>
      <DOCWORDSCOUNT>288</DOCWORDSCOUNT>
      <DOCABSTRACT><![CDATA[中国日报网环球在线消息：据日本媒体报道，日本民主党18日决定起用广报委员长野田佳彦为代理干事长，至此民主党正式启动了以党代表鸠山由纪夫为首的新领导层。干事长冈田克也在民主党总部对媒体记者称，预计除党代表和干事长之外的“影子内阁”成员基本不会变动。]]></DOCABSTRACT>
      <DOCKEYWORDS><![CDATA[]]></DOCKEYWORDS>
      <DOCAUTHOR><![CDATA[]]></DOCAUTHOR>
      <DOCRELTIME>2009-05-19 16:43:00</DOCRELTIME>
      <TITLECOLOR><![CDATA[#000000]]></TITLECOLOR>
      <SUBDOCTITLE><![CDATA[]]></SUBDOCTITLE>
      <EDITOR><![CDATA[]]></EDITOR>
      <CHNLNAME><![CDATA[文档列表数据]]></CHNLNAME>
    </PROPERTIES>
    <WCMAPPENDIXS/>
  </WCMDOCUMENT>
  <WCMDOCUMENT Version="6.0">
    <PROPERTIES>
      <DOCID>316</DOCID>
      <DOCVERSION>0</DOCVERSION>
      <DOCTYPE>20</DOCTYPE>
      <DOCPUBTIME>2013-03-26 12:23:15</DOCPUBTIME>
      <CRUSER><![CDATA[admin]]></CRUSER>
      <CRTIME>2010-07-13 18:45:01</CRTIME>
      <DOCFLAG>0</DOCFLAG>
      <ATTRIBUTE><![CDATA[]]></ATTRIBUTE>
      <ATTACHPIC>0</ATTACHPIC>
      <DOCLINK><![CDATA[]]></DOCLINK>
      <DOCFILENAME><![CDATA[]]></DOCFILENAME>
      <DOCCHANNEL>71</DOCCHANNEL>
      <DOCTITLE><![CDATA[日本经济第一季度按年率计算下降15.2%]]></DOCTITLE>
      <DOCPEOPLE><![CDATA[]]></DOCPEOPLE>
      <DOCSOURCENAME><![CDATA[]]></DOCSOURCENAME>
      <DOCSTATUS>10</DOCSTATUS>
      <DOCCONTENT><![CDATA[  
　　新华网东京５月２０日电（记者刘浩远）日本内阁府２０日公布的初步统计数据显示，扣除物价变动因素，今年第一季度日本国内生产总值实际比上季度下降４％，按年率计算则下降了１５．２％，为战后最大降幅。 
　　今年第一季度，受全球金融经济危机影响，日本的出口、企业设备投资和个人消费等继续急剧下降，内需和外需对经济增长的贡献度分别为负２．６％和负１．４％。 
　　去年第四季度，日本经济按年率计算环比下降１４．４％。至此，日本经济已连续两个季度出现两位数负增长。]]></DOCCONTENT>
      <DOCHTMLCON><![CDATA[<div class=TRS_Editor>&nbsp; 
<P>　　新华网东京５月２０日电（记者刘浩远）日本内阁府２０日公布的初步统计数据显示，扣除物价变动因素，今年第一季度日本国内生产总值实际比上季度下降４％，按年率计算则下降了１５．２％，为战后最大降幅。 
<P>　　今年第一季度，受全球金融经济危机影响，日本的出口、企业设备投资和个人消费等继续急剧下降，内需和外需对经济增长的贡献度分别为负２．６％和负１．４％。 
<P>　　去年第四季度，日本经济按年率计算环比下降１４．４％。至此，日本经济已连续两个季度出现两位数负增长。</P></div>]]></DOCHTMLCON>
      <DOCWORDSCOUNT>230</DOCWORDSCOUNT>
      <DOCABSTRACT><![CDATA[　新华网东京５月２０日电（记者刘浩远）日本内阁府２０日公布的初步统计数据显示，扣除物价变动因素，今年第一季度日本国内生产总值实际比上季度下降４％，按年率计算则下降了１５．２％，为战后最大降幅。]]></DOCABSTRACT>
      <DOCKEYWORDS><![CDATA[]]></DOCKEYWORDS>
      <DOCAUTHOR><![CDATA[]]></DOCAUTHOR>
      <DOCRELTIME>2009-05-19 16:43:00</DOCRELTIME>
      <TITLECOLOR><![CDATA[#000000]]></TITLECOLOR>
      <SUBDOCTITLE><![CDATA[]]></SUBDOCTITLE>
      <EDITOR><![CDATA[]]></EDITOR>
      <CHNLNAME><![CDATA[文档列表数据]]></CHNLNAME>
    </PROPERTIES>
    <WCMAPPENDIXS/>
  </WCMDOCUMENT>
  <WCMDOCUMENT Version="6.0">
    <PROPERTIES>
      <DOCID>315</DOCID>
      <DOCVERSION>0</DOCVERSION>
      <DOCTYPE>20</DOCTYPE>
      <DOCPUBTIME>2013-03-26 12:23:15</DOCPUBTIME>
      <CRUSER><![CDATA[admin]]></CRUSER>
      <CRTIME>2010-07-13 18:45:01</CRTIME>
      <DOCFLAG>0</DOCFLAG>
      <ATTRIBUTE><![CDATA[]]></ATTRIBUTE>
      <ATTACHPIC>0</ATTACHPIC>
      <DOCLINK><![CDATA[]]></DOCLINK>
      <DOCFILENAME><![CDATA[]]></DOCFILENAME>
      <DOCCHANNEL>71</DOCCHANNEL>
      <DOCTITLE><![CDATA[日本学校停课学生聚会打发时光 卡拉OK生意火爆]]></DOCTITLE>
      <DOCPEOPLE><![CDATA[]]></DOCPEOPLE>
      <DOCSOURCENAME><![CDATA[]]></DOCSOURCENAME>
      <DOCSTATUS>10</DOCSTATUS>
      <DOCCONTENT><![CDATA[　　中新网5月19日电 据法新社报道，日本19日确诊感染甲型H1N1流感的患者已达178人，大阪和神户一带逾4000所学校和幼儿园已被迫关闭。 
　　据报道，由于学校停课，数万名学生变得无所事事，卡拉OK厅突然生意火爆。很多学生成群结队涌入卡拉OK厅消磨时光。大阪一位卡拉OK厅老板称：“昨天有10波高中生来这里唱歌。”
　　据悉，从年龄来看，以高中生为主，十几岁的流感感染者人数居多，此外还包括1岁和5岁的幼儿以及50多岁和60多岁的人，感染者的年龄层分布较广。]]></DOCCONTENT>
      <DOCHTMLCON><![CDATA[<div class=TRS_Editor><P>　　中新网5月19日电 据法新社报道，日本19日确诊感染甲型H1N1流感的患者已达178人，大阪和神户一带逾4000所学校和幼儿园已被迫关闭。 </P>
<P>　　据报道，由于学校停课，数万名学生变得无所事事，卡拉OK厅突然生意火爆。很多学生成群结队涌入卡拉OK厅消磨时光。大阪一位卡拉OK厅老板称：“昨天有10波高中生来这里唱歌。”</P>
<P>　　据悉，从年龄来看，以高中生为主，十几岁的流感感染者人数居多，此外还包括1岁和5岁的幼儿以及50多岁和60多岁的人，感染者的年龄层分布较广。</P></div>]]></DOCHTMLCON>
      <DOCWORDSCOUNT>232</DOCWORDSCOUNT>
      <DOCABSTRACT><![CDATA[据报道，由于学校停课，数万名学生变得无所事事，卡拉OK厅突然生意火爆。很多学生成群结队涌入卡拉OK厅消磨时光。大阪一位卡拉OK厅老板称：“昨天有10波高中生来这里唱歌。”]]></DOCABSTRACT>
      <DOCKEYWORDS><![CDATA[]]></DOCKEYWORDS>
      <DOCAUTHOR><![CDATA[]]></DOCAUTHOR>
      <DOCRELTIME>2009-05-19 16:43:00</DOCRELTIME>
      <TITLECOLOR><![CDATA[#000000]]></TITLECOLOR>
      <SUBDOCTITLE><![CDATA[]]></SUBDOCTITLE>
      <EDITOR><![CDATA[]]></EDITOR>
      <CHNLNAME><![CDATA[文档列表数据]]></CHNLNAME>
    </PROPERTIES>
    <WCMAPPENDIXS/>
  </WCMDOCUMENT>
  <WCMDOCUMENT Version="6.0">
    <PROPERTIES>
      <DOCID>314</DOCID>
      <DOCVERSION>0</DOCVERSION>
      <DOCTYPE>20</DOCTYPE>
      <DOCPUBTIME>2013-03-26 12:23:16</DOCPUBTIME>
      <CRUSER><![CDATA[admin]]></CRUSER>
      <CRTIME>2010-07-13 18:45:01</CRTIME>
      <DOCFLAG>0</DOCFLAG>
      <ATTRIBUTE><![CDATA[]]></ATTRIBUTE>
      <ATTACHPIC>0</ATTACHPIC>
      <DOCLINK><![CDATA[]]></DOCLINK>
      <DOCFILENAME><![CDATA[]]></DOCFILENAME>
      <DOCCHANNEL>71</DOCCHANNEL>
      <DOCTITLE><![CDATA[日媒称甲型H1N1流感病毒体外传染性持续短]]></DOCTITLE>
      <DOCPEOPLE><![CDATA[]]></DOCPEOPLE>
      <DOCSOURCENAME><![CDATA[]]></DOCSOURCENAME>
      <DOCSTATUS>10</DOCSTATUS>
      <DOCCONTENT><![CDATA[新华网东京5月21日电(记者钱铮) 据日本广播协会(NHK)21日报道，甲型H1N1流感病毒在宿主体外传染能力持续时间很短，并援引权威机构和专家的话告诫公众不必过分紧张。 
　　流感病毒主要通过空气和接触传播。报道援引美国疾病控制和预防中心的研究成果介绍说，甲型H1N1流感病毒在宿主唾液中能长时间维持传染能力，但一经排出体外，其传染能力只能维持2至8个小时。
　　报道还引用日本公共卫生专家浦岛充佳的话告诫说，公众不必对甲型H1N1流感病毒过分恐慌，因为即使病毒附着在物体表面，其传染能力也只能维持几个小时，而且流感病毒惧怕高温，只要保持勤洗手和高温消毒等好的卫生习惯，就不容易遭受病毒感染。
　　截至5月21日，日本已确诊259例甲型H1N1流感病例，是北美地区以外确诊病例最多的国家。]]></DOCCONTENT>
      <DOCHTMLCON><![CDATA[<div class=TRS_Editor>新华网东京5月21日电(记者钱铮) 据日本广播协会(NHK)21日报道，甲型H1N1流感病毒在宿主体外传染能力持续时间很短，并援引权威机构和专家的话告诫公众不必过分紧张。 
<P>　　流感病毒主要通过空气和接触传播。报道援引美国疾病控制和预防中心的研究成果介绍说，甲型H1N1流感病毒在宿主唾液中能长时间维持传染能力，但一经排出体外，其传染能力只能维持2至8个小时。</P>
<P>　　报道还引用日本公共卫生专家浦岛充佳的话告诫说，公众不必对甲型H1N1流感病毒过分恐慌，因为即使病毒附着在物体表面，其传染能力也只能维持几个小时，而且流感病毒惧怕高温，只要保持勤洗手和高温消毒等好的卫生习惯，就不容易遭受病毒感染。</P>
<P>　　截至5月21日，日本已确诊259例甲型H1N1流感病例，是北美地区以外确诊病例最多的国家。</P></div>]]></DOCHTMLCON>
      <DOCWORDSCOUNT>345</DOCWORDSCOUNT>
      <DOCABSTRACT><![CDATA[]]></DOCABSTRACT>
      <DOCKEYWORDS><![CDATA[]]></DOCKEYWORDS>
      <DOCAUTHOR><![CDATA[]]></DOCAUTHOR>
      <DOCRELTIME>2009-05-22 11:24:00</DOCRELTIME>
      <TITLECOLOR><![CDATA[#000000]]></TITLECOLOR>
      <SUBDOCTITLE><![CDATA[]]></SUBDOCTITLE>
      <EDITOR><![CDATA[]]></EDITOR>
      <CHNLNAME><![CDATA[文档列表数据]]></CHNLNAME>
    </PROPERTIES>
    <WCMAPPENDIXS/>
  </WCMDOCUMENT>
  <WCMDOCUMENT Version="6.0">
    <PROPERTIES>
      <DOCID>313</DOCID>
      <DOCVERSION>0</DOCVERSION>
      <DOCTYPE>20</DOCTYPE>
      <DOCPUBTIME>2013-03-26 12:23:16</DOCPUBTIME>
      <CRUSER><![CDATA[admin]]></CRUSER>
      <CRTIME>2010-07-13 18:45:01</CRTIME>
      <DOCFLAG>0</DOCFLAG>
      <ATTRIBUTE><![CDATA[]]></ATTRIBUTE>
      <ATTACHPIC>0</ATTACHPIC>
      <DOCLINK><![CDATA[]]></DOCLINK>
      <DOCFILENAME><![CDATA[]]></DOCFILENAME>
      <DOCCHANNEL>71</DOCCHANNEL>
      <DOCTITLE><![CDATA[日本甲型H1N1流感患者增至292人 京都确诊首例]]></DOCTITLE>
      <DOCPEOPLE><![CDATA[]]></DOCPEOPLE>
      <DOCSOURCENAME><![CDATA[新华网]]></DOCSOURCENAME>
      <DOCSTATUS>10</DOCSTATUS>
      <DOCCONTENT><![CDATA[　　中新网5月22日电 日本感染甲型H1N1流感的患者总数已增至292人。 
　　据日本共同社报道，京都市21日宣布，该市出现首例新型流感确诊病例，患者是1名小学男生(10岁)。
　　至此，日本出现新型流感的地区已扩大至东京、神奈川、滋贺、大阪、兵库和京都等六个都府县。而大阪府等地新型流感患者不断增加，自在成田机场的检疫阶段发现4人以来，日本国内的感染患者总数已增至292人。著名观光胜地京都府发生新型流感，必将对当地的旅游产业等造成巨大影响。]]></DOCCONTENT>
      <DOCHTMLCON><![CDATA[<div class=TRS_Editor><P>　　中新网5月22日电 日本感染甲型H1N1流感的患者总数已增至292人。 </P>
<P>　　据日本共同社报道，京都市21日宣布，该市出现首例新型流感确诊病例，患者是1名小学男生(10岁)。</P>
<P>　　至此，日本出现新型流感的地区已扩大至东京、神奈川、滋贺、大阪、兵库和京都等六个都府县。而大阪府等地新型流感患者不断增加，自在成田机场的检疫阶段发现4人以来，日本国内的感染患者总数已增至292人。著名观光胜地京都府发生新型流感，必将对当地的旅游产业等造成巨大影响。</P></div>]]></DOCHTMLCON>
      <DOCWORDSCOUNT>223</DOCWORDSCOUNT>
      <DOCABSTRACT><![CDATA[　　中新网5月22日电 日本感染甲型H1N1流感的患者总数已增至292人。 

　　据日本共同社报道，京都市21日宣布，该市出现首例新型流感确诊病例，患者是1名小学男生(10岁)。

　　至此，日本出现新型流感的地区已扩大至东京、神奈川、滋贺、大阪、兵库和京都等六个都府县。而大阪府等地新型流感患者不断增加，自在成田机场的检疫阶段发现4人以来，日本国内的感染患者总数已增至292人。著名观光胜地京都府发生新型流感，必将对当地的旅游产业等造成巨大影响。
]]></DOCABSTRACT>
      <DOCKEYWORDS><![CDATA[]]></DOCKEYWORDS>
      <DOCAUTHOR><![CDATA[]]></DOCAUTHOR>
      <DOCRELTIME>2009-05-18 11:33:00</DOCRELTIME>
      <TITLECOLOR><![CDATA[#000000]]></TITLECOLOR>
      <SUBDOCTITLE><![CDATA[]]></SUBDOCTITLE>
      <EDITOR><![CDATA[]]></EDITOR>
      <CHNLNAME><![CDATA[文档列表数据]]></CHNLNAME>
    </PROPERTIES>
    <WCMAPPENDIXS/>
  </WCMDOCUMENT>
  <WCMDOCUMENT Version="6.0">
    <PROPERTIES>
      <DOCID>312</DOCID>
      <DOCVERSION>0</DOCVERSION>
      <DOCTYPE>20</DOCTYPE>
      <DOCPUBTIME>2013-03-26 12:23:17</DOCPUBTIME>
      <CRUSER><![CDATA[admin]]></CRUSER>
      <CRTIME>2010-07-13 18:45:01</CRTIME>
      <DOCFLAG>0</DOCFLAG>
      <ATTRIBUTE><![CDATA[]]></ATTRIBUTE>
      <ATTACHPIC>0</ATTACHPIC>
      <DOCLINK><![CDATA[]]></DOCLINK>
      <DOCFILENAME><![CDATA[]]></DOCFILENAME>
      <DOCCHANNEL>71</DOCCHANNEL>
      <DOCTITLE><![CDATA[日本国内的H1N1新型流感确定]]></DOCTITLE>
      <DOCPEOPLE><![CDATA[]]></DOCPEOPLE>
      <DOCSOURCENAME><![CDATA[新华网]]></DOCSOURCENAME>
      <DOCSTATUS>10</DOCSTATUS>
      <DOCCONTENT><![CDATA[　　中新网5月19日电 日本国内的H1N1新型流感确定感染病例继续增加，本土感染病例19日凌晨已增至159名，加上日前境外感染4名，日本国内的确定感染病例已达163名，且还呈继续升高之势。
　　据“中央社”报道，本土新型流感病例全都集中在关西地区以神户市为主的兵库县和大阪府，159名本土感染病例中，有93名在兵库县，另外大阪府有66名，加上本月上旬在成田机场验出的4名境外感染病例，总数已突破160名大关。
　　就感染者的年纪来看，以高中学生为最多，呈现学校集体性感染，但也出现小至5岁的幼童和60岁以上的高龄患者，年龄层扩大。
　　日本文部科学省指出，兵库县和大阪府的幼儿园、小学、中学、高中和大学等学校，大半从18日开始停课，总数可能逾4000所，学生达150万名。
　　神户市指出，本土感染确定病例中11名，由于病情改善已经出院。
　　就全世界的状况来看，病毒病原性近于一般季节性流感，为避免新型流感的蔓延造成社会机能瘫痪，厚生劳动大臣舛添要一已表示将重新检讨因应流感的行动计划，趋于弹性运用而不从严。
　　日本自本土感染出现后，把国内警戒由“海外发生期”升高至“国内发生初期”，属于第二警戒阶段。日本共分三阶段，第三阶段细分为传染扩大期、蔓延期和恢复期。 
　　]]></DOCCONTENT>
      <DOCHTMLCON><![CDATA[<div class=TRS_Editor><P>　　中新网5月19日电 日本国内的H1N1新型流感确定感染病例继续增加，本土感染病例19日凌晨已增至159名，加上日前境外感染4名，日本国内的确定感染病例已达163名，且还呈继续升高之势。</P>
<P>　　据“中央社”报道，本土新型流感病例全都集中在关西地区以神户市为主的兵库县和大阪府，159名本土感染病例中，有93名在兵库县，另外大阪府有66名，加上本月上旬在成田机场验出的4名境外感染病例，总数已突破160名大关。</P>
<P>　　就感染者的年纪来看，以高中学生为最多，呈现学校集体性感染，但也出现小至5岁的幼童和60岁以上的高龄患者，年龄层扩大。</P>
<P>　　<STRONG>日本文部科学省指出，兵库县和大阪府的幼儿园、小学、中学、高中和大学等学校，大半从18日开始停课，总数可能逾4000所，学生达150万名。</STRONG></P>
<P>　　神户市指出，本土感染确定病例中11名，由于病情改善已经出院。</P>
<P>　　就全世界的状况来看，病毒病原性近于一般季节性流感，为避免新型流感的蔓延造成社会机能瘫痪，厚生劳动大臣舛添要一已表示将重新检讨因应流感的行动计划，趋于弹性运用而不从严。</P>
<P>　　日本自本土感染出现后，把国内警戒由“海外发生期”升高至“国内发生初期”，属于第二警戒阶段。日本共分三阶段，第三阶段细分为传染扩大期、蔓延期和恢复期。 </P>
<P>　　</P></div>]]></DOCHTMLCON>
      <DOCWORDSCOUNT>536</DOCWORDSCOUNT>
      <DOCABSTRACT><![CDATA[　　中新网5月19日电 日本国内的H1N1新型流感确定感染病例继续增加，本土感染病例19日凌晨已增至159名，加上日前境外感染4名，日本国内的确定感染病例已达163名，且还呈继续升高之势。

　　据“中央社”报道，本土新型流感病例全都集中在关西地区以神户市为主的兵库县和大阪府，159名本土感染病例中，有93名在兵库县，另外大阪府有66名，加上本月上旬在成田机场验出的4名境外感染病例，总数已突破160名大关。

　　就感染者的年纪来看，以高中学生为最多，呈现学校集体性感染，但也出现小至5岁的幼童和60岁以上的高龄患者，年龄层扩大
]]></DOCABSTRACT>
      <DOCKEYWORDS><![CDATA[]]></DOCKEYWORDS>
      <DOCAUTHOR><![CDATA[]]></DOCAUTHOR>
      <DOCRELTIME>2009-05-18 11:52:00</DOCRELTIME>
      <TITLECOLOR><![CDATA[#000000]]></TITLECOLOR>
      <SUBDOCTITLE><![CDATA[]]></SUBDOCTITLE>
      <EDITOR><![CDATA[]]></EDITOR>
      <CHNLNAME><![CDATA[文档列表数据]]></CHNLNAME>
    </PROPERTIES>
    <WCMAPPENDIXS/>
  </WCMDOCUMENT>
  <WCMDOCUMENT Version="6.0">
    <PROPERTIES>
      <DOCID>311</DOCID>
      <DOCVERSION>0</DOCVERSION>
      <DOCTYPE>20</DOCTYPE>
      <DOCPUBTIME>2013-03-26 12:23:17</DOCPUBTIME>
      <CRUSER><![CDATA[admin]]></CRUSER>
      <CRTIME>2010-07-13 18:45:01</CRTIME>
      <DOCFLAG>0</DOCFLAG>
      <ATTRIBUTE><![CDATA[]]></ATTRIBUTE>
      <ATTACHPIC>0</ATTACHPIC>
      <DOCLINK><![CDATA[]]></DOCLINK>
      <DOCFILENAME><![CDATA[]]></DOCFILENAME>
      <DOCCHANNEL>71</DOCCHANNEL>
      <DOCTITLE><![CDATA[美国首次承认用无人机袭击巴基斯坦]]></DOCTITLE>
      <DOCPEOPLE><![CDATA[]]></DOCPEOPLE>
      <DOCSOURCENAME><![CDATA[]]></DOCSOURCENAME>
      <DOCSTATUS>10</DOCSTATUS>
      <DOCCONTENT><![CDATA[人民网5月19日讯（安国章）美国官方表示，为打击恐怖势力，使用无人机对在巴基斯坦境内的“基地“组织领导人的住地进行了袭击。这是美国官方第一次公开承认使用无人机对巴基斯坦境内进行空袭。
据美国有线电视新闻网（CNN）今天报道，美国中央情报局局长帕内塔在接受记者采访时说，“美国军队使用无人机袭击了巴基斯坦境内的‘基地’组织领导人的住地，袭击是有效的。”在谈到国际社会谴责美军袭击巴基斯坦造成无辜平民死亡问题时，帕内塔说，“我不想细谈这个问题，但我可以肯定，美国的情报是无误的，空袭是准确而有限度的。”
据报道，美军曾多次使用无人机空袭巴基斯坦境内，最新一次发生在10天前，当时美军用无人机空袭了靠近阿富汗边界的巴基斯坦境内部落地区，造成5名巴基斯坦人死亡，多人受伤，巴基斯坦方面对美军炸死巴基斯坦老百姓表示强烈不满。为平息巴基斯坦的不满，本月早些时候，帕内塔曾突然访问了巴基斯坦，当时帕内塔坚持认为空袭巴基斯坦境内的恐怖势力是必要的。]]></DOCCONTENT>
      <DOCHTMLCON><![CDATA[<div class=TRS_Editor><P align=left>人民网5月19日讯（安国章）美国官方表示，为打击恐怖势力，使用无人机对在巴基斯坦境内的“基地“组织领导人的住地进行了袭击。这是美国官方第一次公开承认使用无人机对巴基斯坦境内进行空袭。</P>
<P>据美国有线电视新闻网（CNN）今天报道，美国中央情报局局长帕内塔在接受记者采访时说，“美国军队使用无人机袭击了巴基斯坦境内的‘基地’组织领导人的住地，袭击是有效的。”在谈到国际社会谴责美军袭击巴基斯坦造成无辜平民死亡问题时，帕内塔说，“我不想细谈这个问题，但我可以肯定，美国的情报是无误的，空袭是准确而有限度的。”</P>
<P>据报道，美军曾多次使用无人机空袭巴基斯坦境内，最新一次发生在10天前，当时美军用无人机空袭了靠近阿富汗边界的巴基斯坦境内部落地区，造成5名巴基斯坦人死亡，多人受伤，巴基斯坦方面对美军炸死巴基斯坦老百姓表示强烈不满。为平息巴基斯坦的不满，本月早些时候，帕内塔曾突然访问了巴基斯坦，当时帕内塔坚持认为空袭巴基斯坦境内的恐怖势力是必要的。</P></div>]]></DOCHTMLCON>
      <DOCWORDSCOUNT>416</DOCWORDSCOUNT>
      <DOCABSTRACT><![CDATA[据美国有线电视新闻网（CNN）今天报道，美国中央情报局局长帕内塔在接受记者采访时说，“美国军队使用无人机袭击了巴基斯坦境内的‘基地’组织领导人的住地，袭击是有效的。”在谈到国际社会谴责美军袭击巴基斯坦造成无辜平民死亡问题时，帕内塔说，“我不想细谈这个问题，但我可以肯定，美国的情报是无误的，空袭是准确而有限度的。”]]></DOCABSTRACT>
      <DOCKEYWORDS><![CDATA[]]></DOCKEYWORDS>
      <DOCAUTHOR><![CDATA[]]></DOCAUTHOR>
      <DOCRELTIME>2009-05-19 16:42:00</DOCRELTIME>
      <TITLECOLOR><![CDATA[#000000]]></TITLECOLOR>
      <SUBDOCTITLE><![CDATA[]]></SUBDOCTITLE>
      <EDITOR><![CDATA[]]></EDITOR>
      <CHNLNAME><![CDATA[文档列表数据]]></CHNLNAME>
    </PROPERTIES>
    <WCMAPPENDIXS/>
  </WCMDOCUMENT>
  <WCMDOCUMENT Version="6.0">
    <PROPERTIES>
      <DOCID>310</DOCID>
      <DOCVERSION>0</DOCVERSION>
      <DOCTYPE>20</DOCTYPE>
      <DOCPUBTIME>2013-03-26 12:23:17</DOCPUBTIME>
      <CRUSER><![CDATA[admin]]></CRUSER>
      <CRTIME>2010-07-13 18:45:01</CRTIME>
      <DOCFLAG>0</DOCFLAG>
      <ATTRIBUTE><![CDATA[]]></ATTRIBUTE>
      <ATTACHPIC>0</ATTACHPIC>
      <DOCLINK><![CDATA[]]></DOCLINK>
      <DOCFILENAME><![CDATA[]]></DOCFILENAME>
      <DOCCHANNEL>71</DOCCHANNEL>
      <DOCTITLE><![CDATA[美前总统克林顿联合国任新职 年薪1元]]></DOCTITLE>
      <DOCPEOPLE><![CDATA[]]></DOCPEOPLE>
      <DOCSOURCENAME><![CDATA[]]></DOCSOURCENAME>
      <DOCSTATUS>10</DOCSTATUS>
      <DOCCONTENT><![CDATA[联合国秘书长潘基文十九日宣布任命美国前总统比尔·克林顿为联合国海地事务特使，负责推动和协调国际社会帮助海地恢复重建。
克林顿此番出任海地特使的年薪为一美元。作为特使，他将每年访问海地数次。
这并非克林顿首次出任联合国特使身份，二00四年，克林顿曾于印度洋海啸后出任过联合国海啸灾后恢复问题特使。
联合国秘书长发言人冈部万里江当天在纽约联合国总部举行的例行记者会上说，克林顿在担任美国总统期间就对海地问题十分关注。去年九月，克林顿在“克林顿全球倡议”会议上呼吁为援助海地采取行动，今年三月，潘基文还曾邀请克林顿共同访问海地，以推动国际社会对海地的关注和支持。 冈部说，作为特使，克林顿将协助海地政府推动该国社会和经济可持续发展，重点关注来自社会各领域的援助努力，帮助提高当地政府的能力，致力于为海地创造一个稳定、繁荣的未来。
加勒比海岛国海地是世界最不发达国家之一，近八成人口每天的生活费不足两美元。去年夏天，海地接连遭遇四场严重的飓风灾害和热带风暴袭击，造成八百余人死亡，近一百万人无家可归，经济损失达十亿美元，约占其国内生产总值的百分之十五。来源:中国新闻网]]></DOCCONTENT>
      <DOCHTMLCON><![CDATA[<div class=TRS_Editor><P>联合国秘书长潘基文十九日宣布任命美国前总统比尔·克林顿为联合国海地事务特使，负责推动和协调国际社会帮助海地恢复重建。</P>
<P>克林顿此番出任海地特使的年薪为一美元。作为特使，他将每年访问海地数次。</P>
<P>这并非克林顿首次出任联合国特使身份，二00四年，克林顿曾于印度洋海啸后出任过联合国海啸灾后恢复问题特使。</P>
<P>联合国秘书长发言人冈部万里江当天在纽约联合国总部举行的例行记者会上说，克林顿在担任美国总统期间就对海地问题十分关注。去年九月，克林顿在“克林顿全球倡议”会议上呼吁为援助海地采取行动，今年三月，潘基文还曾邀请克林顿共同访问海地，以推动国际社会对海地的关注和支持。 冈部说，作为特使，克林顿将协助海地政府推动该国社会和经济可持续发展，重点关注来自社会各领域的援助努力，帮助提高当地政府的能力，致力于为海地创造一个稳定、繁荣的未来。</P>
<P>加勒比海岛国海地是世界最不发达国家之一，近八成人口每天的生活费不足两美元。去年夏天，海地接连遭遇四场严重的飓风灾害和热带风暴袭击，造成八百余人死亡，近一百万人无家可归，经济损失达十亿美元，约占其国内生产总值的百分之十五。来源:中国新闻网</P></div>]]></DOCHTMLCON>
      <DOCWORDSCOUNT>480</DOCWORDSCOUNT>
      <DOCABSTRACT><![CDATA[联合国秘书长发言人冈部万里江当天在纽约联合国总部举行的例行记者会上说，克林顿在担任美国总统期间就对海地问题十分关注。去年九月，克林顿在“克林顿全球倡议”会议上呼吁为援助海地采取行动，今年三月，潘基文还曾邀请克林顿共同访问海地，以推动国际社会对海地的关注和支持。 冈部说，作为特使，克林顿将协助海地政府推动该国社会和经济可持续发展，重点关注来自社会各领域的援助努力，帮助提高当地政府的能力，致力于为海地创造一个稳定、繁荣的未来。]]></DOCABSTRACT>
      <DOCKEYWORDS><![CDATA[]]></DOCKEYWORDS>
      <DOCAUTHOR><![CDATA[]]></DOCAUTHOR>
      <DOCRELTIME>2009-05-19 16:43:00</DOCRELTIME>
      <TITLECOLOR><![CDATA[#000000]]></TITLECOLOR>
      <SUBDOCTITLE><![CDATA[]]></SUBDOCTITLE>
      <EDITOR><![CDATA[]]></EDITOR>
      <CHNLNAME><![CDATA[文档列表数据]]></CHNLNAME>
    </PROPERTIES>
    <WCMAPPENDIXS/>
  </WCMDOCUMENT>
  <WCMDOCUMENT Version="6.0">
    <PROPERTIES>
      <DOCID>309</DOCID>
      <DOCVERSION>0</DOCVERSION>
      <DOCTYPE>20</DOCTYPE>
      <DOCPUBTIME>2013-03-26 12:23:17</DOCPUBTIME>
      <CRUSER><![CDATA[admin]]></CRUSER>
      <CRTIME>2010-07-13 18:45:01</CRTIME>
      <DOCFLAG>0</DOCFLAG>
      <ATTRIBUTE><![CDATA[]]></ATTRIBUTE>
      <ATTACHPIC>0</ATTACHPIC>
      <DOCLINK><![CDATA[]]></DOCLINK>
      <DOCFILENAME><![CDATA[]]></DOCFILENAME>
      <DOCCHANNEL>71</DOCCHANNEL>
      <DOCTITLE><![CDATA[美国参议院批准追加913亿美元军费]]></DOCTITLE>
      <DOCPEOPLE><![CDATA[]]></DOCPEOPLE>
      <DOCSOURCENAME><![CDATA[]]></DOCSOURCENAME>
      <DOCSTATUS>10</DOCSTATUS>
      <DOCCONTENT><![CDATA[　　中国日报网环球在线消息：据英国媒体报道，美国参议院5月21日通过总额913亿美元的伊拉克和阿富汗战争的议案，基本满足了奥巴马提出的追加军费的要求。
　　该计划囊括了部分奥巴马列出的重点项目，但是没有包括为关闭关塔那摩监狱提供资金。目前这份计划将与早前众议院通过的耗资967亿美元的计划进行调整，预计这一过程将花费数周。（环球在线：于盟）]]></DOCCONTENT>
      <DOCHTMLCON><![CDATA[<div class=TRS_Editor><P>　　中国日报网环球在线消息：据英国媒体报道，美国参议院5月21日通过总额913亿美元的伊拉克和阿富汗战争的议案，基本满足了奥巴马提出的追加军费的要求。</P>
<P>　　该计划囊括了部分奥巴马列出的重点项目，但是没有包括为关闭关塔那摩监狱提供资金。目前这份计划将与早前众议院通过的耗资967亿美元的计划进行调整，预计这一过程将花费数周。（环球在线：于盟）</P></div>]]></DOCHTMLCON>
      <DOCWORDSCOUNT>170</DOCWORDSCOUNT>
      <DOCABSTRACT><![CDATA[]]></DOCABSTRACT>
      <DOCKEYWORDS><![CDATA[]]></DOCKEYWORDS>
      <DOCAUTHOR><![CDATA[]]></DOCAUTHOR>
      <DOCRELTIME>2009-05-22 11:24:00</DOCRELTIME>
      <TITLECOLOR><![CDATA[#000000]]></TITLECOLOR>
      <SUBDOCTITLE><![CDATA[]]></SUBDOCTITLE>
      <EDITOR><![CDATA[]]></EDITOR>
      <CHNLNAME><![CDATA[文档列表数据]]></CHNLNAME>
    </PROPERTIES>
    <WCMAPPENDIXS/>
  </WCMDOCUMENT>
  <WCMDOCUMENT Version="6.0">
    <PROPERTIES>
      <DOCID>308</DOCID>
      <DOCVERSION>0</DOCVERSION>
      <DOCTYPE>20</DOCTYPE>
      <DOCPUBTIME>2013-03-26 12:23:17</DOCPUBTIME>
      <CRUSER><![CDATA[admin]]></CRUSER>
      <CRTIME>2010-07-13 18:45:01</CRTIME>
      <DOCFLAG>0</DOCFLAG>
      <ATTRIBUTE><![CDATA[]]></ATTRIBUTE>
      <ATTACHPIC>0</ATTACHPIC>
      <DOCLINK><![CDATA[]]></DOCLINK>
      <DOCFILENAME><![CDATA[]]></DOCFILENAME>
      <DOCCHANNEL>71</DOCCHANNEL>
      <DOCTITLE><![CDATA[中国古代的“吃人”史：花样繁多 令人发指]]></DOCTITLE>
      <DOCPEOPLE><![CDATA[]]></DOCPEOPLE>
      <DOCSOURCENAME><![CDATA[]]></DOCSOURCENAME>
      <DOCSTATUS>10</DOCSTATUS>
      <DOCCONTENT><![CDATA[　　在封建中国，食人行为常与惩罚罪行有关。罪行被公开处死后，他们的尸体要示众，并被吃掉。按规矩，刽子手有第一个食用死人的特权。但是，患病罪犯的肉被认为不是与食用，所以人们一般不食用。简而言之，人们不仅把人肉作为食物和药品，也以在公开场合食用来表达仇恨和复仇的感情。这种食人实践有着各种原因，诸如政治、法律、心理、感情、军事、商业、医学以及伦理和道德等等。我们在随后即可看到这些原因。
　　一、惩罚不忠
　　公元617年，强大的割据首领薛举占据了陕西、甘肃一带的广大地区。618年，其子薛仁杲俘获了著名文人庾信之子庾立，但他拒不承认薛举政权的合法性。由于这一不愿归顺、誓不效忠的行为，庾立被炙烤而死。他的肉被切成小块，分给薛仁果手下的士兵食用。
　　唐德宗（780—804年）时，武将李怀光听说养子阴谋推翻自己，于是大怒，命令下属杀死并吃了养子石演芬。下属把石演芬看作义士，不忍心这么做，只是用刀子割断了他的咽喉。既然不忠，当然无宽大可言。
　　911年9月，刘守光准备称帝，将佐多以为不可。守光大怒，将谏者孙鹤“伏诸质上，令军士剐而啖之。”
　　王延政是闽国（909—945年）的最后一任国君，其父王审之（862—925年）是闽国的建立者。闽国位于今福建省一带，王延政率军驻扎在军事基地建州时，听说一部分在福州的部下要密谋推翻他。他很快采取了一次令人震惊的反击，派兵在福州伏击叛军，杀了7000余人。死尸都被肢解，骨头扔掉，肉被晾干成脯。这些人肉脯后来多次作为口粮发给士兵，即便口粮不缺时也是如此。  
　　宋初，武将杨师潘受命处罚叛将张文表。张被捕后，被“脔而食之”。即将其肉切成小块吃掉。
　　惩罚不忠的同时，往往要借此考查其他人是否忠诚。
　　隋炀帝以不忠的罪名逮捕了胡斯政，并把他肢解焙烤，制成食物。隋炀帝要胡斯政的同僚们吃他的肉，有的吃得比自己所得的一份还多，有的则不肯。吃得多的人因此而受到褒扬，并受赐大量的贵重赏物。在那个时代，受命食用人肉，通常被认为是下级向上级表示忠心的行为。换句话说，不忠的官员要被诛杀并被同僚所食用，不仅是因为这是他应得的惩罚，也是别人对他报复或仇恨的表达。
　　唐太宗曾申诉他的军事将领邱行恭。邱以其粗暴苛刻闻名，他曾吃了不忠于太宗的代州都督刘兰成的心脏和肝脏。为替皇帝惩罚刘兰成，邱行恭未经太宗允许就吃了刘，尽管他应当根据惯例申请朝廷的批准。这种不寻常的行为是为了向皇帝表示忠心。
　　唐玄宗当朝时期（713—755年），宦官杨思勗杀了受贿的牛仙童。玄宗皇帝对这个腐败的官员大怒，降旨诛杀他。根据惯例，这样的官员应当以最残酷的方式杀头。《旧唐书》非常生动地描述了行刑的过程:“内给事牛仙童使幽州，受张守珪厚赂。玄宗怒，命思勗杀之。思勗缚架之数日，乃探取其心，截去手足，割肉而啖之。” 
　　二、惩罚敌方
　　东晋末年，一个名叫孙恩的海盗在中国东南沿海大事抢掠。每当他在袭击中捉到县令后，就把他杀了，大家便割其肉吃。部分肉则晾制或用酒或盐腌制（“醢”）成食物。这些加工过的肉和骨头，通常在三个月以后食用，并把这类肉食分发给死者的妻子儿女吃。如果妻子儿女不愿食用自己亲人的肉，他们就会立即被杀死。在这种情况下，行刑的过程非常野蛮，甚至有时将受害人当着亲人的面分尸。
　　南朝宋刘劭的助手张超之在守卫京城皇宫的战斗中失利，最后被乱兵所杀。惩罚的方法极为残酷:“剖腹刳心，脔割其肉，诸将生啖之，焚其头骨。” 
　　891年5月，前蜀国（今四川）的建立者王建，命令武将唐友通擒韦昭度的亲历骆保，并把他制成食物，以为惩罚。893年3月，李克用引兵攻天长镇，杀了王镕部上万士兵，当时军中无粮，李克用准许部下把敌人尸体做成肉脯当军粮。
　　王建称帝时期，中国有10个割据国家先后为了最高统治权而争斗。自然，在这些竞争者之间有许多血腥的战争。当四川的士兵抵御入侵的云南蛮军时，他们生擒了一些敌兵，并处于憎恨和惩罚吃了他们。
　　922年10月，镇州陷落，获胜的晋军进城后吃了部分守成官吏及家属，以示惩罚。]]></DOCCONTENT>
      <DOCHTMLCON><![CDATA[<div class=TRS_Editor><p>　　在封建中国，食人行为常与惩罚罪行有关。罪行被公开处死后，他们的尸体要示众，并被吃掉。按规矩，刽子手有第一个食用死人的特权。但是，患病罪犯的肉被认为不是与食用，所以人们一般不食用。简而言之，人们不仅把人肉作为食物和药品，也以在公开场合食用来表达仇恨和复仇的感情。这种食人实践有着各种原因，诸如政治、法律、心理、感情、军事、商业、医学以及伦理和道德等等。我们在随后即可看到这些原因。</p>
<p>　　<strong>一、惩罚不忠</strong></p>
<p>　　公元617年，强大的割据首领薛举占据了陕西、甘肃一带的广大地区。618年，其子薛仁杲俘获了著名文人庾信之子庾立，但他拒不承认薛举政权的合法性。由于这一不愿归顺、誓不效忠的行为，庾立被炙烤而死。他的肉被切成小块，分给薛仁果手下的士兵食用。</p>
<p>　　唐德宗（780—804年）时，武将李怀光听说养子阴谋推翻自己，于是大怒，命令下属杀死并吃了养子石演芬。下属把石演芬看作义士，不忍心这么做，只是用刀子割断了他的咽喉。既然不忠，当然无宽大可言。</p>
<p>　　911年9月，刘守光准备称帝，将佐多以为不可。守光大怒，将谏者孙鹤“伏诸质上，令军士剐而啖之。”</p>
<p>　　王延政是闽国（909—945年）的最后一任国君，其父王审之（862—925年）是闽国的建立者。闽国位于今福建省一带，王延政率军驻扎在军事基地建州时，听说一部分在福州的部下要密谋推翻他。他很快采取了一次令人震惊的反击，派兵在福州伏击叛军，杀了7000余人。死尸都被肢解，骨头扔掉，肉被晾干成脯。这些人肉脯后来多次作为口粮发给士兵，即便口粮不缺时也是如此。
<trs_page_separator>
</trs_page_separator>
&nbsp;</p>
<p>　　宋初，武将杨师潘受命处罚叛将张文表。张被捕后，被“脔而食之”。即将其肉切成小块吃掉。</p>
<p>　　惩罚不忠的同时，往往要借此考查其他人是否忠诚。</p>
<p>　　隋炀帝以不忠的罪名逮捕了胡斯政，并把他肢解焙烤，制成食物。隋炀帝要胡斯政的同僚们吃他的肉，有的吃得比自己所得的一份还多，有的则不肯。吃得多的人因此而受到褒扬，并受赐大量的贵重赏物。在那个时代，受命食用人肉，通常被认为是下级向上级表示忠心的行为。换句话说，不忠的官员要被诛杀并被同僚所食用，不仅是因为这是他应得的惩罚，也是别人对他报复或仇恨的表达。</p>
<p>　　唐太宗曾申诉他的军事将领邱行恭。邱以其粗暴苛刻闻名，他曾吃了不忠于太宗的代州都督刘兰成的心脏和肝脏。为替皇帝惩罚刘兰成，邱行恭未经太宗允许就吃了刘，尽管他应当根据惯例申请朝廷的批准。这种不寻常的行为是为了向皇帝表示忠心。</p>
<p>　　唐玄宗当朝时期（713—755年），宦官杨思勗杀了受贿的牛仙童。玄宗皇帝对这个腐败的官员大怒，降旨诛杀他。根据惯例，这样的官员应当以最残酷的方式杀头。《旧唐书》非常生动地描述了行刑的过程:“内给事牛仙童使幽州，受张守珪厚赂。玄宗怒，命思勗杀之。思勗缚架之数日，乃探取其心，截去手足，割肉而啖之。”
<trs_page_separator>
</trs_page_separator>
</p>
<p>　　<strong>二、惩罚敌方</strong></p>
<p>　　东晋末年，一个名叫孙恩的海盗在中国东南沿海大事抢掠。每当他在袭击中捉到县令后，就把他杀了，大家便割其肉吃。部分肉则晾制或用酒或盐腌制（“醢”）成食物。这些加工过的肉和骨头，通常在三个月以后食用，并把这类肉食分发给死者的妻子儿女吃。如果妻子儿女不愿食用自己亲人的肉，他们就会立即被杀死。在这种情况下，行刑的过程非常野蛮，甚至有时将受害人当着亲人的面分尸。</p>
<p>　　南朝宋刘劭的助手张超之在守卫京城皇宫的战斗中失利，最后被乱兵所杀。惩罚的方法极为残酷:“剖腹刳心，脔割其肉，诸将生啖之，焚其头骨。” </p>
<p>　　891年5月，前蜀国（今四川）的建立者王建，命令武将唐友通擒韦昭度的亲历骆保，并把他制成食物，以为惩罚。893年3月，李克用引兵攻天长镇，杀了王镕部上万士兵，当时军中无粮，李克用准许部下把敌人尸体做成肉脯当军粮。</p>
<p>　　王建称帝时期，中国有10个割据国家先后为了最高统治权而争斗。自然，在这些竞争者之间有许多血腥的战争。当四川的士兵抵御入侵的云南蛮军时，他们生擒了一些敌兵，并处于憎恨和惩罚吃了他们。</p>
<p>　　922年10月，镇州陷落，获胜的晋军进城后吃了部分守成官吏及家属，以示惩罚。</p></div>]]></DOCHTMLCON>
      <DOCWORDSCOUNT>1664</DOCWORDSCOUNT>
      <DOCABSTRACT><![CDATA[在封建中国，食人行为常与惩罚罪行有关。罪行被公开处死后，他们的尸体要示众，并被吃掉。按规矩，刽子手有第一个食用死人的特权。但是，患病罪犯的肉被认为不是与食用，所以人们一般不食用。简而言之，人们不仅把人肉作为食物和药品，也以在公开场合食用来表达仇恨和复仇的感情。这种食人实践有着各种原因，诸如政治、法律、心理、感情、军事、商业、医学以及伦理和道德等等。我们在随后即可看到这些原因。]]></DOCABSTRACT>
      <DOCKEYWORDS><![CDATA[]]></DOCKEYWORDS>
      <DOCAUTHOR><![CDATA[]]></DOCAUTHOR>
      <DOCRELTIME>2009-05-19 16:42:00</DOCRELTIME>
      <TITLECOLOR><![CDATA[#000000]]></TITLECOLOR>
      <SUBDOCTITLE><![CDATA[]]></SUBDOCTITLE>
      <EDITOR><![CDATA[]]></EDITOR>
      <CHNLNAME><![CDATA[文档列表数据]]></CHNLNAME>
    </PROPERTIES>
    <WCMAPPENDIXS/>
  </WCMDOCUMENT>
  <WCMDOCUMENT Version="6.0">
    <PROPERTIES>
      <DOCID>307</DOCID>
      <DOCVERSION>0</DOCVERSION>
      <DOCTYPE>20</DOCTYPE>
      <DOCPUBTIME>2013-03-26 12:23:17</DOCPUBTIME>
      <CRUSER><![CDATA[admin]]></CRUSER>
      <CRTIME>2010-07-13 18:45:01</CRTIME>
      <DOCFLAG>0</DOCFLAG>
      <ATTRIBUTE><![CDATA[]]></ATTRIBUTE>
      <ATTACHPIC>0</ATTACHPIC>
      <DOCLINK><![CDATA[]]></DOCLINK>
      <DOCFILENAME><![CDATA[]]></DOCFILENAME>
      <DOCCHANNEL>71</DOCCHANNEL>
      <DOCTITLE><![CDATA[中国驻日本领馆呼吁留学生近期不要回国]]></DOCTITLE>
      <DOCPEOPLE><![CDATA[]]></DOCPEOPLE>
      <DOCSOURCENAME><![CDATA[]]></DOCSOURCENAME>
      <DOCSTATUS>10</DOCSTATUS>
      <DOCCONTENT><![CDATA[　　本报讯 (记者颜颖颛 吴妮 实习生 张立宇)中国驻大阪总领馆昨日发布公告，呼吁中国留学生近期不要回国。疫区留学生也表示不会因疫情回国。
　　中国驻大阪总领馆政文室的高先生说，总领馆在五月初日本出现第一例病例时就发布公告，提醒旅日中国公民提高防范意识，并通过电话提醒辖区内的华侨华人、留学生，注意避免感染。
　　高先生说，总领馆设有24小时应急电话，为旅日中国公民提供帮助。同日，总领馆还发布新公告，呼吁留学生如无特殊紧急情况，近期不要回国。高先生还希望通过本报呼吁近期组团赴大阪、神户地区的人员加紧防护。
　　而大阪相爱大学留学生小吴则对记者表示，虽然自己所在学校已停课，但疫情对生活没有太大影响。“现在日本街上仍熙熙攘攘，不过大家都戴上了口罩。”小吴说，“虽然甲型流感对生活没有太大影响，但自己平时能不出门还是尽量不出门。”小吴还表示，虽然大阪疫情严重，但自己及周围的留学生并没有因疫情扩大而准备回国者。
　　小张则是17日刚从大阪乘飞机回京的留学生。他说，由于入境检查十分细致，乘客们比预定时间晚1小时离开航站楼。
　　对于日本疫情扩散的原因，大阪市发热咨询中心的工作人员穴濑对记者表示，病情迅速扩散主要原因是首例患者出现在学生中，“日本发现的首例患者是外国回来的本国学生。学生们集体相互接触的频率高，活动范围也广，这造成了疫情的迅速传播。”]]></DOCCONTENT>
      <DOCHTMLCON><![CDATA[<div class=TRS_Editor><P style="MARGIN-RIGHT: 0px" dir=ltr>　　本报讯 (记者颜颖颛 吴妮 实习生 张立宇)中国驻大阪总领馆昨日发布公告，呼吁中国留学生近期不要回国。疫区留学生也表示不会因疫情回国。</P>
<P style="MARGIN-RIGHT: 0px" dir=ltr>　　中国驻大阪总领馆政文室的高先生说，总领馆在五月初日本出现第一例病例时就发布公告，提醒旅日中国公民提高防范意识，并通过电话提醒辖区内的华侨华人、留学生，注意避免感染。</P>
<P style="MARGIN-RIGHT: 0px" dir=ltr>　　高先生说，总领馆设有24小时应急电话，为旅日中国公民提供帮助。同日，总领馆还发布新公告，呼吁留学生如无特殊紧急情况，近期不要回国。高先生还希望通过本报呼吁近期组团赴大阪、神户地区的人员加紧防护。</P>
<P style="MARGIN-RIGHT: 0px" dir=ltr>　　而大阪相爱大学留学生小吴则对记者表示，虽然自己所在学校已停课，但疫情对生活没有太大影响。“现在日本街上仍熙熙攘攘，不过大家都戴上了口罩。”小吴说，“虽然甲型流感对生活没有太大影响，但自己平时能不出门还是尽量不出门。”小吴还表示，虽然大阪疫情严重，但自己及周围的留学生并没有因疫情扩大而准备回国者。</P>
<P style="MARGIN-RIGHT: 0px" dir=ltr>　　小张则是17日刚从大阪乘飞机回京的留学生。他说，由于入境检查十分细致，乘客们比预定时间晚1小时离开航站楼。</P>
<P style="MARGIN-RIGHT: 0px" dir=ltr>　　对于日本疫情扩散的原因，大阪市发热咨询中心的工作人员穴濑对记者表示，病情迅速扩散主要原因是首例患者出现在学生中，“日本发现的首例患者是外国回来的本国学生。学生们集体相互接触的频率高，活动范围也广，这造成了疫情的迅速传播。”</P></div>]]></DOCHTMLCON>
      <DOCWORDSCOUNT>575</DOCWORDSCOUNT>
      <DOCABSTRACT><![CDATA[本报讯 (记者颜颖颛 吴妮 实习生 张立宇)中国驻大阪总领馆昨日发布公告，呼吁中国留学生近期不要回国。疫区留学生也表示不会因疫情回国。中国驻大阪总领馆政文室的高先生说，总领馆在五月初日本出现第一例病例时就发布公告，提醒旅日中国公民提高防范意识，并通过电话提醒辖区内的华侨华人、留学生，注意避免感染。]]></DOCABSTRACT>
      <DOCKEYWORDS><![CDATA[]]></DOCKEYWORDS>
      <DOCAUTHOR><![CDATA[]]></DOCAUTHOR>
      <DOCRELTIME>2009-05-19 16:42:00</DOCRELTIME>
      <TITLECOLOR><![CDATA[#000000]]></TITLECOLOR>
      <SUBDOCTITLE><![CDATA[]]></SUBDOCTITLE>
      <EDITOR><![CDATA[]]></EDITOR>
      <CHNLNAME><![CDATA[文档列表数据]]></CHNLNAME>
    </PROPERTIES>
    <WCMAPPENDIXS/>
  </WCMDOCUMENT>
  <WCMDOCUMENT Version="6.0">
    <PROPERTIES>
      <DOCID>304</DOCID>
      <DOCVERSION>0</DOCVERSION>
      <DOCTYPE>20</DOCTYPE>
      <DOCPUBTIME>2013-03-26 12:23:17</DOCPUBTIME>
      <CRUSER><![CDATA[admin]]></CRUSER>
      <CRTIME>2010-07-13 18:45:01</CRTIME>
      <DOCFLAG>0</DOCFLAG>
      <ATTRIBUTE><![CDATA[]]></ATTRIBUTE>
      <ATTACHPIC>0</ATTACHPIC>
      <DOCLINK><![CDATA[]]></DOCLINK>
      <DOCFILENAME><![CDATA[]]></DOCFILENAME>
      <DOCCHANNEL>71</DOCCHANNEL>
      <DOCTITLE><![CDATA[中国商船为赶时间未参加护航遭遇海盗袭击]]></DOCTITLE>
      <DOCPEOPLE><![CDATA[]]></DOCPEOPLE>
      <DOCSOURCENAME><![CDATA[新浪网]]></DOCSOURCENAME>
      <DOCSTATUS>10</DOCSTATUS>
      <DOCCONTENT><![CDATA[　　本报亚丁湾4月21日电 记者夏洪平、新华社记者黄书波报道：中国商船“新荣耀”号当地时间20日13时50分（北京时间20日18时50分）在亚丁湾穆卡拉西南110海里海域遭遇海盗袭击，经25分钟奋力阻击，摆脱海盗追击。
　　据第2批护航编队随舰负责与商船协调的交通运输部工作人员范俊介绍，当时2艘快艇分别载着七八名海盗高速向“新荣耀”号靠近，在约100米处向“新荣耀”号上空射击。
　　“新荣耀”号及时发出了求救信号。船长陈明果断决定，加大航速，“之”字航行摆脱海盗追逐，组织护卫力量迅速集中到后甲板阻止海盗登船，并向海盗船发射信号弹示警驱离。
　　14时15分，海盗见无法登临“新荣耀”号，放弃追逐。14时30分，航经附近的英国海军舰载直升机飞临“新荣耀”号上空，询问了相关情况。
　　“新荣耀”号原申请加入中国海军拟于21日组织的第44批护航行动，但考虑到船期紧张，于19日8时30分主动放弃了伴随护航申请。
　　“新荣耀”号是一艘杂货船，31名船员均来自中国，属于中远航运股份有限公司，总吨位19787吨，满载磷灰土驶往印度尼西亚。
　　范俊呼吁：“商船船东要根据索马里海盗袭击活动日益猖獗的新情况，合理权衡船期利益与船舶、船员安全问题。”
　　“新荣耀”号遭遇海盗袭击后，中国第2批护航编队密切关注，及时与“新荣耀”进行了联系，并预作了必要准备。
　　中国海军第2批护航编队指挥员么志楼少将再次提醒我国过往亚丁湾、索马里海域的商船，一定要主动申请军舰的保护，并在军舰的指挥下通过海盗袭击高发海域，同时要根据商船的实际情况，采取适当的措施加强自我防卫。]]></DOCCONTENT>
      <DOCHTMLCON><![CDATA[<div class=TRS_Editor><P>　　本报亚丁湾4月21日电 记者夏洪平、新华社记者黄书波报道：中国商船“新荣耀”号当地时间20日13时50分（北京时间20日18时50分）在亚丁湾穆卡拉西南110海里海域遭遇海盗袭击，经25分钟奋力阻击，摆脱海盗追击。</P>
<P>　　据第2批护航编队随舰负责与商船协调的交通运输部工作人员范俊介绍，当时2艘快艇分别载着七八名海盗高速向“新荣耀”号靠近，在约100米处向“新荣耀”号上空射击。</P>
<P>　　“新荣耀”号及时发出了求救信号。船长陈明果断决定，加大航速，“之”字航行摆脱海盗追逐，组织护卫力量迅速集中到后甲板阻止海盗登船，并向海盗船发射信号弹示警驱离。</P>
<P>　　14时15分，海盗见无法登临“新荣耀”号，放弃追逐。14时30分，航经附近的英国海军舰载直升机飞临“新荣耀”号上空，询问了相关情况。</P>
<P>　　“新荣耀”号原申请加入中国海军拟于21日组织的第44批护航行动，但考虑到船期紧张，于19日8时30分主动放弃了伴随护航申请。</P>
<P>　　“新荣耀”号是一艘杂货船，31名船员均来自中国，属于中远航运股份有限公司，总吨位19787吨，满载磷灰土驶往印度尼西亚。</P>
<P>　　范俊呼吁：“商船船东要根据索马里海盗袭击活动日益猖獗的新情况，合理权衡船期利益与船舶、船员安全问题。”</P>
<P>　　“新荣耀”号遭遇海盗袭击后，中国第2批护航编队密切关注，及时与“新荣耀”进行了联系，并预作了必要准备。</P>
<P>　　中国海军第2批护航编队指挥员么志楼少将再次提醒我国过往亚丁湾、索马里海域的商船，一定要主动申请军舰的保护，并在军舰的指挥下通过海盗袭击高发海域，同时要根据商船的实际情况，采取适当的措施加强自我防卫。</P></div>]]></DOCHTMLCON>
      <DOCWORDSCOUNT>679</DOCWORDSCOUNT>
      <DOCABSTRACT><![CDATA[　　本报亚丁湾4月21日电 记者夏洪平、新华社记者黄书波报道：中国商船“新荣耀”号当地时间20日13时50分（北京时间20日18时50分）在亚丁湾穆卡拉西南110海里海域遭遇海盗袭击，经25分钟奋力阻击，摆脱海盗追击。

　　据第2批护航编队随舰负责与商船协调的交通运输部工作人员范俊介绍，当时2艘快艇分别载着七八名海盗高速向“新荣耀”号靠近，在约100米处向“新荣耀”号上空射击。
]]></DOCABSTRACT>
      <DOCKEYWORDS><![CDATA[]]></DOCKEYWORDS>
      <DOCAUTHOR><![CDATA[]]></DOCAUTHOR>
      <DOCRELTIME>2009-05-25 15:38:00</DOCRELTIME>
      <TITLECOLOR><![CDATA[#000000]]></TITLECOLOR>
      <SUBDOCTITLE><![CDATA[]]></SUBDOCTITLE>
      <EDITOR><![CDATA[]]></EDITOR>
      <CHNLNAME><![CDATA[文档列表数据]]></CHNLNAME>
    </PROPERTIES>
    <WCMAPPENDIXS/>
  </WCMDOCUMENT>
  <WCMDOCUMENT Version="6.0">
    <PROPERTIES>
      <DOCID>303</DOCID>
      <DOCVERSION>0</DOCVERSION>
      <DOCTYPE>20</DOCTYPE>
      <DOCPUBTIME>2013-03-26 12:23:17</DOCPUBTIME>
      <CRUSER><![CDATA[admin]]></CRUSER>
      <CRTIME>2010-07-13 18:45:01</CRTIME>
      <DOCFLAG>0</DOCFLAG>
      <ATTRIBUTE><![CDATA[]]></ATTRIBUTE>
      <ATTACHPIC>0</ATTACHPIC>
      <DOCLINK><![CDATA[]]></DOCLINK>
      <DOCFILENAME><![CDATA[]]></DOCFILENAME>
      <DOCCHANNEL>71</DOCCHANNEL>
      <DOCTITLE><![CDATA[中国援助斯国真实内幕:猛虎欠中国的血债！]]></DOCTITLE>
      <DOCPEOPLE><![CDATA[]]></DOCPEOPLE>
      <DOCSOURCENAME><![CDATA[新浪]]></DOCSOURCENAME>
      <DOCSTATUS>10</DOCSTATUS>
      <DOCCONTENT><![CDATA[　　英国报纸认为，中国是出于要为其未来海洋，海军力量开拓新的印度洋领域，而不顾国际社会反对极力支持斯里兰卡政府，“镇压”泰米尔人。 
　　美国报纸认为说，中国政府此举是打开一个要向印度洋进军的前兆，所谓“延伸化的珍珠岛链”计划。这些道道也许多少有些在理，包括英国媒体普遍认为的目前中国对印巴关系中的倾向性巴国的做法，都是为了一个宗旨，要占据印度洋上的出海口，界而跨越所谓“菲律宾链条”。从容走出南海。 
　　这些道理对于我们这些小人物，小把戏看起来似乎太大了点。我们还是看一点很实在的吧。在中国以前并没有真的公开大力支持撕烂卡政府。 
　　虽然斯里兰卡获得了一些来自西方的装备。但是这些装备对于斯军来说存在很多问题，例如：无法制式化等，很多军备分别来自西方不同国家，不但维护难且还要受到很多“准中人权”方面的制约。 
　　而以往接受了西方大批军事援助的。他们只能按照西方要求，来与泰米尔猛虎组织协商。已打算和平解决方式来处理这个令人头疼的问题。但是几乎经历了大约20年，泰米尔猛虎非但没有被灭亡，反而越演越烈。 
　　中国政府早期也希望斯里兰卡正反双方“捐弃前嫌”罢兵修和。也做过多次的努力。至少中国当时并没有主力力主支持斯里兰卡政府。而早期的斯里兰卡政府对于中印之间，还是习惯的倾向于印度一方。但是随着猛虎组织的活动与日俱增。  
　　 
　　并且在进入21世纪前几年，猛虎组织的所谓“海上游击队”在该国海域开始大肆对各国途径的商船，渔船发动武装袭击与拦截。这一点计划完全触动了中国。 
　　可以说改革后的中国一切利益都不会比“金钱”利益要地位要高。而猛虎组织一旦封锁了中国通往印度洋的要道。这回意味着中国将会每年因此损失大笔的金钱。 
　　这是中国根本不能够接受的。在2004-2006年爆发了一次血腥事件，泰米尔猛虎组织拦截了一艘标志为中国的渔船，并且将其一举击沉。船上大约15名中国人葬身鱼腹。 
　　这使得中国更加对泰米尔猛虎感到不满，但是中国有自己的国策。按照国策中国军事力量是主要用于“守土抗战”的，且中国是主张“不干涉别国内政”国家。因此中国只能打算试图通过斯里兰卡政府来对泰米尔猛虎组织实施打击。但是政府军屡屡败于猛虎手下。  
　　而此时西方各国看到泰米尔猛虎组织对华的“反制”作用，也似乎感到“这个组织可以大有作为”。因此他们不断在国际上以“维护人权”为明义阻拦斯里兰卡政府剿灭行动。 
　　同时利用斯里兰卡政府内部各派矛盾，不断掀起一波波风浪。致使这个猛虎组织一直在发展壮大。而周边国家包括中国在内，都在受着不同的影响。  
　　 
　　后期的斯政府与军方，彻底改变了道路，他们似乎看到泰国在与合作以“软硬兼施”的手段，最后平息了金三角地区的贩毒军团的例子，这是一个不小的启发。 
　　而在西方各国以及印度提出的帮助背后，他们的附加条件总是叫斯政府难以接受，而只有中国政府的要求并不是那么真实的苛刻，“经济开发与合作”。必定再无政治要求下，谁都不会与赚钱结仇。因此斯政府于军方开始密切与中国合作。 
　　同时中国军方大批的制式化常规军备开始不断出现在斯陆军中。同时中国也因为自身原因，再07年以后在国际社会上，强顶西方压力，力主支持斯里兰卡政府军剿灭叛军。 
　　同时中国政府也尽可能切断其国内有可能达到反政府区的一切物资来源。而美国经过911事件后，对于世界游击队态度态度也360°急转弯。因此各种环境基本造就了今天这个时候的前提。 
　　而中国后来所开发的斯里兰卡港口，中国政府多次说“只有纯经济目的”而至今西方还在炒作这个观点，什么所谓10-20年后那里将是中国军港。 
　　现在似乎距离“诺察丹斯”的99灾难大预言已经过去了整10年了。地球依旧存在。因此对于这种战略化的所谓“超前大预言”。个人认为只能是七分像猫，三分像虎而已。  
　　 
　　因此·现在是彻底解决泰米尔猛虎组织的最好时机，而在这个时机，西方政府。媒体出来打着“民权”旗号试图迫使斯里兰卡政府放过泰米尔猛虎一把。  
　　 
　　而使得他可以存活下去。以继续不断地干扰中国印度洋出口。这恐怕才是真实的所谓“泰米尔猛虎人权”的背后吧？ 
　　作为竞争对手来说，凡是对中国这个对手有力的，中国的对手们又怎么会去支持？难道不成他们脑袋都秀逗了吗？所以认准方向，坚定支持下去。要彻底解决这股威胁印度洋出口的海盗行为的恐怖主义组织。那才是真的战略。
　　]]></DOCCONTENT>
      <DOCHTMLCON><![CDATA[<div class=TRS_Editor><p>　　英国报纸认为，中国是出于要为其未来海洋，海军力量开拓新的印度洋领域，而不顾国际社会反对极力支持斯里兰卡政府，“镇压”泰米尔人。&nbsp;<wbr></wbr></p>
<p>　　美国报纸认为说，中国政府此举是打开一个要向印度洋进军的前兆，所谓“延伸化的珍珠岛链”计划。这些道道也许多少有些在理，包括英国媒体普遍认为的目前中国对印巴关系中的倾向性巴国的做法，都是为了一个宗旨，要占据印度洋上的出海口，界而跨越所谓“菲律宾链条”。从容走出南海。&nbsp;<wbr></wbr></p>
<p>　　这些道理对于我们这些小人物，小把戏看起来似乎太大了点。我们还是看一点很实在的吧。在中国以前并没有真的公开大力支持撕烂卡政府。&nbsp;<wbr></wbr></p>
<p>　　虽然斯里兰卡获得了一些来自西方的装备。但是这些装备对于斯军来说存在很多问题，例如：无法制式化等，很多军备分别来自西方不同国家，不但维护难且还要受到很多“准中人权”方面的制约。&nbsp;<wbr></wbr></p>
<p>　　而以往接受了西方大批军事援助的。他们只能按照西方要求，来与泰米尔猛虎组织协商。已打算和平解决方式来处理这个令人头疼的问题。但是几乎经历了大约20年，泰米尔猛虎非但没有被灭亡，反而越演越烈。&nbsp;<wbr></wbr></p>
<p>　　中国政府早期也希望斯里兰卡正反双方“捐弃前嫌”罢兵修和。也做过多次的努力。至少中国当时并没有主力力主支持斯里兰卡政府。而早期的斯里兰卡政府对于中印之间，还是习惯的倾向于印度一方。但是随着猛虎组织的活动与日俱增。&nbsp;<wbr></wbr>&nbsp;</p>
<p>　　<wbr></wbr>&nbsp;</p>
<p>　　并且在进入21世纪前几年，猛虎组织的所谓“海上游击队”在该国海域开始大肆对各国途径的商船，渔船发动武装袭击与拦截。这一点计划完全触动了中国。&nbsp;<wbr></wbr></p>
<p>　　可以说改革后的中国一切利益都不会比“金钱”利益要地位要高。而猛虎组织一旦封锁了中国通往印度洋的要道。这回意味着中国将会每年因此损失大笔的金钱。&nbsp;<wbr></wbr></p>
<p>　　这是中国根本不能够接受的。在2004-2006年爆发了一次血腥事件，泰米尔猛虎组织拦截了一艘标志为中国的渔船，并且将其一举击沉。船上大约15名中国人葬身鱼腹。&nbsp;<wbr></wbr></p>
<p>　　这使得中国更加对泰米尔猛虎感到不满，但是中国有自己的国策。按照国策中国军事力量是主要用于“守土抗战”的，且中国是主张“不干涉别国内政”国家。因此中国只能打算试图通过斯里兰卡政府来对泰米尔猛虎组织实施打击。但是政府军屡屡败于猛虎手下。&nbsp;
<trs_page_separator>
</trs_page_separator>
<wbr></wbr></p>
<p>　　而此时西方各国看到泰米尔猛虎组织对华的“反制”作用，也似乎感到“这个组织可以大有作为”。因此他们不断在国际上以“维护人权”为明义阻拦斯里兰卡政府剿灭行动。&nbsp;<wbr></wbr></p>
<p>　　同时利用斯里兰卡政府内部各派矛盾，不断掀起一波波风浪。致使这个猛虎组织一直在发展壮大。而周边国家包括中国在内，都在受着不同的影响。&nbsp;<wbr></wbr>&nbsp;</p>
<p>　　<wbr></wbr>&nbsp;</p>
<p>　　后期的斯政府与军方，彻底改变了道路，他们似乎看到泰国在与合作以“软硬兼施”的手段，最后平息了金三角地区的贩毒军团的例子，这是一个不小的启发。&nbsp;<wbr></wbr></p>
<p>　　而在西方各国以及印度提出的帮助背后，他们的附加条件总是叫斯政府难以接受，而只有中国政府的要求并不是那么真实的苛刻，“经济开发与合作”。必定再无政治要求下，谁都不会与赚钱结仇。因此斯政府于军方开始密切与中国合作。&nbsp;<wbr></wbr></p>
<p>　　同时中国军方大批的制式化常规军备开始不断出现在斯陆军中。同时中国也因为自身原因，再07年以后在国际社会上，强顶西方压力，力主支持斯里兰卡政府军剿灭叛军。&nbsp;<wbr></wbr></p>
<p>　　同时中国政府也尽可能切断其国内有可能达到反政府区的一切物资来源。而美国经过911事件后，对于世界游击队态度态度也360°急转弯。因此各种环境基本造就了今天这个时候的前提。&nbsp;<wbr></wbr></p>
<p>　　而中国后来所开发的斯里兰卡港口，中国政府多次说“只有纯经济目的”而至今西方还在炒作这个观点，什么所谓10-20年后那里将是中国军港。&nbsp;<wbr></wbr></p>
<p>　　现在似乎距离“诺察丹斯”的99灾难大预言已经过去了整10年了。地球依旧存在。因此对于这种战略化的所谓“超前大预言”。个人认为只能是七分像猫，三分像虎而已。&nbsp;<wbr></wbr>&nbsp;</p>
<p>　　<wbr></wbr>&nbsp;</p>
<p>　　因此·现在是彻底解决泰米尔猛虎组织的最好时机，而在这个时机，西方政府。媒体出来打着“民权”旗号试图迫使斯里兰卡政府放过泰米尔猛虎一把。&nbsp;<wbr></wbr>&nbsp;</p>
<p>　　<wbr></wbr>&nbsp;</p>
<p>　　而使得他可以存活下去。以继续不断地干扰中国印度洋出口。这恐怕才是真实的所谓“泰米尔猛虎人权”的背后吧？&nbsp;<wbr></wbr></p>
<p>　　作为竞争对手来说，凡是对中国这个对手有力的，中国的对手们又怎么会去支持？难道不成他们脑袋都秀逗了吗？所以认准方向，坚定支持下去。要彻底解决这股威胁印度洋出口的海盗行为的恐怖主义组织。那才是真的战略。</p>
<p>　　</p></div>]]></DOCHTMLCON>
      <DOCWORDSCOUNT>1822</DOCWORDSCOUNT>
      <DOCABSTRACT><![CDATA[　　英国报纸认为，中国是出于要为其未来海洋，海军力量开拓新的印度洋领域，而不顾国际社会反对极力支持斯里兰卡政府，“镇压”泰米尔人。 

　　美国报纸认为说，中国政府此举是打开一个要向印度洋进军的前兆，所谓“延伸化的珍珠岛链”计划。这些道道也许多少有些在理，包括英国媒体普遍认为的目前中国对印巴关系中的倾向性巴国的做法，都是为了一个宗旨，要占据印度洋上的出海口，界而跨越所谓“菲律宾链条”。从容走出南海。 

　　这些道理对于我们这些小人物，小把戏看起来似乎太大了点。我们还是看一点很实在的吧。在中国以前并没有真的公开大力支持撕烂卡政府。 

　　虽然斯里兰卡获得了一些来自西方的装备。但是这些装备对于斯军来说存在很多问题，例如：无法制式化等，很多军备分别来自西方不同国家，不但维护难且还要受到很多“准中人权”方面的制约。 
]]></DOCABSTRACT>
      <DOCKEYWORDS><![CDATA[]]></DOCKEYWORDS>
      <DOCAUTHOR><![CDATA[]]></DOCAUTHOR>
      <DOCRELTIME>2009-05-25 15:40:00</DOCRELTIME>
      <TITLECOLOR><![CDATA[#000000]]></TITLECOLOR>
      <SUBDOCTITLE><![CDATA[]]></SUBDOCTITLE>
      <EDITOR><![CDATA[]]></EDITOR>
      <CHNLNAME><![CDATA[文档列表数据]]></CHNLNAME>
    </PROPERTIES>
    <WCMAPPENDIXS/>
  </WCMDOCUMENT>
</WCMDOCUMENTS>
