<isd:service xmlns:isd="http://xml.apache.org/xml-soap/deployment"
             id="urn:property-bag-sample">
  <isd:provider type="java"
                scope="Application"
                methods="analyze">
    <isd:java class="samples.propertybag.PropertyBagService" static="false"/>
    <isd:option key="gzip" value="false"/>
    <isd:option key="SessionRequired" value="false"/>
  </isd:provider>

  <isd:faultListener>org.apache.soap.server.DOMFaultListener</isd:faultListener>

  <isd:mappings>
    <isd:map encodingStyle="http://schemas.xmlsoap.org/soap/encoding/"
             xmlns:x="urn:property-bag-sample" qname="x:PropertyBag"
             javaType="java.util.Map"
             xml2JavaClassName="org.apache.soap.encoding.soapenc.PropertyBagSerializer"/>
  </isd:mappings>    
</isd:service>
