<?xml version="1.0" encoding="UTF-8"?>

<RESOURCE Version="6.0">
  <PROPERTIES/>
  <WCMCHANNELS>
    <WCMCHANNEL Version="6.0">
      <PROPERTIES>
        <CHANNELID>111</CHANNELID>
        <CHNLNAME><![CDATA[单个图片摘要数据]]></CHNLNAME>
        <CHNLDESC><![CDATA[单个图片摘要数据]]></CHNLDESC>
      </PROPERTIES>
      <WCMFLOWEMPLOYS/>
    </WCMCHANNEL>
  </WCMCHANNELS>
  <WCMSTATUSS>
    <WCMSTATUS Version="6.0">
      <PROPERTIES>
        <STATUSID>2</STATUSID>
        <SNAME><![CDATA[已编状态]]></SNAME>
        <SDESC><![CDATA[稿件已经编辑.]]></SDESC>
        <SDISP><![CDATA[已编]]></SDISP>
      </PROPERTIES>
    </WCMSTATUS>
  </WCMSTATUSS>
  <WCMSOURCES/>
  <WCMSECURITYS/>
</RESOURCE>
