<?xml version="1.0" encoding="UTF-8"?>

<WCMTEMPLATES>
  <WCMTEMPLATE Version="6.0">
    <PROPERTIES>
      <TEMPNAME><![CDATA[文档详细信息不带格式]]></TEMPNAME>
      <TEMPTYPE>2</TEMPTYPE>
      <TEMPEXT><![CDATA[xml]]></TEMPEXT>
      <OUTPUTFILENAME><![CDATA[index]]></OUTPUTFILENAME>
      <VISUAL>0</VISUAL>
      <TEMPDESC><![CDATA[]]></TEMPDESC>
    </PROPERTIES>
  </WCMTEMPLATE>
  <WCMTEMPLATE Version="6.0">
    <PROPERTIES>
      <TEMPNAME><![CDATA[栏目列表]]></TEMPNAME>
      <TEMPTYPE>1</TEMPTYPE>
      <TEMPEXT><![CDATA[xml]]></TEMPEXT>
      <OUTPUTFILENAME><![CDATA[channels]]></OUTPUTFILENAME>
      <VISUAL>0</VISUAL>
      <TEMPDESC><![CDATA[]]></TEMPDESC>
    </PROPERTIES>
  </WCMTEMPLATE>
  <WCMTEMPLATE Version="6.0">
    <PROPERTIES>
      <TEMPNAME><![CDATA[栏目最后修改时间]]></TEMPNAME>
      <TEMPTYPE>1</TEMPTYPE>
      <TEMPEXT><![CDATA[txt]]></TEMPEXT>
      <OUTPUTFILENAME><![CDATA[lmt]]></OUTPUTFILENAME>
      <VISUAL>0</VISUAL>
      <TEMPDESC><![CDATA[]]></TEMPDESC>
    </PROPERTIES>
  </WCMTEMPLATE>
  <WCMTEMPLATE Version="6.0">
    <PROPERTIES>
      <TEMPNAME><![CDATA[首页图片文档列表]]></TEMPNAME>
      <TEMPTYPE>1</TEMPTYPE>
      <TEMPEXT><![CDATA[xml]]></TEMPEXT>
      <OUTPUTFILENAME><![CDATA[documents]]></OUTPUTFILENAME>
      <VISUAL>0</VISUAL>
      <TEMPDESC><![CDATA[]]></TEMPDESC>
    </PROPERTIES>
  </WCMTEMPLATE>
  <WCMTEMPLATE Version="6.0">
    <PROPERTIES>
      <TEMPNAME><![CDATA[普通文档列表]]></TEMPNAME>
      <TEMPTYPE>1</TEMPTYPE>
      <TEMPEXT><![CDATA[xml]]></TEMPEXT>
      <OUTPUTFILENAME><![CDATA[documents]]></OUTPUTFILENAME>
      <VISUAL>0</VISUAL>
      <TEMPDESC><![CDATA[]]></TEMPDESC>
    </PROPERTIES>
  </WCMTEMPLATE>
  <WCMTEMPLATE Version="6.0">
    <PROPERTIES>
      <TEMPNAME><![CDATA[栏目辅助模板]]></TEMPNAME>
      <TEMPTYPE>1</TEMPTYPE>
      <TEMPEXT><![CDATA[tmp]]></TEMPEXT>
      <OUTPUTFILENAME><![CDATA[index]]></OUTPUTFILENAME>
      <VISUAL>0</VISUAL>
      <TEMPDESC><![CDATA[]]></TEMPDESC>
    </PROPERTIES>
  </WCMTEMPLATE>
  <WCMTEMPLATE Version="6.0">
    <PROPERTIES>
      <TEMPNAME><![CDATA[消息推送]]></TEMPNAME>
      <TEMPTYPE>1</TEMPTYPE>
      <TEMPEXT><![CDATA[xml]]></TEMPEXT>
      <OUTPUTFILENAME><![CDATA[notify]]></OUTPUTFILENAME>
      <VISUAL>0</VISUAL>
      <TEMPDESC><![CDATA[]]></TEMPDESC>
    </PROPERTIES>
  </WCMTEMPLATE>
  <WCMTEMPLATE Version="6.0">
    <PROPERTIES>
      <TEMPNAME><![CDATA[站点最后修改时间]]></TEMPNAME>
      <TEMPTYPE>1</TEMPTYPE>
      <TEMPEXT><![CDATA[txt]]></TEMPEXT>
      <OUTPUTFILENAME><![CDATA[lmt]]></OUTPUTFILENAME>
      <VISUAL>0</VISUAL>
      <TEMPDESC><![CDATA[]]></TEMPDESC>
    </PROPERTIES>
  </WCMTEMPLATE>
  <WCMTEMPLATE Version="6.0">
    <PROPERTIES>
      <TEMPNAME><![CDATA[客户端系统配置]]></TEMPNAME>
      <TEMPTYPE>1</TEMPTYPE>
      <TEMPEXT><![CDATA[xml]]></TEMPEXT>
      <OUTPUTFILENAME><![CDATA[cs]]></OUTPUTFILENAME>
      <VISUAL>0</VISUAL>
      <TEMPDESC><![CDATA[]]></TEMPDESC>
    </PROPERTIES>
  </WCMTEMPLATE>
  <WCMTEMPLATE Version="6.0">
    <PROPERTIES>
      <TEMPNAME><![CDATA[消息推送最新时间]]></TEMPNAME>
      <TEMPTYPE>1</TEMPTYPE>
      <TEMPEXT><![CDATA[txt]]></TEMPEXT>
      <OUTPUTFILENAME><![CDATA[lpt]]></OUTPUTFILENAME>
      <VISUAL>0</VISUAL>
      <TEMPDESC><![CDATA[]]></TEMPDESC>
    </PROPERTIES>
  </WCMTEMPLATE>
  <WCMTEMPLATE Version="6.0">
    <PROPERTIES>
      <TEMPNAME><![CDATA[文档最后修改时间]]></TEMPNAME>
      <TEMPTYPE>2</TEMPTYPE>
      <TEMPEXT><![CDATA[txt]]></TEMPEXT>
      <OUTPUTFILENAME><![CDATA[index]]></OUTPUTFILENAME>
      <VISUAL>0</VISUAL>
      <TEMPDESC><![CDATA[]]></TEMPDESC>
    </PROPERTIES>
  </WCMTEMPLATE>
  <WCMTEMPLATE Version="6.0">
    <PROPERTIES>
      <TEMPNAME><![CDATA[站点辅助模板]]></TEMPNAME>
      <TEMPTYPE>1</TEMPTYPE>
      <TEMPEXT><![CDATA[tmp]]></TEMPEXT>
      <OUTPUTFILENAME><![CDATA[index]]></OUTPUTFILENAME>
      <VISUAL>0</VISUAL>
      <TEMPDESC><![CDATA[]]></TEMPDESC>
    </PROPERTIES>
  </WCMTEMPLATE>
  <WCMTEMPLATE Version="6.0">
    <PROPERTIES>
      <TEMPNAME><![CDATA[文档附件信息列表]]></TEMPNAME>
      <TEMPTYPE>2</TEMPTYPE>
      <TEMPEXT><![CDATA[xml]]></TEMPEXT>
      <OUTPUTFILENAME><![CDATA[index]]></OUTPUTFILENAME>
      <VISUAL>0</VISUAL>
      <TEMPDESC><![CDATA[]]></TEMPDESC>
    </PROPERTIES>
  </WCMTEMPLATE>
  <WCMTEMPLATE Version="6.0">
    <PROPERTIES>
      <TEMPNAME><![CDATA[文档详细信息带格式]]></TEMPNAME>
      <TEMPTYPE>2</TEMPTYPE>
      <TEMPEXT><![CDATA[xml]]></TEMPEXT>
      <OUTPUTFILENAME><![CDATA[index]]></OUTPUTFILENAME>
      <VISUAL/>
      <TEMPDESC><![CDATA[]]></TEMPDESC>
    </PROPERTIES>
  </WCMTEMPLATE>
</WCMTEMPLATES>
