<?xml version="1.0" encoding="UTF-8"?>

<WCMDOCUMENTS>
  <WCMDOCUMENT Version="6.0">
    <PROPERTIES>
      <DOCID>448</DOCID>
      <DOCVERSION>0</DOCVERSION>
      <DOCTYPE>20</DOCTYPE>
      <DOCPUBTIME/>
      <CRUSER><![CDATA[admin]]></CRUSER>
      <CRTIME>2010-07-13 18:45:01</CRTIME>
      <DOCFLAG>0</DOCFLAG>
      <ATTRIBUTE><![CDATA[]]></ATTRIBUTE>
      <ATTACHPIC>1</ATTACHPIC>
      <DOCLINK><![CDATA[]]></DOCLINK>
      <DOCFILENAME><![CDATA[]]></DOCFILENAME>
      <DOCCHANNEL>125</DOCCHANNEL>
      <DOCTITLE><![CDATA[中国商船遭海盗火箭弹袭击 护航军舰施援(图)]]></DOCTITLE>
      <DOCPEOPLE><![CDATA[]]></DOCPEOPLE>
      <DOCSOURCENAME><![CDATA[]]></DOCSOURCENAME>
      <DOCSTATUS>2</DOCSTATUS>
      <DOCCONTENT><![CDATA[


　　由于未参加护航，当地时间2月25日13时30分，中远散货公司拥有的“雁荡海”商船遭遇索马里海盗袭击。海盗发射的火箭弹击中生活区船长室。墙外的弹痕清晰可见。（中广网记者孙利摄）
　　中广网亚丁湾3月3日消息 （记者 孙利）针对亚丁湾海域近期海盗活动频繁的情况，中国海军护航编队指挥员杜景臣在接受随舰记者采访时，提醒过往船只须提高警惕，注意航行安全。
　　杜景臣说，尽管各国海军近期接连挫败多起海盗袭击事件，但亚丁湾海域航运安全形势仍不容乐观。仅过去一周内，就发生了100多艘次可疑小艇袭扰事件。
　　2月25日，中远散货公司的“雁荡海”号货轮在亚丁湾中部海域遭遇海盗袭击，致使两名船员受伤。正在附近海域巡逻的丹麦军舰“L16”闻讯赶往事发海域，成功驱离了海盗。
　　得知此事后，中国海军护航编队立即派距离事发海域200多海里外的“海口”舰高速前往接护。次日清晨，“雁荡海”号在“海口”舰的护送下，顺利抵达亚丁湾东部安全海域。分航前，护航编队还派出医务人员登上“雁荡海”号，为受伤船员进行了身体检查和包扎处理。
　　经了解，“雁荡海”号是一艘装有小麦的商船。这次独自穿越亚丁湾，是由于供货期限原因而未能参加护航所致。
　　随编队执行任务的深圳海事局副处长陶维功说：“进入3月份后，亚丁湾航道将迎来新一轮海运高峰期。在当前海盗活动猖獗情况下，过往商船应尽量申请军舰护航。”
　　据悉，中国交通部每月都会向船运公司公布海军护航编队的护航计划，需要护航的商船均可向交通部和海军有关部门提出申请。紧急情况下，还可以通过电子邮箱和国际甚高频16频道直接向海军护航编队求助。
　　独家稿件声明：该作品（文字、图片、图表及音视频）属中国广播网独家稿件，并特供新浪使用，未经授权，任何媒体和个人不得全部或部分转载。]]></DOCCONTENT>
      <DOCHTMLCON><![CDATA[<div class=TRS_Editor><CENTER><IMG alt=由于未参加护航，当地时间2月25日13时30分，中远散货公司拥有的“雁荡海”商船遭遇索马里海盗袭击。海盗发射的火箭弹击中生活区船长室。墙外的弹痕清晰可见。（中广网记者孙利摄） src="W020110523604468931814.jpg" border=1 _fcksavedurl="/webpic/W0201007/W020100713/W020100713675014493903.jpg" OLDSRC="W020110523604468931814.jpg" /></CENTER>
<TABLE class=" FCK__ShowTableBorders" height=6>
<TBODY>
<TR>
<TD></TD></TR></TBODY></TABLE>
<DIV align=left><FONT class=f12>　　由于未参加护航，当地时间2月25日13时30分，中远散货公司拥有的“雁荡海”商船遭遇索马里海盗袭击。海盗发射的火箭弹击中生活区船长室。墙外的弹痕清晰可见。（中广网记者孙利摄）</FONT></DIV>
<DIV align=center><FONT class=f12></FONT></DIV>
<DIV align=center><FONT class=f12></FONT></DIV>
<DIV align=center><FONT class=f12></FONT></DIV>
<P>　　中广网亚丁湾3月3日消息 （记者 孙利）针对亚丁湾海域近期海盗活动频繁的情况，中国海军护航编队指挥员杜景臣在接受随舰记者采访时，提醒过往船只须提高警惕，注意航行安全。</P>
<P>　　杜景臣说，尽管各国海军近期接连挫败多起海盗袭击事件，但亚丁湾海域航运安全形势仍不容乐观。仅过去一周内，就发生了100多艘次可疑小艇袭扰事件。</P>
<P>　　2月25日，中远散货公司的“雁荡海”号货轮在亚丁湾中部海域遭遇海盗袭击，致使两名船员受伤。正在附近海域巡逻的丹麦军舰“L16”闻讯赶往事发海域，成功驱离了海盗。</P>
<P>　　得知此事后，中国海军护航编队立即派距离事发海域200多海里外的“海口”舰高速前往接护。次日清晨，“雁荡海”号在“海口”舰的护送下，顺利抵达亚丁湾东部安全海域。分航前，护航编队还派出医务人员登上“雁荡海”号，为受伤船员进行了身体检查和包扎处理。</P>
<P>　　经了解，“雁荡海”号是一艘装有小麦的商船。这次独自穿越亚丁湾，是由于供货期限原因而未能参加护航所致。</P>
<P>　　随编队执行任务的深圳海事局副处长陶维功说：“进入3月份后，亚丁湾航道将迎来新一轮海运高峰期。在当前海盗活动猖獗情况下，过往商船应尽量申请军舰护航。”</P>
<P>　　据悉，中国交通部每月都会向船运公司公布海军护航编队的护航计划，需要护航的商船均可向交通部和海军有关部门提出申请。紧急情况下，还可以通过电子邮箱和国际甚高频16频道直接向海军护航编队求助。</P>
<P>　　独家稿件声明：该作品（文字、图片、图表及音视频）属中国广播网独家稿件，并特供新浪使用，未经授权，任何媒体和个人不得全部或部分转载。</P>
<STYLE type=text/css>.otherContent_01 P {
	MARGIN: 0px; LINE-HEIGHT: 23px
}
</STYLE></div>]]></DOCHTMLCON>
      <DOCWORDSCOUNT>752</DOCWORDSCOUNT>
      <DOCABSTRACT><![CDATA[<P>　　由于未参加护航，当地时间2月25日13时30分，中远散货公司拥有的“雁荡海”商船遭遇索马里海盗袭击。海盗发射的火箭弹击中生活区船长室。墙外的弹痕清晰可见。（中广网记者孙利摄）　　中广网亚丁湾3月3日消息 （记者 孙利）针对亚丁湾海域近期海盗活动频繁的情况，中国海军护航编队指挥员杜景臣在接受随舰记者采访时，提醒过往船只须提高警惕，注意航行安全。 　　杜景臣说，尽管各国海军近期接连挫败多起海盗袭击事件，但亚丁湾海域航运安全形势仍不容乐观。仅过去一周内，就发生了100多艘次可疑小艇袭扰事件。 　　2月25日，中远散货公司的“雁荡海”号货轮在亚丁湾中部海域遭遇海盗袭击，致使两名船员受伤。正在附近海域巡逻的丹麦军舰“L16”闻讯赶往事发海域，成功驱离了海盗。 </P>]]></DOCABSTRACT>
      <DOCKEYWORDS><![CDATA[任务]]></DOCKEYWORDS>
      <DOCAUTHOR><![CDATA[]]></DOCAUTHOR>
      <DOCRELTIME>2009-05-25 15:39:00</DOCRELTIME>
      <TITLECOLOR><![CDATA[#000000]]></TITLECOLOR>
      <SUBDOCTITLE><![CDATA[]]></SUBDOCTITLE>
      <EDITOR><![CDATA[]]></EDITOR>
      <CHNLNAME><![CDATA[新闻中心_189]]></CHNLNAME>
    </PROPERTIES>
    <WCMAPPENDIXS>
      <WCMAPPENDIX Version="6.0">
        <PROPERTIES>
          <APPSERN>1</APPSERN>
          <APPDESC><![CDATA[W020100713675015597370.jpg]]></APPDESC>
          <APPENDIXID>156</APPENDIXID>
          <APPFILETYPE>-1</APPFILETYPE>
          <APPFLAG>20</APPFLAG>
          <FILEEXT><![CDATA[jpg]]></FILEEXT>
          <APPLINKALT><![CDATA[]]></APPLINKALT>
          <CRTIME>2011-05-23 16:47:26</CRTIME>
          <SRCFILE><![CDATA[W020100818532843222672.jpg]]></SRCFILE>
          <CRUSER><![CDATA[admin]]></CRUSER>
          <USEDVERSIONS>3</USEDVERSIONS>
          <ISIMPORTTOIMAGELIB>0</ISIMPORTTOIMAGELIB>
          <APPDOCID>448</APPDOCID>
          <APPTIME/>
          <APPFILE><![CDATA[W020110523604469097704.jpg]]></APPFILE>
        </PROPERTIES>
      </WCMAPPENDIX>
    </WCMAPPENDIXS>
  </WCMDOCUMENT>
  <WCMDOCUMENT Version="6.0">
    <PROPERTIES>
      <DOCID>449</DOCID>
      <DOCVERSION>0</DOCVERSION>
      <DOCTYPE>20</DOCTYPE>
      <DOCPUBTIME/>
      <CRUSER><![CDATA[admin]]></CRUSER>
      <CRTIME>2010-07-13 18:45:01</CRTIME>
      <DOCFLAG>0</DOCFLAG>
      <ATTRIBUTE><![CDATA[]]></ATTRIBUTE>
      <ATTACHPIC>1</ATTACHPIC>
      <DOCLINK><![CDATA[]]></DOCLINK>
      <DOCFILENAME><![CDATA[]]></DOCFILENAME>
      <DOCCHANNEL>125</DOCCHANNEL>
      <DOCTITLE><![CDATA[中国海军战舰护航菲律宾商船驱离海盗袭扰(图)]]></DOCTITLE>
      <DOCPEOPLE><![CDATA[]]></DOCPEOPLE>
      <DOCSOURCENAME><![CDATA[]]></DOCSOURCENAME>
      <DOCSTATUS>2</DOCSTATUS>
      <DOCCONTENT><![CDATA[


资料图：“深圳”舰和“黄山”舰护航情景。 中新社发 李唐 摄
　　新华网马尼拉5月6日电  通讯：中国“黄山”舰护航在菲律宾传为美谈
　　新华社记者刘华
　　菲律宾“斯图尔特力量”号货船二副鲁埃尔·德古兹曼安全返回马尼拉已有几天时间，但妻子比尔马却仍一刻也不愿离他左右，即便是见到记者，两人也始终十指相扣，唯恐有什么事情会让他们再次分开。
　　从去年11月10日在亚丁湾、索马里海域遭劫持至今年4月21日获释，鲁埃尔与“斯图尔特力量”号货船上其他22名船员一起，被索马里海盗扣押了将近半年。比尔马说，在过去100多个日日夜夜，自己不记得哭了多少次。她感谢中国海军“黄山”舰，说如果没有“黄山”舰护航，鲁埃尔和他的同事们很可能会再次落入索马里海盗的“虎口”。
　　“斯图尔特力量”号船长、62岁的阿贝拉尔多·帕切科说，为营救船员，轮船所属的菲律宾公司支付了大笔赎金，然而就在他们获释后，海盗仍未放弃对他们的追逐，企图伺机再次将其擒获，“这段时间成了我们生命中最恐惧的时刻”。
　　4月24日，应菲律宾外交部的请求，正在亚丁湾海域执行任务的中国海军“黄山”号导弹护卫舰，前往500多海里外的“斯图尔特力量”号漂泊海域为其护航。在与“斯图尔特力量”号沟通后，“黄山”舰还为“斯图尔特力量”号补给了食品、饮用水和部分药品等，并最终将其护送至阿曼附近的安全海域。
　　就在“黄山”号护航期间，海盗们也曾试图再次袭击“斯图尔特力量”号。鲁埃尔告诉记者，“那是另外一伙海盗，他们有四条小船，当时他们已经到了我们轮船的侧翼”，这些海盗用的大多是AK－47突击步枪，而他们自己的货船上除菜刀外，没有任何可以称之为“武器”的东西。
　　鲁埃尔说：“就在这些海盗企图再次劫持我们的时候，‘黄山’号动用船上的直升机作战斗准备，海盗们发现‘黄山’号后，马上停止对我们的追赶，纷纷仓皇逃离。”
　　“斯图尔特力量”号本月初安全回到马尼拉后，主管海外劳工事务的菲律宾副总统德卡斯特罗表达了自己对中国人民的谢意。他说，中国海军前往亚丁湾、索马里海域护航，为包括菲律宾在内的其他国家船只提供帮助，真正体现了一个负责任大国的风范，对此他十分赞赏。
　　近年来，亚丁湾、索马里海域海盗活动猖獗，严重危及过往船只和人员的安全。联合国安理会先后通过多项决议，呼吁和授权世界各国到亚丁湾、索马里海域打击海盗。2008年12月26日，中国海军组成护航编队，首次开赴亚丁湾、索马里海域执行护航任务，“黄山”号属于中国海军第二批护航编队。此次对“斯图尔特力量”号的救助，是第二批护航编队首次接护外国商船。
 ]]></DOCCONTENT>
      <DOCHTMLCON><![CDATA[<div class=TRS_Editor><DIV class=blkContainerSblkCon id=artibody>
<CENTER><IMG alt=资料图：“深圳”舰和“黄山”舰护航情景。中新社发李唐摄 src="W020110523604469097809.jpg" border=1 OLDSRC="W020110523604469097809.jpg" _fcksavedurl="/webpic/W0201007/W020100713/W020100713675015900221.jpg" /></CENTER>
<TABLE class=" FCK__ShowTableBorders" height=6>
<TBODY>
<TR>
<TD></TD></TR></TBODY></TABLE>
<DIV align=center><FONT class=f12>资料图：“深圳”舰和“黄山”舰护航情景。 中新社发 李唐 摄</FONT></DIV>
<DIV align=center><FONT class=f12></FONT></DIV>
<DIV align=center><FONT class=f12></FONT></DIV>
<DIV align=center><FONT class=f12></FONT></DIV>
<P>　　新华网马尼拉5月6日电&nbsp; 通讯：中国“黄山”舰护航在菲律宾传为美谈</P>
<P>　　新华社记者刘华</P>
<P>　　菲律宾“斯图尔特力量”号货船二副鲁埃尔·德古兹曼安全返回马尼拉已有几天时间，但妻子比尔马却仍一刻也不愿离他左右，即便是见到记者，两人也始终十指相扣，唯恐有什么事情会让他们再次分开。</P>
<P>　　从去年11月10日在亚丁湾、索马里海域遭劫持至今年4月21日获释，鲁埃尔与“斯图尔特力量”号货船上其他22名船员一起，被索马里海盗扣押了将近半年。比尔马说，在过去100多个日日夜夜，自己不记得哭了多少次。她感谢中国海军“黄山”舰，说如果没有“黄山”舰护航，鲁埃尔和他的同事们很可能会再次落入索马里海盗的“虎口”。</P>
<P>　　“斯图尔特力量”号船长、62岁的阿贝拉尔多·帕切科说，为营救船员，轮船所属的菲律宾公司支付了大笔赎金，然而就在他们获释后，海盗仍未放弃对他们的追逐，企图伺机再次将其擒获，“这段时间成了我们生命中最恐惧的时刻”。</P>
<P>　　4月24日，应菲律宾外交部的请求，正在亚丁湾海域执行任务的中国海军“黄山”号导弹护卫舰，前往500多海里外的“斯图尔特力量”号漂泊海域为其护航。在与“斯图尔特力量”号沟通后，“黄山”舰还为“斯图尔特力量”号补给了食品、饮用水和部分药品等，并最终将其护送至阿曼附近的安全海域。</P>
<P>　　就在“黄山”号护航期间，海盗们也曾试图再次袭击“斯图尔特力量”号。鲁埃尔告诉记者，“那是另外一伙海盗，他们有四条小船，当时他们已经到了我们轮船的侧翼”，这些海盗用的大多是AK－47突击步枪，而他们自己的货船上除菜刀外，没有任何可以称之为“武器”的东西。</P>
<P>　　鲁埃尔说：“就在这些海盗企图再次劫持我们的时候，‘黄山’号动用船上的直升机作战斗准备，海盗们发现‘黄山’号后，马上停止对我们的追赶，纷纷仓皇逃离。”</P>
<P>　　“斯图尔特力量”号本月初安全回到马尼拉后，主管海外劳工事务的菲律宾副总统德卡斯特罗表达了自己对中国人民的谢意。他说，中国海军前往亚丁湾、索马里海域护航，为包括菲律宾在内的其他国家船只提供帮助，真正体现了一个负责任大国的风范，对此他十分赞赏。</P>
<P>　　近年来，亚丁湾、索马里海域海盗活动猖獗，严重危及过往船只和人员的安全。联合国安理会先后通过多项决议，呼吁和授权世界各国到亚丁湾、索马里海域打击海盗。2008年12月26日，中国海军组成护航编队，首次开赴亚丁湾、索马里海域执行护航任务，“黄山”号属于中国海军第二批护航编队。此次对“斯图尔特力量”号的救助，是第二批护航编队首次接护外国商船。</P>
<STYLE type=text/css>.otherContent_01 P {
	MARGIN: 0px; LINE-HEIGHT: 23px
}
</STYLE>

<P><A href="http://mil.news.sina.com.cn/nz/jzsml/index.shtml" target=_blank _fcksavedurl="http://mil.news.sina.com.cn/nz/jzsml/index.shtml"></A>&nbsp;</P></DIV><!--{PS..0}--><!--{PS..1}-->
<DIV align=center></DIV><!--{PS..2}--></div>]]></DOCHTMLCON>
      <DOCWORDSCOUNT>1082</DOCWORDSCOUNT>
      <DOCABSTRACT><![CDATA[　　新华网马尼拉5月6日电  通讯：中国“黄山”舰护航在菲律宾传为美谈

　　新华社记者刘华

　　菲律宾“斯图尔特力量”号货船二副鲁埃尔·德古兹曼安全返回马尼拉已有几天时间，但妻子比尔马却仍一刻也不愿离他左右，即便是见到记者，两人也始终十指相扣，唯恐有什么事情会让他们再次分开。

　　从去年11月10日在亚丁湾、索马里海域遭劫持至今年4月21日获释，鲁埃尔与“斯图尔特力量”号货船上其他22名船员一起，被索马里海盗扣押了将近半年。比尔马说，在过去100多个日日夜夜，自己不记得哭了多少次。她感谢中国海军“黄山”舰，说如果没有“黄山”舰护航，鲁埃尔和他的同事们很可能会再次落入索马里海盗的“虎口”。
]]></DOCABSTRACT>
      <DOCKEYWORDS><![CDATA[任务]]></DOCKEYWORDS>
      <DOCAUTHOR><![CDATA[]]></DOCAUTHOR>
      <DOCRELTIME>2009-05-25 15:31:00</DOCRELTIME>
      <TITLECOLOR><![CDATA[#000000]]></TITLECOLOR>
      <SUBDOCTITLE><![CDATA[]]></SUBDOCTITLE>
      <EDITOR><![CDATA[]]></EDITOR>
      <CHNLNAME><![CDATA[新闻中心_189]]></CHNLNAME>
    </PROPERTIES>
    <WCMAPPENDIXS>
      <WCMAPPENDIX Version="6.0">
        <PROPERTIES>
          <APPSERN>1</APPSERN>
          <APPDESC><![CDATA[W020100713675016377901.jpg]]></APPDESC>
          <APPENDIXID>157</APPENDIXID>
          <APPFILETYPE>-1</APPFILETYPE>
          <APPFLAG>20</APPFLAG>
          <FILEEXT><![CDATA[jpg]]></FILEEXT>
          <APPLINKALT><![CDATA[]]></APPLINKALT>
          <CRTIME>2011-05-23 16:47:26</CRTIME>
          <SRCFILE><![CDATA[W020100818532843067277.jpg]]></SRCFILE>
          <CRUSER><![CDATA[admin]]></CRUSER>
          <USEDVERSIONS>3</USEDVERSIONS>
          <ISIMPORTTOIMAGELIB>0</ISIMPORTTOIMAGELIB>
          <APPDOCID>449</APPDOCID>
          <APPTIME/>
          <APPFILE><![CDATA[W020110523604469240843.jpg]]></APPFILE>
        </PROPERTIES>
      </WCMAPPENDIX>
    </WCMAPPENDIXS>
  </WCMDOCUMENT>
  <WCMDOCUMENT Version="6.0">
    <PROPERTIES>
      <DOCID>450</DOCID>
      <DOCVERSION>0</DOCVERSION>
      <DOCTYPE>20</DOCTYPE>
      <DOCPUBTIME/>
      <CRUSER><![CDATA[admin]]></CRUSER>
      <CRTIME>2010-07-13 18:45:01</CRTIME>
      <DOCFLAG>0</DOCFLAG>
      <ATTRIBUTE><![CDATA[]]></ATTRIBUTE>
      <ATTACHPIC>1</ATTACHPIC>
      <DOCLINK><![CDATA[]]></DOCLINK>
      <DOCFILENAME><![CDATA[]]></DOCFILENAME>
      <DOCCHANNEL>125</DOCCHANNEL>
      <DOCTITLE><![CDATA[中国驻日本领馆呼吁留学生近期不要回国]]></DOCTITLE>
      <DOCPEOPLE><![CDATA[]]></DOCPEOPLE>
      <DOCSOURCENAME><![CDATA[]]></DOCSOURCENAME>
      <DOCSTATUS>2</DOCSTATUS>
      <DOCCONTENT><![CDATA[　　本报讯 (记者颜颖颛 吴妮 实习生 张立宇)中国驻大阪总领馆昨日发布公告，呼吁中国留学生近期不要回国。疫区留学生也表示不会因疫情回国。
　　中国驻大阪总领馆政文室的高先生说，总领馆在五月初日本出现第一例病例时就发布公告，提醒旅日中国公民提高防范意识，并通过电话提醒辖区内的华侨华人、留学生，注意避免感染。
　　高先生说，总领馆设有24小时应急电话，为旅日中国公民提供帮助。同日，总领馆还发布新公告，呼吁留学生如无特殊紧急情况，近期不要回国。高先生还希望通过本报呼吁近期组团赴大阪、神户地区的人员加紧防护。
　　而大阪相爱大学留学生小吴则对记者表示，虽然自己所在学校已停课，但疫情对生活没有太大影响。“现在日本街上仍熙熙攘攘，不过大家都戴上了口罩。”小吴说，“虽然甲型流感对生活没有太大影响，但自己平时能不出门还是尽量不出门。”小吴还表示，虽然大阪疫情严重，但自己及周围的留学生并没有因疫情扩大而准备回国者。
　　小张则是17日刚从大阪乘飞机回京的留学生。他说，由于入境检查十分细致，乘客们比预定时间晚1小时离开航站楼。
　　对于日本疫情扩散的原因，大阪市发热咨询中心的工作人员穴濑对记者表示，病情迅速扩散主要原因是首例患者出现在学生中，“日本发现的首例患者是外国回来的本国学生。学生们集体相互接触的频率高，活动范围也广，这造成了疫情的迅速传播。”]]></DOCCONTENT>
      <DOCHTMLCON><![CDATA[<div class=TRS_Editor><P dir=ltr style="MARGIN-RIGHT: 0px">　　本报讯 (记者颜颖颛 吴妮 实习生 张立宇)中国驻大阪总领馆昨日发布公告，呼吁中国留学生近期不要回国。疫区留学生也表示不会因疫情回国。</P>
<P dir=ltr style="MARGIN-RIGHT: 0px">　　中国驻大阪总领馆政文室的高先生说，总领馆在五月初日本出现第一例病例时就发布公告，提醒旅日中国公民提高防范意识，并通过电话提醒辖区内的华侨华人、留学生，注意避免感染。</P>
<P dir=ltr style="MARGIN-RIGHT: 0px">　　高先生说，总领馆设有24小时应急电话，为旅日中国公民提供帮助。同日，总领馆还发布新公告，呼吁留学生如无特殊紧急情况，近期不要回国。高先生还希望通过本报呼吁近期组团赴大阪、神户地区的人员加紧防护。</P>
<P dir=ltr style="MARGIN-RIGHT: 0px">　　而大阪相爱大学留学生小吴则对记者表示，虽然自己所在学校已停课，但疫情对生活没有太大影响。“现在日本街上仍熙熙攘攘，不过大家都戴上了口罩。”小吴说，“虽然甲型流感对生活没有太大影响，但自己平时能不出门还是尽量不出门。”小吴还表示，虽然大阪疫情严重，但自己及周围的留学生并没有因疫情扩大而准备回国者。</P>
<P dir=ltr style="MARGIN-RIGHT: 0px">　　小张则是17日刚从大阪乘飞机回京的留学生。他说，由于入境检查十分细致，乘客们比预定时间晚1小时离开航站楼。</P>
<P dir=ltr style="MARGIN-RIGHT: 0px">　　对于日本疫情扩散的原因，大阪市发热咨询中心的工作人员穴濑对记者表示，病情迅速扩散主要原因是首例患者出现在学生中，“日本发现的首例患者是外国回来的本国学生。学生们集体相互接触的频率高，活动范围也广，这造成了疫情的迅速传播。”</P></div>]]></DOCHTMLCON>
      <DOCWORDSCOUNT>575</DOCWORDSCOUNT>
      <DOCABSTRACT><![CDATA[<P>　　本报讯 (记者颜颖颛 吴妮 实习生 张立宇)中国驻大阪总领馆昨日发布公告，呼吁中国留学生近期不要回国。疫区留学生也表示不会因疫情回国。中国驻大阪总领馆政文室的高先生说，总领馆在五月初日本出现第一例病例时就发布公告，提醒旅日中国公民提高防范意识，并通过电话提醒辖区内的华侨华人、留学生，注意避免感染。</P>]]></DOCABSTRACT>
      <DOCKEYWORDS><![CDATA[]]></DOCKEYWORDS>
      <DOCAUTHOR><![CDATA[]]></DOCAUTHOR>
      <DOCRELTIME>2009-05-19 16:42:00</DOCRELTIME>
      <TITLECOLOR><![CDATA[#000000]]></TITLECOLOR>
      <SUBDOCTITLE><![CDATA[]]></SUBDOCTITLE>
      <EDITOR><![CDATA[]]></EDITOR>
      <CHNLNAME><![CDATA[新闻中心_189]]></CHNLNAME>
    </PROPERTIES>
    <WCMAPPENDIXS>
      <WCMAPPENDIX Version="6.0">
        <PROPERTIES>
          <APPSERN>1</APPSERN>
          <APPDESC><![CDATA[galileo09.gif]]></APPDESC>
          <APPENDIXID>158</APPENDIXID>
          <APPFILETYPE>-1</APPFILETYPE>
          <APPFLAG>20</APPFLAG>
          <FILEEXT><![CDATA[gif]]></FILEEXT>
          <APPLINKALT><![CDATA[]]></APPLINKALT>
          <CRTIME>2011-05-23 16:47:26</CRTIME>
          <SRCFILE><![CDATA[W020100818532842753123.gif]]></SRCFILE>
          <CRUSER><![CDATA[admin]]></CRUSER>
          <USEDVERSIONS>3</USEDVERSIONS>
          <ISIMPORTTOIMAGELIB>0</ISIMPORTTOIMAGELIB>
          <APPDOCID>450</APPDOCID>
          <APPTIME/>
          <APPFILE><![CDATA[W020110523604469401594.gif]]></APPFILE>
        </PROPERTIES>
      </WCMAPPENDIX>
    </WCMAPPENDIXS>
  </WCMDOCUMENT>
  <WCMDOCUMENT Version="6.0">
    <PROPERTIES>
      <DOCID>451</DOCID>
      <DOCVERSION>0</DOCVERSION>
      <DOCTYPE>20</DOCTYPE>
      <DOCPUBTIME/>
      <CRUSER><![CDATA[admin]]></CRUSER>
      <CRTIME>2010-07-13 18:45:01</CRTIME>
      <DOCFLAG>0</DOCFLAG>
      <ATTRIBUTE><![CDATA[]]></ATTRIBUTE>
      <ATTACHPIC>1</ATTACHPIC>
      <DOCLINK><![CDATA[]]></DOCLINK>
      <DOCFILENAME><![CDATA[]]></DOCFILENAME>
      <DOCCHANNEL>125</DOCCHANNEL>
      <DOCTITLE><![CDATA[中国古代的“吃人”史：花样繁多 令人发指]]></DOCTITLE>
      <DOCPEOPLE><![CDATA[]]></DOCPEOPLE>
      <DOCSOURCENAME><![CDATA[]]></DOCSOURCENAME>
      <DOCSTATUS>2</DOCSTATUS>
      <DOCCONTENT><![CDATA[　　在封建中国，食人行为常与惩罚罪行有关。罪行被公开处死后，他们的尸体要示众，并被吃掉。按规矩，刽子手有第一个食用死人的特权。但是，患病罪犯的肉被认为不是与食用，所以人们一般不食用。简而言之，人们不仅把人肉作为食物和药品，也以在公开场合食用来表达仇恨和复仇的感情。这种食人实践有着各种原因，诸如政治、法律、心理、感情、军事、商业、医学以及伦理和道德等等。我们在随后即可看到这些原因。
　　一、惩罚不忠
　　公元617年，强大的割据首领薛举占据了陕西、甘肃一带的广大地区。618年，其子薛仁杲俘获了著名文人庾信之子庾立，但他拒不承认薛举政权的合法性。由于这一不愿归顺、誓不效忠的行为，庾立被炙烤而死。他的肉被切成小块，分给薛仁果手下的士兵食用。
　　唐德宗（780—804年）时，武将李怀光听说养子阴谋推翻自己，于是大怒，命令下属杀死并吃了养子石演芬。下属把石演芬看作义士，不忍心这么做，只是用刀子割断了他的咽喉。既然不忠，当然无宽大可言。
　　911年9月，刘守光准备称帝，将佐多以为不可。守光大怒，将谏者孙鹤“伏诸质上，令军士剐而啖之。”
　　王延政是闽国（909—945年）的最后一任国君，其父王审之（862—925年）是闽国的建立者。闽国位于今福建省一带，王延政率军驻扎在军事基地建州时，听说一部分在福州的部下要密谋推翻他。他很快采取了一次令人震惊的反击，派兵在福州伏击叛军，杀了7000余人。死尸都被肢解，骨头扔掉，肉被晾干成脯。这些人肉脯后来多次作为口粮发给士兵，即便口粮不缺时也是如此。  
　　宋初，武将杨师潘受命处罚叛将张文表。张被捕后，被“脔而食之”。即将其肉切成小块吃掉。
　　惩罚不忠的同时，往往要借此考查其他人是否忠诚。
　　隋炀帝以不忠的罪名逮捕了胡斯政，并把他肢解焙烤，制成食物。隋炀帝要胡斯政的同僚们吃他的肉，有的吃得比自己所得的一份还多，有的则不肯。吃得多的人因此而受到褒扬，并受赐大量的贵重赏物。在那个时代，受命食用人肉，通常被认为是下级向上级表示忠心的行为。换句话说，不忠的官员要被诛杀并被同僚所食用，不仅是因为这是他应得的惩罚，也是别人对他报复或仇恨的表达。
　　唐太宗曾申诉他的军事将领邱行恭。邱以其粗暴苛刻闻名，他曾吃了不忠于太宗的代州都督刘兰成的心脏和肝脏。为替皇帝惩罚刘兰成，邱行恭未经太宗允许就吃了刘，尽管他应当根据惯例申请朝廷的批准。这种不寻常的行为是为了向皇帝表示忠心。
　　唐玄宗当朝时期（713—755年），宦官杨思勗杀了受贿的牛仙童。玄宗皇帝对这个腐败的官员大怒，降旨诛杀他。根据惯例，这样的官员应当以最残酷的方式杀头。《旧唐书》非常生动地描述了行刑的过程:“内给事牛仙童使幽州，受张守珪厚赂。玄宗怒，命思勗杀之。思勗缚架之数日，乃探取其心，截去手足，割肉而啖之。” 
　　二、惩罚敌方
　　东晋末年，一个名叫孙恩的海盗在中国东南沿海大事抢掠。每当他在袭击中捉到县令后，就把他杀了，大家便割其肉吃。部分肉则晾制或用酒或盐腌制（“醢”）成食物。这些加工过的肉和骨头，通常在三个月以后食用，并把这类肉食分发给死者的妻子儿女吃。如果妻子儿女不愿食用自己亲人的肉，他们就会立即被杀死。在这种情况下，行刑的过程非常野蛮，甚至有时将受害人当着亲人的面分尸。
　　南朝宋刘劭的助手张超之在守卫京城皇宫的战斗中失利，最后被乱兵所杀。惩罚的方法极为残酷:“剖腹刳心，脔割其肉，诸将生啖之，焚其头骨。” 
　　891年5月，前蜀国（今四川）的建立者王建，命令武将唐友通擒韦昭度的亲历骆保，并把他制成食物，以为惩罚。893年3月，李克用引兵攻天长镇，杀了王镕部上万士兵，当时军中无粮，李克用准许部下把敌人尸体做成肉脯当军粮。
　　王建称帝时期，中国有10个割据国家先后为了最高统治权而争斗。自然，在这些竞争者之间有许多血腥的战争。当四川的士兵抵御入侵的云南蛮军时，他们生擒了一些敌兵，并处于憎恨和惩罚吃了他们。
　　922年10月，镇州陷落，获胜的晋军进城后吃了部分守成官吏及家属，以示惩罚。]]></DOCCONTENT>
      <DOCHTMLCON><![CDATA[<div class=TRS_Editor><p>　　在封建中国，食人行为常与惩罚罪行有关。罪行被公开处死后，他们的尸体要示众，并被吃掉。按规矩，刽子手有第一个食用死人的特权。但是，患病罪犯的肉被认为不是与食用，所以人们一般不食用。简而言之，人们不仅把人肉作为食物和药品，也以在公开场合食用来表达仇恨和复仇的感情。这种食人实践有着各种原因，诸如政治、法律、心理、感情、军事、商业、医学以及伦理和道德等等。我们在随后即可看到这些原因。</p>
<p>　　<strong>一、惩罚不忠</strong></p>
<p>　　公元617年，强大的割据首领薛举占据了陕西、甘肃一带的广大地区。618年，其子薛仁杲俘获了著名文人庾信之子庾立，但他拒不承认薛举政权的合法性。由于这一不愿归顺、誓不效忠的行为，庾立被炙烤而死。他的肉被切成小块，分给薛仁果手下的士兵食用。</p>
<p>　　唐德宗（780—804年）时，武将李怀光听说养子阴谋推翻自己，于是大怒，命令下属杀死并吃了养子石演芬。下属把石演芬看作义士，不忍心这么做，只是用刀子割断了他的咽喉。既然不忠，当然无宽大可言。</p>
<p>　　911年9月，刘守光准备称帝，将佐多以为不可。守光大怒，将谏者孙鹤“伏诸质上，令军士剐而啖之。”</p>
<p>　　王延政是闽国（909—945年）的最后一任国君，其父王审之（862—925年）是闽国的建立者。闽国位于今福建省一带，王延政率军驻扎在军事基地建州时，听说一部分在福州的部下要密谋推翻他。他很快采取了一次令人震惊的反击，派兵在福州伏击叛军，杀了7000余人。死尸都被肢解，骨头扔掉，肉被晾干成脯。这些人肉脯后来多次作为口粮发给士兵，即便口粮不缺时也是如此。
<trs_page_separator>
</trs_page_separator>
&nbsp;</p>
<p>　　宋初，武将杨师潘受命处罚叛将张文表。张被捕后，被“脔而食之”。即将其肉切成小块吃掉。</p>
<p>　　惩罚不忠的同时，往往要借此考查其他人是否忠诚。</p>
<p>　　隋炀帝以不忠的罪名逮捕了胡斯政，并把他肢解焙烤，制成食物。隋炀帝要胡斯政的同僚们吃他的肉，有的吃得比自己所得的一份还多，有的则不肯。吃得多的人因此而受到褒扬，并受赐大量的贵重赏物。在那个时代，受命食用人肉，通常被认为是下级向上级表示忠心的行为。换句话说，不忠的官员要被诛杀并被同僚所食用，不仅是因为这是他应得的惩罚，也是别人对他报复或仇恨的表达。</p>
<p>　　唐太宗曾申诉他的军事将领邱行恭。邱以其粗暴苛刻闻名，他曾吃了不忠于太宗的代州都督刘兰成的心脏和肝脏。为替皇帝惩罚刘兰成，邱行恭未经太宗允许就吃了刘，尽管他应当根据惯例申请朝廷的批准。这种不寻常的行为是为了向皇帝表示忠心。</p>
<p>　　唐玄宗当朝时期（713—755年），宦官杨思勗杀了受贿的牛仙童。玄宗皇帝对这个腐败的官员大怒，降旨诛杀他。根据惯例，这样的官员应当以最残酷的方式杀头。《旧唐书》非常生动地描述了行刑的过程:“内给事牛仙童使幽州，受张守珪厚赂。玄宗怒，命思勗杀之。思勗缚架之数日，乃探取其心，截去手足，割肉而啖之。”
<trs_page_separator>
</trs_page_separator>
</p>
<p>　　<strong>二、惩罚敌方</strong></p>
<p>　　东晋末年，一个名叫孙恩的海盗在中国东南沿海大事抢掠。每当他在袭击中捉到县令后，就把他杀了，大家便割其肉吃。部分肉则晾制或用酒或盐腌制（“醢”）成食物。这些加工过的肉和骨头，通常在三个月以后食用，并把这类肉食分发给死者的妻子儿女吃。如果妻子儿女不愿食用自己亲人的肉，他们就会立即被杀死。在这种情况下，行刑的过程非常野蛮，甚至有时将受害人当着亲人的面分尸。</p>
<p>　　南朝宋刘劭的助手张超之在守卫京城皇宫的战斗中失利，最后被乱兵所杀。惩罚的方法极为残酷:“剖腹刳心，脔割其肉，诸将生啖之，焚其头骨。” </p>
<p>　　891年5月，前蜀国（今四川）的建立者王建，命令武将唐友通擒韦昭度的亲历骆保，并把他制成食物，以为惩罚。893年3月，李克用引兵攻天长镇，杀了王镕部上万士兵，当时军中无粮，李克用准许部下把敌人尸体做成肉脯当军粮。</p>
<p>　　王建称帝时期，中国有10个割据国家先后为了最高统治权而争斗。自然，在这些竞争者之间有许多血腥的战争。当四川的士兵抵御入侵的云南蛮军时，他们生擒了一些敌兵，并处于憎恨和惩罚吃了他们。</p>
<p>　　922年10月，镇州陷落，获胜的晋军进城后吃了部分守成官吏及家属，以示惩罚。</p></div>]]></DOCHTMLCON>
      <DOCWORDSCOUNT>1664</DOCWORDSCOUNT>
      <DOCABSTRACT><![CDATA[<P>　　在封建中国，食人行为常与惩罚罪行有关。罪行被公开处死后，他们的尸体要示众，并被吃掉。按规矩，刽子手有第一个食用死人的特权。但是，患病罪犯的肉被认为不是与食用，所以人们一般不食用。简而言之，人们不仅把人肉作为食物和药品，也以在公开场合食用来表达仇恨和复仇的感情。这种食人实践有着各种原因，诸如政治、法律、心理、感情、军事、商业、医学以及伦理和道德等等。我们在随后即可看到这些原因。</P>]]></DOCABSTRACT>
      <DOCKEYWORDS><![CDATA[]]></DOCKEYWORDS>
      <DOCAUTHOR><![CDATA[]]></DOCAUTHOR>
      <DOCRELTIME>2009-05-19 16:42:00</DOCRELTIME>
      <TITLECOLOR><![CDATA[#000000]]></TITLECOLOR>
      <SUBDOCTITLE><![CDATA[]]></SUBDOCTITLE>
      <EDITOR><![CDATA[]]></EDITOR>
      <CHNLNAME><![CDATA[新闻中心_189]]></CHNLNAME>
    </PROPERTIES>
    <WCMAPPENDIXS>
      <WCMAPPENDIX Version="6.0">
        <PROPERTIES>
          <APPSERN>1</APPSERN>
          <APPDESC><![CDATA[{15383F78-77DC-49EC-ABC8-6DD44646DFEC}.jpg]]></APPDESC>
          <APPENDIXID>159</APPENDIXID>
          <APPFILETYPE>-1</APPFILETYPE>
          <APPFLAG>20</APPFLAG>
          <FILEEXT><![CDATA[jpg]]></FILEEXT>
          <APPLINKALT><![CDATA[]]></APPLINKALT>
          <CRTIME>2011-05-23 16:47:26</CRTIME>
          <SRCFILE><![CDATA[W020100818532842437534.jpg]]></SRCFILE>
          <CRUSER><![CDATA[admin]]></CRUSER>
          <USEDVERSIONS>3</USEDVERSIONS>
          <ISIMPORTTOIMAGELIB>0</ISIMPORTTOIMAGELIB>
          <APPDOCID>451</APPDOCID>
          <APPTIME/>
          <APPFILE><![CDATA[W020110523604469567263.jpg]]></APPFILE>
        </PROPERTIES>
      </WCMAPPENDIX>
    </WCMAPPENDIXS>
  </WCMDOCUMENT>
</WCMDOCUMENTS>
