<?xml version="1.0" encoding="UTF-8"?>

<WCMDOCUMENTS>
  <WCMDOCUMENT Version="6.0">
    <PROPERTIES>
      <DOCID>432</DOCID>
      <DOCVERSION>0</DOCVERSION>
      <DOCTYPE>20</DOCTYPE>
      <DOCPUBTIME/>
      <CRUSER><![CDATA[admin]]></CRUSER>
      <CRTIME>2010-08-18 21:16:16</CRTIME>
      <DOCFLAG>0</DOCFLAG>
      <ATTRIBUTE><![CDATA[]]></ATTRIBUTE>
      <ATTACHPIC>1</ATTACHPIC>
      <DOCLINK><![CDATA[]]></DOCLINK>
      <DOCFILENAME><![CDATA[]]></DOCFILENAME>
      <DOCCHANNEL>129</DOCCHANNEL>
      <DOCTITLE><![CDATA[自然风景图片]]></DOCTITLE>
      <DOCPEOPLE><![CDATA[]]></DOCPEOPLE>
      <DOCSOURCENAME><![CDATA[]]></DOCSOURCENAME>
      <DOCSTATUS>1</DOCSTATUS>
      <DOCCONTENT><![CDATA[s]]></DOCCONTENT>
      <DOCHTMLCON><![CDATA[<div class=TRS_Editor>s</div>]]></DOCHTMLCON>
      <DOCWORDSCOUNT>1</DOCWORDSCOUNT>
      <DOCABSTRACT><![CDATA[]]></DOCABSTRACT>
      <DOCKEYWORDS><![CDATA[]]></DOCKEYWORDS>
      <DOCAUTHOR><![CDATA[]]></DOCAUTHOR>
      <DOCRELTIME>2010-08-18 21:15:00</DOCRELTIME>
      <TITLECOLOR><![CDATA[]]></TITLECOLOR>
      <SUBDOCTITLE><![CDATA[]]></SUBDOCTITLE>
      <EDITOR><![CDATA[]]></EDITOR>
      <CHNLNAME><![CDATA[动态图片展示]]></CHNLNAME>
    </PROPERTIES>
    <WCMAPPENDIXS>
      <WCMAPPENDIX Version="6.0">
        <PROPERTIES>
          <APPSERN>1</APPSERN>
          <APPDESC><![CDATA[自然风景图片动态风景图片]]></APPDESC>
          <APPENDIXID>140</APPENDIXID>
          <APPFILETYPE>-1</APPFILETYPE>
          <APPFLAG>20</APPFLAG>
          <FILEEXT><![CDATA[jpg]]></FILEEXT>
          <APPLINKALT><![CDATA[]]></APPLINKALT>
          <CRTIME>2011-05-23 16:47:25</CRTIME>
          <SRCFILE><![CDATA[W020100818765770253437.jpg]]></SRCFILE>
          <CRUSER><![CDATA[huangdegang]]></CRUSER>
          <USEDVERSIONS>3</USEDVERSIONS>
          <ISIMPORTTOIMAGELIB>0</ISIMPORTTOIMAGELIB>
          <APPDOCID>432</APPDOCID>
          <APPTIME/>
          <APPFILE><![CDATA[W020110523604459713314.jpg]]></APPFILE>
        </PROPERTIES>
      </WCMAPPENDIX>
    </WCMAPPENDIXS>
  </WCMDOCUMENT>
  <WCMDOCUMENT Version="6.0">
    <PROPERTIES>
      <DOCID>433</DOCID>
      <DOCVERSION>0</DOCVERSION>
      <DOCTYPE>20</DOCTYPE>
      <DOCPUBTIME/>
      <CRUSER><![CDATA[admin]]></CRUSER>
      <CRTIME>2010-08-18 21:15:32</CRTIME>
      <DOCFLAG>0</DOCFLAG>
      <ATTRIBUTE><![CDATA[]]></ATTRIBUTE>
      <ATTACHPIC>1</ATTACHPIC>
      <DOCLINK><![CDATA[]]></DOCLINK>
      <DOCFILENAME><![CDATA[]]></DOCFILENAME>
      <DOCCHANNEL>129</DOCCHANNEL>
      <DOCTITLE><![CDATA[山水风景图片]]></DOCTITLE>
      <DOCPEOPLE><![CDATA[]]></DOCPEOPLE>
      <DOCSOURCENAME><![CDATA[]]></DOCSOURCENAME>
      <DOCSTATUS>1</DOCSTATUS>
      <DOCCONTENT><![CDATA[sasdasdsad]]></DOCCONTENT>
      <DOCHTMLCON><![CDATA[<div class=TRS_Editor>sasdasdsad</div>]]></DOCHTMLCON>
      <DOCWORDSCOUNT>10</DOCWORDSCOUNT>
      <DOCABSTRACT><![CDATA[]]></DOCABSTRACT>
      <DOCKEYWORDS><![CDATA[]]></DOCKEYWORDS>
      <DOCAUTHOR><![CDATA[]]></DOCAUTHOR>
      <DOCRELTIME>2010-08-18 21:14:00</DOCRELTIME>
      <TITLECOLOR><![CDATA[]]></TITLECOLOR>
      <SUBDOCTITLE><![CDATA[]]></SUBDOCTITLE>
      <EDITOR><![CDATA[]]></EDITOR>
      <CHNLNAME><![CDATA[动态图片展示]]></CHNLNAME>
    </PROPERTIES>
    <WCMAPPENDIXS>
      <WCMAPPENDIX Version="6.0">
        <PROPERTIES>
          <APPSERN>1</APPSERN>
          <APPDESC><![CDATA[山水风景图片]]></APPDESC>
          <APPENDIXID>141</APPENDIXID>
          <APPFILETYPE>-1</APPFILETYPE>
          <APPFLAG>20</APPFLAG>
          <FILEEXT><![CDATA[jpg]]></FILEEXT>
          <APPLINKALT><![CDATA[]]></APPLINKALT>
          <CRTIME>2011-05-23 16:47:25</CRTIME>
          <SRCFILE><![CDATA[W020100818765328228695.jpg]]></SRCFILE>
          <CRUSER><![CDATA[huangdegang]]></CRUSER>
          <USEDVERSIONS>3</USEDVERSIONS>
          <ISIMPORTTOIMAGELIB>0</ISIMPORTTOIMAGELIB>
          <APPDOCID>433</APPDOCID>
          <APPTIME/>
          <APPFILE><![CDATA[W020110523604459710987.jpg]]></APPFILE>
        </PROPERTIES>
      </WCMAPPENDIX>
    </WCMAPPENDIXS>
  </WCMDOCUMENT>
  <WCMDOCUMENT Version="6.0">
    <PROPERTIES>
      <DOCID>434</DOCID>
      <DOCVERSION>0</DOCVERSION>
      <DOCTYPE>20</DOCTYPE>
      <DOCPUBTIME/>
      <CRUSER><![CDATA[admin]]></CRUSER>
      <CRTIME>2010-08-18 21:14:46</CRTIME>
      <DOCFLAG>0</DOCFLAG>
      <ATTRIBUTE><![CDATA[]]></ATTRIBUTE>
      <ATTACHPIC>1</ATTACHPIC>
      <DOCLINK><![CDATA[]]></DOCLINK>
      <DOCFILENAME><![CDATA[]]></DOCFILENAME>
      <DOCCHANNEL>129</DOCCHANNEL>
      <DOCTITLE><![CDATA[梦游仙境]]></DOCTITLE>
      <DOCPEOPLE><![CDATA[]]></DOCPEOPLE>
      <DOCSOURCENAME><![CDATA[]]></DOCSOURCENAME>
      <DOCSTATUS>1</DOCSTATUS>
      <DOCCONTENT><![CDATA[林]]></DOCCONTENT>
      <DOCHTMLCON><![CDATA[<div class=TRS_Editor>林</div>]]></DOCHTMLCON>
      <DOCWORDSCOUNT>1</DOCWORDSCOUNT>
      <DOCABSTRACT><![CDATA[]]></DOCABSTRACT>
      <DOCKEYWORDS><![CDATA[]]></DOCKEYWORDS>
      <DOCAUTHOR><![CDATA[]]></DOCAUTHOR>
      <DOCRELTIME>2010-08-18 21:13:00</DOCRELTIME>
      <TITLECOLOR><![CDATA[]]></TITLECOLOR>
      <SUBDOCTITLE><![CDATA[]]></SUBDOCTITLE>
      <EDITOR><![CDATA[]]></EDITOR>
      <CHNLNAME><![CDATA[动态图片展示]]></CHNLNAME>
    </PROPERTIES>
    <WCMAPPENDIXS>
      <WCMAPPENDIX Version="6.0">
        <PROPERTIES>
          <APPSERN>1</APPSERN>
          <APPDESC><![CDATA[梦幻风景]]></APPDESC>
          <APPENDIXID>142</APPENDIXID>
          <APPFILETYPE>-1</APPFILETYPE>
          <APPFLAG>20</APPFLAG>
          <FILEEXT><![CDATA[bmp]]></FILEEXT>
          <APPLINKALT><![CDATA[]]></APPLINKALT>
          <CRTIME>2011-05-23 16:47:25</CRTIME>
          <SRCFILE><![CDATA[W020100818764866813798.bmp]]></SRCFILE>
          <CRUSER><![CDATA[huangdegang]]></CRUSER>
          <USEDVERSIONS>3</USEDVERSIONS>
          <ISIMPORTTOIMAGELIB>0</ISIMPORTTOIMAGELIB>
          <APPDOCID>434</APPDOCID>
          <APPTIME/>
          <APPFILE><![CDATA[W020110523604459872585.bmp]]></APPFILE>
        </PROPERTIES>
      </WCMAPPENDIX>
    </WCMAPPENDIXS>
  </WCMDOCUMENT>
  <WCMDOCUMENT Version="6.0">
    <PROPERTIES>
      <DOCID>435</DOCID>
      <DOCVERSION>0</DOCVERSION>
      <DOCTYPE>20</DOCTYPE>
      <DOCPUBTIME/>
      <CRUSER><![CDATA[admin]]></CRUSER>
      <CRTIME>2010-08-18 21:13:50</CRTIME>
      <DOCFLAG>0</DOCFLAG>
      <ATTRIBUTE><![CDATA[]]></ATTRIBUTE>
      <ATTACHPIC>1</ATTACHPIC>
      <DOCLINK><![CDATA[]]></DOCLINK>
      <DOCFILENAME><![CDATA[]]></DOCFILENAME>
      <DOCCHANNEL>129</DOCCHANNEL>
      <DOCTITLE><![CDATA[梦幻风景]]></DOCTITLE>
      <DOCPEOPLE><![CDATA[]]></DOCPEOPLE>
      <DOCSOURCENAME><![CDATA[]]></DOCSOURCENAME>
      <DOCSTATUS>2</DOCSTATUS>
      <DOCCONTENT><![CDATA[梦幻风景（]]></DOCCONTENT>
      <DOCHTMLCON><![CDATA[<div class=TRS_Editor><DIV class=cas_content>梦幻风景（</DIV></div>]]></DOCHTMLCON>
      <DOCWORDSCOUNT>5</DOCWORDSCOUNT>
      <DOCABSTRACT><![CDATA[]]></DOCABSTRACT>
      <DOCKEYWORDS><![CDATA[]]></DOCKEYWORDS>
      <DOCAUTHOR><![CDATA[]]></DOCAUTHOR>
      <DOCRELTIME>2010-08-18 21:13:00</DOCRELTIME>
      <TITLECOLOR><![CDATA[]]></TITLECOLOR>
      <SUBDOCTITLE><![CDATA[]]></SUBDOCTITLE>
      <EDITOR><![CDATA[]]></EDITOR>
      <CHNLNAME><![CDATA[动态图片展示]]></CHNLNAME>
    </PROPERTIES>
    <WCMAPPENDIXS>
      <WCMAPPENDIX Version="6.0">
        <PROPERTIES>
          <APPSERN>1</APPSERN>
          <APPDESC><![CDATA[梦幻风景,森林童话，呼唱歌]]></APPDESC>
          <APPENDIXID>143</APPENDIXID>
          <APPFILETYPE>-1</APPFILETYPE>
          <APPFLAG>20</APPFLAG>
          <FILEEXT><![CDATA[jpg]]></FILEEXT>
          <APPLINKALT><![CDATA[]]></APPLINKALT>
          <CRTIME>2011-05-23 16:47:26</CRTIME>
          <SRCFILE><![CDATA[W020100818764309781103.jpg]]></SRCFILE>
          <CRUSER><![CDATA[huangdegang]]></CRUSER>
          <USEDVERSIONS>3</USEDVERSIONS>
          <ISIMPORTTOIMAGELIB>0</ISIMPORTTOIMAGELIB>
          <APPDOCID>435</APPDOCID>
          <APPTIME/>
          <APPFILE><![CDATA[W020110523604460023953.jpg]]></APPFILE>
        </PROPERTIES>
      </WCMAPPENDIX>
    </WCMAPPENDIXS>
  </WCMDOCUMENT>
</WCMDOCUMENTS>
