<?xml version="1.0" encoding="UTF-8"?>

<WCMDOCUMENTS>
  <WCMDOCUMENT Version="6.0">
    <PROPERTIES>
      <DOCID>368</DOCID>
      <DOCVERSION>0</DOCVERSION>
      <DOCTYPE>20</DOCTYPE>
      <DOCPUBTIME>2013-03-28 22:11:25</DOCPUBTIME>
      <CRUSER><![CDATA[admin]]></CRUSER>
      <CRTIME>2013-03-28 22:11:02</CRTIME>
      <DOCFLAG>0</DOCFLAG>
      <ATTRIBUTE><![CDATA[]]></ATTRIBUTE>
      <ATTACHPIC>1</ATTACHPIC>
      <DOCLINK><![CDATA[]]></DOCLINK>
      <DOCFILENAME><![CDATA[]]></DOCFILENAME>
      <DOCCHANNEL>60</DOCCHANNEL>
      <DOCTITLE><![CDATA[金融部门改革]]></DOCTITLE>
      <DOCPEOPLE><![CDATA[]]></DOCPEOPLE>
      <DOCSOURCENAME><![CDATA[]]></DOCSOURCENAME>
      <DOCSTATUS>10</DOCSTATUS>
      <DOCCONTENT><![CDATA[中新社华盛顿6月18日电 (记者 德永健) 在20国集团(G20)多伦多峰会举行前夕，美国白宫18日公布一封奥巴马致与会领导人的信。奥巴马在信中呼吁“巩固和加强全球经济复苏”务必要成为本届峰会的首要任务。 
　　作为国际社会应对金融危机的主要论坛，G20多伦多峰会将于26日至27日举行。预计世界经济形势、强劲、可持续和平衡增长框架、国际金融机构改革乃至欧洲主权债务危机等议题将得到重点讨论。
　　奥巴马在信中称，多伦多峰会举行前后，正处复苏期的全球经济遇到了一系列新挑战，因此“我们必须齐心协力加强全球经济复苏……我们在多伦多的首要任务务必是巩固和加强经济复苏”。
　　奥巴马表示，各国为实现全球经济复苏付出了艰苦努力，因此决不可半途而废或戛然而止，为了继续保持经济增长，与会各国应坚持推行必要的刺激政策，而且一旦发现复苏动力有所减缓，应再次迅速坚决地予以应对，采取必要措施扭转经济下行走势。
　　谈及如何实现强劲、可持续的经济复苏，奥巴马着重强调了三点。首先是全球需求保持平衡，各国内需普遍增长，以避免重蹈金融危机前全球经济失衡的覆辙。
　　其次，各国应保持中期公共财政的稳定，将财赤比例控制在适度范围之内。
　　此外，奥巴马强调推进金融改革对经济复苏至关重要，必须继续保持金融体系的改革势头，尤其要着手解决欧洲银行在财务透明度及资本充足率方面存在的问题，以此降低借贷成本，减少发生金融动荡的风险。(完)]]></DOCCONTENT>
      <DOCHTMLCON><![CDATA[<div class=TRS_Editor><div class="cas_content">
<p>中新社华盛顿6月18日电 (记者 德永健) 在20国集团(G20)多伦多峰会举行前夕，美国白宫18日公布一封奥巴马致与会领导人的信。奥巴马在信中呼吁“巩固和加强全球经济复苏”务必要成为本届峰会的首要任务。</p>
<p>　　作为国际社会应对金融危机的主要论坛，G20多伦多峰会将于26日至27日举行。预计世界经济形势、强劲、可持续和平衡增长框架、国际金融机构改革乃至欧洲主权债务危机等议题将得到重点讨论。</p>
<p>　　奥巴马在信中称，多伦多峰会举行前后，正处复苏期的全球经济遇到了一系列新挑战，因此“我们必须齐心协力加强全球经济复苏……我们在多伦多的首要任务务必是巩固和加强经济复苏”。</p>
<p>　　奥巴马表示，各国为实现全球经济复苏付出了艰苦努力，因此决不可半途而废或戛然而止，为了继续保持经济增长，与会各国应坚持推行必要的刺激政策，而且一旦发现复苏动力有所减缓，应再次迅速坚决地予以应对，采取必要措施扭转经济下行走势。</p>
<p>　　谈及如何实现强劲、可持续的经济复苏，奥巴马着重强调了三点。首先是全球需求保持平衡，各国内需普遍增长，以避免重蹈金融危机前全球经济失衡的覆辙。</p>
<p>　　其次，各国应保持中期公共财政的稳定，将财赤比例控制在适度范围之内。</p>
<p>　　此外，奥巴马强调推进金融改革对经济复苏至关重要，必须继续保持金融体系的改革势头，尤其要着手解决欧洲银行在财务透明度及资本充足率方面存在的问题，以此降低借贷成本，减少发生金融动荡的风险。(完)</p>
</div></div>]]></DOCHTMLCON>
      <DOCWORDSCOUNT>604</DOCWORDSCOUNT>
      <DOCABSTRACT><![CDATA[奥巴马强调推进金融改革对经济复苏至关重要，必须继续保持金融体系的改革势头，尤其要着手解决欧洲银行在财务透明度及资本充足率方面存在的问题，以此降低借贷成本，减少发生金融动荡的风险。
]]></DOCABSTRACT>
      <DOCKEYWORDS><![CDATA[]]></DOCKEYWORDS>
      <DOCAUTHOR><![CDATA[]]></DOCAUTHOR>
      <DOCRELTIME>2010-07-13 15:13:00</DOCRELTIME>
      <TITLECOLOR><![CDATA[]]></TITLECOLOR>
      <SUBDOCTITLE><![CDATA[]]></SUBDOCTITLE>
      <EDITOR><![CDATA[]]></EDITOR>
      <CHNLNAME><![CDATA[图片列表数据]]></CHNLNAME>
    </PROPERTIES>
    <WCMAPPENDIXS>
      <WCMAPPENDIX Version="6.0">
        <PROPERTIES>
          <APPSERN>1</APPSERN>
          <APPDESC><![CDATA[1.jpg]]></APPDESC>
          <APPENDIXID>101</APPENDIXID>
          <APPFILETYPE>-1</APPFILETYPE>
          <APPFLAG>20</APPFLAG>
          <FILEEXT><![CDATA[jpg]]></FILEEXT>
          <APPLINKALT><![CDATA[]]></APPLINKALT>
          <CRTIME>2013-03-28 22:11:02</CRTIME>
          <SRCFILE><![CDATA[W020110523604485490697.jpg]]></SRCFILE>
          <CRUSER><![CDATA[yinyong]]></CRUSER>
          <USEDVERSIONS>1</USEDVERSIONS>
          <ISIMPORTTOIMAGELIB>0</ISIMPORTTOIMAGELIB>
          <APPDOCID>368</APPDOCID>
          <APPTIME/>
          <APPFILE><![CDATA[W020130328798627175185.jpg]]></APPFILE>
        </PROPERTIES>
      </WCMAPPENDIX>
    </WCMAPPENDIXS>
  </WCMDOCUMENT>
  <WCMDOCUMENT Version="6.0">
    <PROPERTIES>
      <DOCID>367</DOCID>
      <DOCVERSION>0</DOCVERSION>
      <DOCTYPE>20</DOCTYPE>
      <DOCPUBTIME>2013-03-26 21:03:20</DOCPUBTIME>
      <CRUSER><![CDATA[admin]]></CRUSER>
      <CRTIME>2013-03-28 22:11:02</CRTIME>
      <DOCFLAG>0</DOCFLAG>
      <ATTRIBUTE><![CDATA[]]></ATTRIBUTE>
      <ATTACHPIC>1</ATTACHPIC>
      <DOCLINK><![CDATA[]]></DOCLINK>
      <DOCFILENAME><![CDATA[]]></DOCFILENAME>
      <DOCCHANNEL>60</DOCCHANNEL>
      <DOCTITLE><![CDATA[加强国际金融机构间合作]]></DOCTITLE>
      <DOCPEOPLE><![CDATA[]]></DOCPEOPLE>
      <DOCSOURCENAME><![CDATA[]]></DOCSOURCENAME>
      <DOCSTATUS>2</DOCSTATUS>
      <DOCCONTENT><![CDATA[新华网北京6月17日电 (记者熊争艳、王宇丹) 外交部发言人秦刚17日表示，中方对即将举行的二十国集团领导人第四次峰会有四大期待。 
　　这次峰会将于26日—27日在加拿大多伦多举行。
　　秦刚在当日例行记者会上说，当前世界经济出现企稳复苏势头，但还不牢固，中方期待峰会就四个方面取得积极务实成果。
　　他说，首先是加强各国宏观经济政策的沟通与协调，巩固世界经济复苏的势头。考虑到当前欧洲主权债务危机是一个比较突出的问题，中方认为多伦多峰会应着重讨论这一问题。第二，通过峰会推动国际货币基金组织在首尔峰会之前完成份额改革目标，提高新兴市场和发展中国家的代表性和发言权，同时改进国际金融体系，深化国际监管体制改革。第三，给予发展问题更多关注，能够为今年9月举行的联合国千年发展目标高级别会议提供政治支持。最后，继续反对贸易保护主义，推动完成多哈回合谈判，实现多哈回合的目标。
　　秦刚表示，希望二十国集团有关各方共同努力，使这次峰会取得预期积极成果。]]></DOCCONTENT>
      <DOCHTMLCON><![CDATA[<div class=TRS_Editor><div class="cas_content">
<p>新华网北京6月17日电 (记者熊争艳、王宇丹) 外交部发言人秦刚17日表示，中方对即将举行的二十国集团领导人第四次峰会有四大期待。</p>
<p>　　这次峰会将于26日—27日在加拿大多伦多举行。</p>
<p>　　秦刚在当日例行记者会上说，当前世界经济出现企稳复苏势头，但还不牢固，中方期待峰会就四个方面取得积极务实成果。</p>
<p>　　他说，首先是加强各国宏观经济政策的沟通与协调，巩固世界经济复苏的势头。考虑到当前欧洲主权债务危机是一个比较突出的问题，中方认为多伦多峰会应着重讨论这一问题。第二，通过峰会推动国际货币基金组织在首尔峰会之前完成份额改革目标，提高新兴市场和发展中国家的代表性和发言权，同时改进国际金融体系，深化国际监管体制改革。第三，给予发展问题更多关注，能够为今年9月举行的联合国千年发展目标高级别会议提供政治支持。最后，继续反对贸易保护主义，推动完成多哈回合谈判，实现多哈回合的目标。</p>
<p>　　秦刚表示，希望二十国集团有关各方共同努力，使这次峰会取得预期积极成果。</p>
</div></div>]]></DOCHTMLCON>
      <DOCWORDSCOUNT>424</DOCWORDSCOUNT>
      <DOCABSTRACT><![CDATA[中国：通过峰会推动国际货币基金组织在首尔峰会之前完成份额改革目标，提高新兴市场和发展中国家的代表性和发言权，同时改进国际金融体系，深化国际监管体制改革。
]]></DOCABSTRACT>
      <DOCKEYWORDS><![CDATA[]]></DOCKEYWORDS>
      <DOCAUTHOR><![CDATA[]]></DOCAUTHOR>
      <DOCRELTIME>2010-07-13 15:14:00</DOCRELTIME>
      <TITLECOLOR><![CDATA[]]></TITLECOLOR>
      <SUBDOCTITLE><![CDATA[]]></SUBDOCTITLE>
      <EDITOR><![CDATA[]]></EDITOR>
      <CHNLNAME><![CDATA[图片列表数据]]></CHNLNAME>
    </PROPERTIES>
    <WCMAPPENDIXS>
      <WCMAPPENDIX Version="6.0">
        <PROPERTIES>
          <APPSERN>1</APPSERN>
          <APPDESC><![CDATA[1.jpg]]></APPDESC>
          <APPENDIXID>100</APPENDIXID>
          <APPFILETYPE>-1</APPFILETYPE>
          <APPFLAG>20</APPFLAG>
          <FILEEXT><![CDATA[jpg]]></FILEEXT>
          <APPLINKALT><![CDATA[]]></APPLINKALT>
          <CRTIME>2013-03-28 22:11:02</CRTIME>
          <SRCFILE><![CDATA[W020110523604485651752.jpg]]></SRCFILE>
          <CRUSER><![CDATA[yinyong]]></CRUSER>
          <USEDVERSIONS>1</USEDVERSIONS>
          <ISIMPORTTOIMAGELIB>0</ISIMPORTTOIMAGELIB>
          <APPDOCID>367</APPDOCID>
          <APPTIME/>
          <APPFILE><![CDATA[W020130328798626540151.jpg]]></APPFILE>
        </PROPERTIES>
      </WCMAPPENDIX>
    </WCMAPPENDIXS>
  </WCMDOCUMENT>
  <WCMDOCUMENT Version="6.0">
    <PROPERTIES>
      <DOCID>366</DOCID>
      <DOCVERSION>0</DOCVERSION>
      <DOCTYPE>20</DOCTYPE>
      <DOCPUBTIME>2013-03-26 21:03:20</DOCPUBTIME>
      <CRUSER><![CDATA[admin]]></CRUSER>
      <CRTIME>2013-03-28 22:11:02</CRTIME>
      <DOCFLAG>0</DOCFLAG>
      <ATTRIBUTE><![CDATA[]]></ATTRIBUTE>
      <ATTACHPIC>1</ATTACHPIC>
      <DOCLINK><![CDATA[]]></DOCLINK>
      <DOCFILENAME><![CDATA[]]></DOCFILENAME>
      <DOCCHANNEL>60</DOCCHANNEL>
      <DOCTITLE><![CDATA[可持续和平衡发展]]></DOCTITLE>
      <DOCPEOPLE><![CDATA[]]></DOCPEOPLE>
      <DOCSOURCENAME><![CDATA[]]></DOCSOURCENAME>
      <DOCSTATUS>2</DOCSTATUS>
      <DOCCONTENT><![CDATA[中新网6月19日电 据大公网报道，欧盟成员国领导人在17日举行的布鲁塞尔峰会上，通过未来十年经济发展战略等一系列改革方案，以期引领欧盟经济走出债务危机。 
　　欧洲理事会常任主席范龙佩在会后表示，欧盟领导人最终敲定欧洲2020年战略的五大核心指针，为欧盟推进结构性改革，重新迈上可持续增长的道路和创造就业明确目标。
　　根据这份指导欧盟经济未来十年发展的纲领性文件，欧盟经济将实现以知识和创新为基础的“灵巧增长”，以提高资源效应、提倡绿色、强化竞争力为内容的“可持续增长”，以扩大就业、促进社会融合的“包容性增长”。为此，欧盟领导人在创造就业、增加科研投入、减少温室气体排放、提高教育普及率和消除贫困等五个方面达成了量化指标，欧盟成员国将落实到各自的国家行动计划中去。
　　作为债务危机爆发后的重要改革举措，欧盟领导人同意今后强化财政纪律和加强对成员国的宏观经济监督，以避免债务危机重演。为此，在尊重各国预算主权的前提下，自2011年开始，成员国的预算方案应接受欧盟委员会的评议，对违反欧盟财政纪律的成员国将实施惩罚。
　　在加强金融监管方面，欧盟领导人强调，将尽快推进相关立法，在2011年底前完成既定的改革举措，并对对冲基金和信用评级机构加强监管。与此同时，欧盟委员会将拿出建议，对金融衍生品市场加强监管，尤其是卖空行为和信用违约掉期合约。
　　为期一天的欧盟峰会也为20国集团多伦多峰会协调了欧盟内部立场。欧盟领导人表示，支持征收银行税，并主张在多伦多峰会上继续推动达成全球性协议。]]></DOCCONTENT>
      <DOCHTMLCON><![CDATA[<div class=TRS_Editor><div class="cas_content">
<p>中新网6月19日电 据大公网报道，欧盟成员国领导人在17日举行的布鲁塞尔峰会上，通过未来十年经济发展战略等一系列改革方案，以期引领欧盟经济走出债务危机。</p>
<p>　　欧洲理事会常任主席范龙佩在会后表示，欧盟领导人最终敲定欧洲2020年战略的五大核心指针，为欧盟推进结构性改革，重新迈上可持续增长的道路和创造就业明确目标。</p>
<p>　　根据这份指导欧盟经济未来十年发展的纲领性文件，欧盟经济将实现以知识和创新为基础的“灵巧增长”，以提高资源效应、提倡绿色、强化竞争力为内容的“可持续增长”，以扩大就业、促进社会融合的“包容性增长”。为此，欧盟领导人在创造就业、增加科研投入、减少温室气体排放、提高教育普及率和消除贫困等五个方面达成了量化指标，欧盟成员国将落实到各自的国家行动计划中去。</p>
<p>　　作为债务危机爆发后的重要改革举措，欧盟领导人同意今后强化财政纪律和加强对成员国的宏观经济监督，以避免债务危机重演。为此，在尊重各国预算主权的前提下，自2011年开始，成员国的预算方案应接受欧盟委员会的评议，对违反欧盟财政纪律的成员国将实施惩罚。</p>
<p>　　在加强金融监管方面，欧盟领导人强调，将尽快推进相关立法，在2011年底前完成既定的改革举措，并对对冲基金和信用评级机构加强监管。与此同时，欧盟委员会将拿出建议，对金融衍生品市场加强监管，尤其是卖空行为和信用违约掉期合约。</p>
<p>　　为期一天的欧盟峰会也为20国集团多伦多峰会协调了欧盟内部立场。欧盟领导人表示，支持征收银行税，并主张在多伦多峰会上继续推动达成全球性协议。</p>
</div></div>]]></DOCHTMLCON>
      <DOCWORDSCOUNT>644</DOCWORDSCOUNT>
      <DOCABSTRACT><![CDATA[欧盟：欧盟经济将实现以知识和创新为基础的“灵巧增长”，以提高资源效应、提倡绿色、强化竞争力为内容的“可持续增长”，以扩大就业、促进社会融合的“包容性增长”。
]]></DOCABSTRACT>
      <DOCKEYWORDS><![CDATA[]]></DOCKEYWORDS>
      <DOCAUTHOR><![CDATA[]]></DOCAUTHOR>
      <DOCRELTIME>2010-07-13 15:15:00</DOCRELTIME>
      <TITLECOLOR><![CDATA[]]></TITLECOLOR>
      <SUBDOCTITLE><![CDATA[]]></SUBDOCTITLE>
      <EDITOR><![CDATA[]]></EDITOR>
      <CHNLNAME><![CDATA[图片列表数据]]></CHNLNAME>
    </PROPERTIES>
    <WCMAPPENDIXS>
      <WCMAPPENDIX Version="6.0">
        <PROPERTIES>
          <APPSERN>1</APPSERN>
          <APPDESC><![CDATA[1.jpg]]></APPDESC>
          <APPENDIXID>99</APPENDIXID>
          <APPFILETYPE>-1</APPFILETYPE>
          <APPFLAG>20</APPFLAG>
          <FILEEXT><![CDATA[jpg]]></FILEEXT>
          <APPLINKALT><![CDATA[]]></APPLINKALT>
          <CRTIME>2013-03-28 22:11:02</CRTIME>
          <SRCFILE><![CDATA[W020110523604485812027.jpg]]></SRCFILE>
          <CRUSER><![CDATA[yinyong]]></CRUSER>
          <USEDVERSIONS>1</USEDVERSIONS>
          <ISIMPORTTOIMAGELIB>0</ISIMPORTTOIMAGELIB>
          <APPDOCID>366</APPDOCID>
          <APPTIME/>
          <APPFILE><![CDATA[W020130328798625459136.jpg]]></APPFILE>
        </PROPERTIES>
      </WCMAPPENDIX>
    </WCMAPPENDIXS>
  </WCMDOCUMENT>
  <WCMDOCUMENT Version="6.0">
    <PROPERTIES>
      <DOCID>329</DOCID>
      <DOCVERSION>0</DOCVERSION>
      <DOCTYPE>20</DOCTYPE>
      <DOCPUBTIME>2013-03-26 21:02:59</DOCPUBTIME>
      <CRUSER><![CDATA[admin]]></CRUSER>
      <CRTIME>2010-07-13 17:29:10</CRTIME>
      <DOCFLAG>0</DOCFLAG>
      <ATTRIBUTE><![CDATA[]]></ATTRIBUTE>
      <ATTACHPIC>1</ATTACHPIC>
      <DOCLINK><![CDATA[]]></DOCLINK>
      <DOCFILENAME><![CDATA[]]></DOCFILENAME>
      <DOCCHANNEL>60</DOCCHANNEL>
      <DOCTITLE><![CDATA[IMF份额调整箭在弦上]]></DOCTITLE>
      <DOCPEOPLE><![CDATA[]]></DOCPEOPLE>
      <DOCSOURCENAME><![CDATA[]]></DOCSOURCENAME>
      <DOCSTATUS>10</DOCSTATUS>
      <DOCCONTENT><![CDATA[寒来暑往，第四次二十国集团（G20）峰会本周末即将在加拿大的多伦多拉开帷幕。从2008年国际金融危机爆发后应运而生的华盛顿峰会到初显威力的伦敦峰会，从成功转型的匹兹堡峰会再到此次峰会机制化后的首次亮相，多伦多峰会担负着艰巨任务。无论是各国政要还是普通百姓，人们心中都有着太多的问题，希望在本次峰会上得到解答。比如，欧债危机的挑战是否会威胁到匹兹堡峰会确立的强劲、可持续和均衡增长框架？日趋具体也越发激烈的金融监管讨论将把这一领域的国际合作带向何方？国际金融体系改革能否如期推进？为此，本报记者21日独家专访了中国现代国际关系研究院世界经济研究所所长陈凤英。 
　　G20角色变迁修正会议期待 中国汇改表态助推合作气氛相 
　　比于前三次峰会，眼下人们翘首以待的是在去年9月匹兹堡峰会上正式将G20峰会确立为长久机制后的首次峰会。陈凤英认为，G20峰会的角色已转变为机制化的平台，其使命也已由原来的危机应对型转变为危机后的增长保障型。这种角色与使命的转变使得G20峰会日益成为事实上的“经济联合国”，也决定了从今以后人们对于G20的期待更应该是方向上的指引和政治意愿的协调，而不再是具体刺激措施或规则的出台。“后危机时代的G20峰会应该具备这样的特征，即会前讨论激烈，会中求同存异，会后表达共识。”陈凤英说。 
　　据加拿大财长詹姆斯·弗莱厄蒂介绍，本次峰会将围绕呵护全球经济可持续复苏、达成金融监管改革全球共识、推进国际金融机构改革以及增加贸易和减少贸易保护主义等四大议题展开，基本上延续了前几次峰会的讨论框架。从本月上旬G20财长和央行行长在首尔会议上的讨论结果来看，各方在前三个议题的大方向上保持共识，但在具体举措上存在复杂分歧，预计本次峰会中仍将交锋不断。而作为金融危机伴生物的贸易保护问题，预计各国仍将不甘落后，大表决心，但成效难期。此外，中国方面几天前特别表达了对发展问题的关注，陈凤英认为，各方在此领域存在共同利益，预计达成共识不存障碍。 
　　尤其值得一提的是，中国人民银行日前表示，决定进一步推进人民币汇率形成机制改革，增强人民币汇率弹性。这一消息在国际社会引起强烈反响，包括欧洲央行行长特里谢、美财长盖特纳等在内的财金高官均给予较高评价。外媒也称中方于G20峰会前做出汇改表态是在为峰会铺平道路，同时亦有助于营造有利于各方达成共识的良好氛围。 
　　复苏前景判断料将一致 宏观经济政策有守有攻 
　　可以说，在今年初欧债危机爆发以前的三次G20峰会上，各方在宏观经济政策协调上始终没有太大分歧，伦敦峰会以攻为主，匹兹堡峰会提出要筹划退出。然而，欧债危机爆发后，全球经济虽总体保持复苏态势，但情况却复杂许多，也增添了更多不确定性。陈凤英认为，多伦多峰会上G20成员国对于全球经济形势的判断大体应该可达成共识，即不能排除“二次衰退”的风险，但是可能性极小。“毕竟本轮复苏是由新兴经济体带动的，而新兴经济体复苏尚未出现趋势性改变的可能。”陈凤英表示。 
　　然而，在前景判断上的共识并不代表各方立场和步伐的一致。欧债危机将财政可持续性问题推到了风口浪尖，特别是对于处在风暴中心的欧洲来说，紧缩银根、收缩开支在某种程度上已成为不二选择。然而，欧洲可能采取的事实上的提前退出却与美国的主张大相径庭。美国总统奥巴马上任不久即高调打出的出口牌需要在全球范围内维持宽松的政策环境，因此预计美方在本次峰会上会呼吁各国继续刺激经济的政策以保护复苏。陈凤英认为，欧美目前面临的问题和主要矛盾不同，弥合分歧的难度也很大。预计峰会最后的共识应会同时强调保障全球复苏和财政可持续性，在具体经济决策上不强求一致。“不过，具体政策上的不一致并不会改变G20确立的各方协调宏观经济政策的努力方向，匹兹堡峰会确立的强劲、可持续和均衡增长框架不会因此受到威胁。”她说。 
　　金融监管将持续推进 银行税难题破解不易 
　　金融监管仍将是本次峰会讨论的重点。正如美国历次峰会积极呼吁刺激经济一样，欧洲的重要使命仍然是敦促各方推进金融监管改革。回顾以往三次峰会，各方在金融监管方面取得的进展可以说成绩斐然。华盛顿峰会主要是提出问题；伦敦峰会更进一步，不仅首次提出要监管主要的对冲基金，更成立了金融稳定委员会，为推动金融监管改革做好了机构准备；匹兹堡峰会则让人们看到更为具体的计划，甚至拟订了从场外衍生品到系统重要性金融机构，到国际会计标准，再到银行资本充足要求等一系列监管改革时间表。 
　　尤其值得注意的是，金融监管讨论的焦点日趋突出。比如，匹兹堡峰会上的焦点话题就是高管薪酬，最终因各方分歧峰会未能统一具体方案，只是就六个原则达成共识；而从首尔财长和央行行长会的结果来看，本次峰会的焦点将是银行税问题。目前欧洲是推行全球银行税的积极推进者，美国将立场精准定位在支持征收所谓“金融稳定税”，而加拿大、日本及多数发展中国家则持反对态度。陈凤英认为，银行税的讨论在本次峰会上仍将继续，但要达成成果可能需要等到今年晚些时候的首尔峰会。 
　　IMF份额调整箭在弦上 美欧分歧成关注焦点 
　　相对于宏观经济刺激与金融监管，G20峰会在国际金融机构改革方面取得的进展可以用坚实匀速来形容。华盛顿峰会提出金融稳定论坛需吸收更多新兴经济体；伦敦峰会成功为国际货币基金组织（IMF）和世界银行完成总额达1.1万亿美元的增资；匹兹堡峰会更取得突破性进展，承诺将新兴市场和发展中国家在IMF的份额提高至少5%以上，在世界银行的投票权增加至少3%。在今年4月份的IMF与世行春季年会上，世行已通过了由发达国家向发展中国家转移3.13个百分点投票权的改革方案并实现了584亿美元的普遍增资。 
　　相比之下，IMF改革仍存障碍，而目前距其在2011年1月前完成份额改革的期限仅剩半年多时间。陈凤英认为，欧美能否调和分歧再次成为解决问题的关键。目前，欧洲方面对于放弃份额已有意认同，但前提条件是改变当前美国享有的一票否决权为绝对多数原则。这一要求显然直击美国要害，双方弥合分歧的难度可想而知。“不管怎样，欧美互相克制对于新兴经济体和发展中国家来说都是好事，将更多的份额和投票权向后者倾斜，改变欧美一统天下的格局，这本身就是重塑国际金融体系的进步。”陈凤英表示。 ]]></DOCCONTENT>
      <DOCHTMLCON><![CDATA[<div class=TRS_Editor><DIV class=cas_content>寒来暑往，第四次二十国集团（G20）峰会本周末即将在加拿大的多伦多拉开帷幕。从2008年国际金融危机爆发后应运而生的华盛顿峰会到初显威力的伦敦峰会，从成功转型的匹兹堡峰会再到此次峰会机制化后的首次亮相，多伦多峰会担负着艰巨任务。无论是各国政要还是普通百姓，人们心中都有着太多的问题，希望在本次峰会上得到解答。比如，欧债危机的挑战是否会威胁到匹兹堡峰会确立的强劲、可持续和均衡增长框架？日趋具体也越发激烈的金融监管讨论将把这一领域的国际合作带向何方？国际金融体系改革能否如期推进？为此，本报记者21日独家专访了中国现代国际关系研究院世界经济研究所所长陈凤英。 
<P>　　G20角色变迁修正会议期待 中国汇改表态助推合作气氛相 </P>
<P>　　比于前三次峰会，眼下人们翘首以待的是在去年9月匹兹堡峰会上正式将G20峰会确立为长久机制后的首次峰会。陈凤英认为，G20峰会的角色已转变为机制化的平台，其使命也已由原来的危机应对型转变为危机后的增长保障型。这种角色与使命的转变使得G20峰会日益成为事实上的“经济联合国”，也决定了从今以后人们对于G20的期待更应该是方向上的指引和政治意愿的协调，而不再是具体刺激措施或规则的出台。“后危机时代的G20峰会应该具备这样的特征，即会前讨论激烈，会中求同存异，会后表达共识。”陈凤英说。 </P>
<P>　　据加拿大财长詹姆斯·弗莱厄蒂介绍，本次峰会将围绕呵护全球经济可持续复苏、达成金融监管改革全球共识、推进国际金融机构改革以及增加贸易和减少贸易保护主义等四大议题展开，基本上延续了前几次峰会的讨论框架。从本月上旬G20财长和央行行长在首尔会议上的讨论结果来看，各方在前三个议题的大方向上保持共识，但在具体举措上存在复杂分歧，预计本次峰会中仍将交锋不断。而作为金融危机伴生物的贸易保护问题，预计各国仍将不甘落后，大表决心，但成效难期。此外，中国方面几天前特别表达了对发展问题的关注，陈凤英认为，各方在此领域存在共同利益，预计达成共识不存障碍。 </P>
<P>　　尤其值得一提的是，中国人民银行日前表示，决定进一步推进人民币汇率形成机制改革，增强人民币汇率弹性。这一消息在国际社会引起强烈反响，包括欧洲央行行长特里谢、美财长盖特纳等在内的财金高官均给予较高评价。外媒也称中方于G20峰会前做出汇改表态是在为峰会铺平道路，同时亦有助于营造有利于各方达成共识的良好氛围。 </P>
<P>　　复苏前景判断料将一致 宏观经济政策有守有攻 </P>
<P>　　可以说，在今年初欧债危机爆发以前的三次G20峰会上，各方在宏观经济政策协调上始终没有太大分歧，伦敦峰会以攻为主，匹兹堡峰会提出要筹划退出。然而，欧债危机爆发后，全球经济虽总体保持复苏态势，但情况却复杂许多，也增添了更多不确定性。陈凤英认为，多伦多峰会上G20成员国对于全球经济形势的判断大体应该可达成共识，即不能排除“二次衰退”的风险，但是可能性极小。“毕竟本轮复苏是由新兴经济体带动的，而新兴经济体复苏尚未出现趋势性改变的可能。”陈凤英表示。 </P>
<P>　　然而，在前景判断上的共识并不代表各方立场和步伐的一致。欧债危机将财政可持续性问题推到了风口浪尖，特别是对于处在风暴中心的欧洲来说，紧缩银根、收缩开支在某种程度上已成为不二选择。然而，欧洲可能采取的事实上的提前退出却与美国的主张大相径庭。美国总统奥巴马上任不久即高调打出的出口牌需要在全球范围内维持宽松的政策环境，因此预计美方在本次峰会上会呼吁各国继续刺激经济的政策以保护复苏。陈凤英认为，欧美目前面临的问题和主要矛盾不同，弥合分歧的难度也很大。预计峰会最后的共识应会同时强调保障全球复苏和财政可持续性，在具体经济决策上不强求一致。“不过，具体政策上的不一致并不会改变G20确立的各方协调宏观经济政策的努力方向，匹兹堡峰会确立的强劲、可持续和均衡增长框架不会因此受到威胁。”她说。 </P>
<P>　　金融监管将持续推进 银行税难题破解不易 </P>
<P>　　金融监管仍将是本次峰会讨论的重点。正如美国历次峰会积极呼吁刺激经济一样，欧洲的重要使命仍然是敦促各方推进金融监管改革。回顾以往三次峰会，各方在金融监管方面取得的进展可以说成绩斐然。华盛顿峰会主要是提出问题；伦敦峰会更进一步，不仅首次提出要监管主要的对冲基金，更成立了金融稳定委员会，为推动金融监管改革做好了机构准备；匹兹堡峰会则让人们看到更为具体的计划，甚至拟订了从场外衍生品到系统重要性金融机构，到国际会计标准，再到银行资本充足要求等一系列监管改革时间表。 </P>
<P>　　尤其值得注意的是，金融监管讨论的焦点日趋突出。比如，匹兹堡峰会上的焦点话题就是高管薪酬，最终因各方分歧峰会未能统一具体方案，只是就六个原则达成共识；而从首尔财长和央行行长会的结果来看，本次峰会的焦点将是银行税问题。目前欧洲是推行全球银行税的积极推进者，美国将立场精准定位在支持征收所谓“金融稳定税”，而加拿大、日本及多数发展中国家则持反对态度。陈凤英认为，银行税的讨论在本次峰会上仍将继续，但要达成成果可能需要等到今年晚些时候的首尔峰会。 </P>
<P>　　IMF份额调整箭在弦上 美欧分歧成关注焦点 </P>
<P>　　相对于宏观经济刺激与金融监管，G20峰会在国际金融机构改革方面取得的进展可以用坚实匀速来形容。华盛顿峰会提出金融稳定论坛需吸收更多新兴经济体；伦敦峰会成功为国际货币基金组织（IMF）和世界银行完成总额达1.1万亿美元的增资；匹兹堡峰会更取得突破性进展，承诺将新兴市场和发展中国家在IMF的份额提高至少5%以上，在世界银行的投票权增加至少3%。在今年4月份的IMF与世行春季年会上，世行已通过了由发达国家向发展中国家转移3.13个百分点投票权的改革方案并实现了584亿美元的普遍增资。 </P>
<P>　　相比之下，IMF改革仍存障碍，而目前距其在2011年1月前完成份额改革的期限仅剩半年多时间。陈凤英认为，欧美能否调和分歧再次成为解决问题的关键。目前，欧洲方面对于放弃份额已有意认同，但前提条件是改变当前美国享有的一票否决权为绝对多数原则。这一要求显然直击美国要害，双方弥合分歧的难度可想而知。“不管怎样，欧美互相克制对于新兴经济体和发展中国家来说都是好事，将更多的份额和投票权向后者倾斜，改变欧美一统天下的格局，这本身就是重塑国际金融体系的进步。”陈凤英表示。 </P></DIV></div>]]></DOCHTMLCON>
      <DOCWORDSCOUNT>2558</DOCWORDSCOUNT>
      <DOCABSTRACT><![CDATA[]]></DOCABSTRACT>
      <DOCKEYWORDS><![CDATA[]]></DOCKEYWORDS>
      <DOCAUTHOR><![CDATA[]]></DOCAUTHOR>
      <DOCRELTIME>2010-07-13 17:28:00</DOCRELTIME>
      <TITLECOLOR><![CDATA[]]></TITLECOLOR>
      <SUBDOCTITLE><![CDATA[]]></SUBDOCTITLE>
      <EDITOR><![CDATA[]]></EDITOR>
      <CHNLNAME><![CDATA[图片列表数据]]></CHNLNAME>
    </PROPERTIES>
    <WCMAPPENDIXS>
      <WCMAPPENDIX Version="6.0">
        <PROPERTIES>
          <APPSERN>1</APPSERN>
          <APPDESC><![CDATA[1.jpg]]></APPDESC>
          <APPENDIXID>86</APPENDIXID>
          <APPFILETYPE>-1</APPFILETYPE>
          <APPFLAG>20</APPFLAG>
          <FILEEXT><![CDATA[jpg]]></FILEEXT>
          <APPLINKALT><![CDATA[]]></APPLINKALT>
          <CRTIME>2011-05-23 16:47:28</CRTIME>
          <SRCFILE><![CDATA[W020110523604483157010.jpg]]></SRCFILE>
          <CRUSER><![CDATA[yinyong]]></CRUSER>
          <USEDVERSIONS>3</USEDVERSIONS>
          <ISIMPORTTOIMAGELIB>0</ISIMPORTTOIMAGELIB>
          <APPDOCID>329</APPDOCID>
          <APPTIME/>
          <APPFILE><![CDATA[W020130326446020354774.jpg]]></APPFILE>
        </PROPERTIES>
      </WCMAPPENDIX>
    </WCMAPPENDIXS>
  </WCMDOCUMENT>
  <WCMDOCUMENT Version="6.0">
    <PROPERTIES>
      <DOCID>328</DOCID>
      <DOCVERSION>0</DOCVERSION>
      <DOCTYPE>20</DOCTYPE>
      <DOCPUBTIME>2013-03-26 21:02:59</DOCPUBTIME>
      <CRUSER><![CDATA[admin]]></CRUSER>
      <CRTIME>2010-07-13 15:33:56</CRTIME>
      <DOCFLAG>0</DOCFLAG>
      <ATTRIBUTE><![CDATA[]]></ATTRIBUTE>
      <ATTACHPIC>1</ATTACHPIC>
      <DOCLINK><![CDATA[]]></DOCLINK>
      <DOCFILENAME><![CDATA[]]></DOCFILENAME>
      <DOCCHANNEL>60</DOCCHANNEL>
      <DOCTITLE><![CDATA[颁布条例为上合组织扩员做准备]]></DOCTITLE>
      <DOCPEOPLE><![CDATA[]]></DOCPEOPLE>
      <DOCSOURCENAME><![CDATA[]]></DOCSOURCENAME>
      <DOCSTATUS>10</DOCSTATUS>
      <DOCCONTENT><![CDATA[据新华社电 外交部昨日举行中外媒体吹风会，外交部部长助理程国平介绍了国家主席胡锦涛出席上海合作组织塔什干峰会并对乌兹别克斯坦、哈萨克斯坦进行国事访问的背景情况、主要活动及重要意义。 
　　介绍胡锦涛出访行程及意义
　　程国平说，应乌兹别克斯坦总统卡里莫夫、哈萨克斯坦总统纳扎尔巴耶夫邀请，中国国家主席胡锦涛将于6月9日至12日先后对乌兹别克斯坦进行国事访问、出席在乌首都塔什干举行的上海合作组织成员国元首理事会第十次会议、对哈萨克斯坦进行国事访问。
　　“胡锦涛主席此次中亚之行，对推动上合组织持续健康稳定发展，全面提升中乌、中哈关系水平，深化中国同上合组织成员国、观察员国多领域互利合作，维护国际和地区安全稳定，推动建设持久和平、共同繁荣的和谐地区具有十分重要意义。”程国平说。
　　关于胡锦涛主席对乌兹别克斯坦进行的国事访问，程国平说，近年来，中乌高层交往密切，政治互信不断加深。去年年底，中乌天然气管道实现单线通气。双方积极开展安全领域合作，共同打击包括“东突”在内的“三股势力”及毒品走私等跨国犯罪活动。
　　介绍峰会召开背景宗旨任务
　　6月11日，胡锦涛主席将出席在塔什干举行的上海合作组织成员国元首理事会第十次会议。
　　程国平表示，当前，国际形势正在经历复杂深刻变化，本地区“三股势力”活动日益猖獗。在此形势下，成员国更加深刻认识到，只有坚定不移地推动上合组织发展，进一步凝聚共识，挖掘潜力，深化合作，才能有效应对不断涌现的各类威胁和挑战，切实维护本组织和成员国根本利益。塔什干峰会就是在上述背景下举行的一次重要会议，团结合作、维护稳定、共谋发展是本次会议的主题。会议的宗旨和任务是继续全面落实《上海合作组织成员国长期睦邻友好合作条约》，进一步加强政治互信，深化安全、经济、人文等领域合作，推动组织在巩固地区安全稳定、推动地区和谐发展方面发挥更大作用。
　　峰会规模显示上合影响力提高
　　程国平说，本次峰会规模较大，除成员国元首外，观察员国、主席国客人，以及联合国、独联体、欧亚经济共同体、集体安全条约组织领导人将与会，从出席人数上看，显示出上合组织凝聚力和影响力不断提高。按照惯例，峰会将举行成员国元首小范围会谈、各国领导人大范围会谈、文件签字仪式、共同会见记者等活动。会议期间，与会领导人还将广泛举行会谈、会见，各国领导人将重点围绕打击“三股势力”、维护安全稳定、深化务实合作等问题深入交换意见。
　　程国平说，会议将发表《上海合作组织成员国元首理事会第十次会议宣言》。此外，成员国正在商谈制定《上海合作组织接收新成员条例》和《上海合作组织程序规则》等重要文件。上述文件有望提交峰会批准。
　　程国平指出，特别需要说明的是，《接收新成员条例》是成员国历经两年十余次磋商达成的重要成果。批准《条例》标志着成员国在制定扩员相关法律基础方面迈出了第一步。《条例》将成为上合组织扩员法律体系的奠基石。
　　关于胡锦涛主席对哈萨克斯坦进行的国事访问，程国平表示，中哈建交以来，两国关系健康稳定发展。双方全面落实打击“三股势力”双边合作协定等文件，在打击包括“东突”在内的“三股势力”方面进行了卓有成效的合作。
　　程国平说，访问期间，胡锦涛主席将同纳扎尔巴耶夫总统等哈方领导人举行会谈、会见。双方将签署经贸等领域的双边合作文件。 (南方都市报www.nddaily.com]]></DOCCONTENT>
      <DOCHTMLCON><![CDATA[<div class=TRS_Editor><DIV class=cas_content>据新华社电 外交部昨日举行中外媒体吹风会，外交部部长助理程国平介绍了国家主席胡锦涛出席上海合作组织塔什干峰会并对乌兹别克斯坦、哈萨克斯坦进行国事访问的背景情况、主要活动及重要意义。 
<P>　　介绍胡锦涛出访行程及意义</P>
<P>　　程国平说，应乌兹别克斯坦总统卡里莫夫、哈萨克斯坦总统纳扎尔巴耶夫邀请，中国国家主席胡锦涛将于6月9日至12日先后对乌兹别克斯坦进行国事访问、出席在乌首都塔什干举行的上海合作组织成员国元首理事会第十次会议、对哈萨克斯坦进行国事访问。</P>
<P>　　“胡锦涛主席此次中亚之行，对推动上合组织持续健康稳定发展，全面提升中乌、中哈关系水平，深化中国同上合组织成员国、观察员国多领域互利合作，维护国际和地区安全稳定，推动建设持久和平、共同繁荣的和谐地区具有十分重要意义。”程国平说。</P>
<P>　　关于胡锦涛主席对乌兹别克斯坦进行的国事访问，程国平说，近年来，中乌高层交往密切，政治互信不断加深。去年年底，中乌天然气管道实现单线通气。双方积极开展安全领域合作，共同打击包括“东突”在内的“三股势力”及毒品走私等跨国犯罪活动。</P>
<P>　　介绍峰会召开背景宗旨任务</P>
<P>　　6月11日，胡锦涛主席将出席在塔什干举行的上海合作组织成员国元首理事会第十次会议。</P>
<P>　　程国平表示，当前，国际形势正在经历复杂深刻变化，本地区“三股势力”活动日益猖獗。在此形势下，成员国更加深刻认识到，只有坚定不移地推动上合组织发展，进一步凝聚共识，挖掘潜力，深化合作，才能有效应对不断涌现的各类威胁和挑战，切实维护本组织和成员国根本利益。塔什干峰会就是在上述背景下举行的一次重要会议，团结合作、维护稳定、共谋发展是本次会议的主题。会议的宗旨和任务是继续全面落实《上海合作组织成员国长期睦邻友好合作条约》，进一步加强政治互信，深化安全、经济、人文等领域合作，推动组织在巩固地区安全稳定、推动地区和谐发展方面发挥更大作用。</P>
<P>　　峰会规模显示上合影响力提高</P>
<P>　　程国平说，本次峰会规模较大，除成员国元首外，观察员国、主席国客人，以及联合国、独联体、欧亚经济共同体、集体安全条约组织领导人将与会，从出席人数上看，显示出上合组织凝聚力和影响力不断提高。按照惯例，峰会将举行成员国元首小范围会谈、各国领导人大范围会谈、文件签字仪式、共同会见记者等活动。会议期间，与会领导人还将广泛举行会谈、会见，各国领导人将重点围绕打击“三股势力”、维护安全稳定、深化务实合作等问题深入交换意见。</P>
<P>　　程国平说，会议将发表《上海合作组织成员国元首理事会第十次会议宣言》。此外，成员国正在商谈制定《上海合作组织接收新成员条例》和《上海合作组织程序规则》等重要文件。上述文件有望提交峰会批准。</P>
<P>　　程国平指出，特别需要说明的是，《接收新成员条例》是成员国历经两年十余次磋商达成的重要成果。批准《条例》标志着成员国在制定扩员相关法律基础方面迈出了第一步。《条例》将成为上合组织扩员法律体系的奠基石。</P>
<P>　　关于胡锦涛主席对哈萨克斯坦进行的国事访问，程国平表示，中哈建交以来，两国关系健康稳定发展。双方全面落实打击“三股势力”双边合作协定等文件，在打击包括“东突”在内的“三股势力”方面进行了卓有成效的合作。</P>
<P>　　程国平说，访问期间，胡锦涛主席将同纳扎尔巴耶夫总统等哈方领导人举行会谈、会见。双方将签署经贸等领域的双边合作文件。 (南方都市报www.nddaily.com</P></DIV></div>]]></DOCHTMLCON>
      <DOCWORDSCOUNT>1392</DOCWORDSCOUNT>
      <DOCABSTRACT><![CDATA[]]></DOCABSTRACT>
      <DOCKEYWORDS><![CDATA[]]></DOCKEYWORDS>
      <DOCAUTHOR><![CDATA[]]></DOCAUTHOR>
      <DOCRELTIME>2010-07-13 15:33:00</DOCRELTIME>
      <TITLECOLOR><![CDATA[]]></TITLECOLOR>
      <SUBDOCTITLE><![CDATA[]]></SUBDOCTITLE>
      <EDITOR><![CDATA[]]></EDITOR>
      <CHNLNAME><![CDATA[图片列表数据]]></CHNLNAME>
    </PROPERTIES>
    <WCMAPPENDIXS>
      <WCMAPPENDIX Version="6.0">
        <PROPERTIES>
          <APPSERN>1</APPSERN>
          <APPDESC><![CDATA[1.jpg]]></APPDESC>
          <APPENDIXID>85</APPENDIXID>
          <APPFILETYPE>-1</APPFILETYPE>
          <APPFLAG>20</APPFLAG>
          <FILEEXT><![CDATA[jpg]]></FILEEXT>
          <APPLINKALT><![CDATA[]]></APPLINKALT>
          <CRTIME>2011-05-23 16:47:28</CRTIME>
          <SRCFILE><![CDATA[W020110523604483316213.jpg]]></SRCFILE>
          <CRUSER><![CDATA[yinyong]]></CRUSER>
          <USEDVERSIONS>3</USEDVERSIONS>
          <ISIMPORTTOIMAGELIB>0</ISIMPORTTOIMAGELIB>
          <APPDOCID>328</APPDOCID>
          <APPTIME/>
          <APPFILE><![CDATA[W020130326446016143160.jpg]]></APPFILE>
        </PROPERTIES>
      </WCMAPPENDIX>
    </WCMAPPENDIXS>
  </WCMDOCUMENT>
  <WCMDOCUMENT Version="6.0">
    <PROPERTIES>
      <DOCID>327</DOCID>
      <DOCVERSION>0</DOCVERSION>
      <DOCTYPE>20</DOCTYPE>
      <DOCPUBTIME>2013-03-26 21:02:59</DOCPUBTIME>
      <CRUSER><![CDATA[admin]]></CRUSER>
      <CRTIME>2010-07-13 15:35:10</CRTIME>
      <DOCFLAG>0</DOCFLAG>
      <ATTRIBUTE><![CDATA[]]></ATTRIBUTE>
      <ATTACHPIC>1</ATTACHPIC>
      <DOCLINK><![CDATA[]]></DOCLINK>
      <DOCFILENAME><![CDATA[]]></DOCFILENAME>
      <DOCCHANNEL>60</DOCCHANNEL>
      <DOCTITLE><![CDATA[提高上合组织影响力]]></DOCTITLE>
      <DOCPEOPLE><![CDATA[]]></DOCPEOPLE>
      <DOCSOURCENAME><![CDATA[]]></DOCSOURCENAME>
      <DOCSTATUS>10</DOCSTATUS>
      <DOCCONTENT><![CDATA[　　据新华社电 外交部昨日举行中外媒体吹风会，外交部部长助理程国平介绍了国家主席胡锦涛出席上海合作组织塔什干峰会并对乌兹别克斯坦、哈萨克斯坦进行国事访问的背景情况、主要活动及重要意义。
　　介绍胡锦涛出访行程及意义
　　程国平说，应乌兹别克斯坦总统卡里莫夫、哈萨克斯坦总统纳扎尔巴耶夫邀请，中国国家主席胡锦涛将于6月9日至12日先后对乌兹别克斯坦进行国事访问、出席在乌首都塔什干举行的上海合作组织成员国元首理事会第十次会议、对哈萨克斯坦进行国事访问。
　　“胡锦涛主席此次中亚之行，对推动上合组织持续健康稳定发展，全面提升中乌、中哈关系水平，深化中国同上合组织成员国、观察员国多领域互利合作，维护国际和地区安全稳定，推动建设持久和平、共同繁荣的和谐地区具有十分重要意义。”程国平说。
　　关于胡锦涛主席对乌兹别克斯坦进行的国事访问，程国平说，近年来，中乌高层交往密切，政治互信不断加深。去年年底，中乌天然气管道实现单线通气。双方积极开展安全领域合作，共同打击包括“东突”在内的“三股势力”及毒品走私等跨国犯罪活动。
　　介绍峰会召开背景宗旨任务
　　6月11日，胡锦涛主席将出席在塔什干举行的上海合作组织成员国元首理事会第十次会议。
　　程国平表示，当前，国际形势正在经历复杂深刻变化，本地区“三股势力”活动日益猖獗。在此形势下，成员国更加深刻认识到，只有坚定不移地推动上合组织发展，进一步凝聚共识，挖掘潜力，深化合作，才能有效应对不断涌现的各类威胁和挑战，切实维护本组织和成员国根本利益。塔什干峰会就是在上述背景下举行的一次重要会议，团结合作、维护稳定、共谋发展是本次会议的主题。会议的宗旨和任务是继续全面落实《上海合作组织成员国长期睦邻友好合作条约》，进一步加强政治互信，深化安全、经济、人文等领域合作，推动组织在巩固地区安全稳定、推动地区和谐发展方面发挥更大作用。
　　峰会规模显示上合影响力提高
　　程国平说，本次峰会规模较大，除成员国元首外，观察员国、主席国客人，以及联合国、独联体、欧亚经济共同体、集体安全条约组织领导人将与会，从出席人数上看，显示出上合组织凝聚力和影响力不断提高。按照惯例，峰会将举行成员国元首小范围会谈、各国领导人大范围会谈、文件签字仪式、共同会见记者等活动。会议期间，与会领导人还将广泛举行会谈、会见，各国领导人将重点围绕打击“三股势力”、维护安全稳定、深化务实合作等问题深入交换意见。
　　程国平说，会议将发表《上海合作组织成员国元首理事会第十次会议宣言》。此外，成员国正在商谈制定《上海合作组织接收新成员条例》和《上海合作组织程序规则》等重要文件。上述文件有望提交峰会批准。
　　程国平指出，特别需要说明的是，《接收新成员条例》是成员国历经两年十余次磋商达成的重要成果。批准《条例》标志着成员国在制定扩员相关法律基础方面迈出了第一步。《条例》将成为上合组织扩员法律体系的奠基石。
　　关于胡锦涛主席对哈萨克斯坦进行的国事访问，程国平表示，中哈建交以来，两国关系健康稳定发展。双方全面落实打击“三股势力”双边合作协定等文件，在打击包括“东突”在内的“三股势力”方面进行了卓有成效的合作。
　　程国平说，访问期间，胡锦涛主席将同纳扎尔巴耶夫总统等哈方领导人举行会谈、会见。双方将签署经贸等领域的双边合作文件。 (南方都市报www.nddaily.com]]></DOCCONTENT>
      <DOCHTMLCON><![CDATA[<div class=TRS_Editor><DIV class=cas_content>
<P>　　据新华社电 外交部昨日举行中外媒体吹风会，外交部部长助理程国平介绍了国家主席胡锦涛出席上海合作组织塔什干峰会并对乌兹别克斯坦、哈萨克斯坦进行国事访问的背景情况、主要活动及重要意义。</P>
<P>　　介绍胡锦涛出访行程及意义</P>
<P>　　程国平说，应乌兹别克斯坦总统卡里莫夫、哈萨克斯坦总统纳扎尔巴耶夫邀请，中国国家主席胡锦涛将于6月9日至12日先后对乌兹别克斯坦进行国事访问、出席在乌首都塔什干举行的上海合作组织成员国元首理事会第十次会议、对哈萨克斯坦进行国事访问。</P>
<P>　　“胡锦涛主席此次中亚之行，对推动上合组织持续健康稳定发展，全面提升中乌、中哈关系水平，深化中国同上合组织成员国、观察员国多领域互利合作，维护国际和地区安全稳定，推动建设持久和平、共同繁荣的和谐地区具有十分重要意义。”程国平说。</P>
<P>　　关于胡锦涛主席对乌兹别克斯坦进行的国事访问，程国平说，近年来，中乌高层交往密切，政治互信不断加深。去年年底，中乌天然气管道实现单线通气。双方积极开展安全领域合作，共同打击包括“东突”在内的“三股势力”及毒品走私等跨国犯罪活动。</P>
<P>　　介绍峰会召开背景宗旨任务</P>
<P>　　6月11日，胡锦涛主席将出席在塔什干举行的上海合作组织成员国元首理事会第十次会议。</P>
<P>　　程国平表示，当前，国际形势正在经历复杂深刻变化，本地区“三股势力”活动日益猖獗。在此形势下，成员国更加深刻认识到，只有坚定不移地推动上合组织发展，进一步凝聚共识，挖掘潜力，深化合作，才能有效应对不断涌现的各类威胁和挑战，切实维护本组织和成员国根本利益。塔什干峰会就是在上述背景下举行的一次重要会议，团结合作、维护稳定、共谋发展是本次会议的主题。会议的宗旨和任务是继续全面落实《上海合作组织成员国长期睦邻友好合作条约》，进一步加强政治互信，深化安全、经济、人文等领域合作，推动组织在巩固地区安全稳定、推动地区和谐发展方面发挥更大作用。</P>
<P>　　峰会规模显示上合影响力提高</P>
<P>　　程国平说，本次峰会规模较大，除成员国元首外，观察员国、主席国客人，以及联合国、独联体、欧亚经济共同体、集体安全条约组织领导人将与会，从出席人数上看，显示出上合组织凝聚力和影响力不断提高。按照惯例，峰会将举行成员国元首小范围会谈、各国领导人大范围会谈、文件签字仪式、共同会见记者等活动。会议期间，与会领导人还将广泛举行会谈、会见，各国领导人将重点围绕打击“三股势力”、维护安全稳定、深化务实合作等问题深入交换意见。</P>
<P>　　程国平说，会议将发表《上海合作组织成员国元首理事会第十次会议宣言》。此外，成员国正在商谈制定《上海合作组织接收新成员条例》和《上海合作组织程序规则》等重要文件。上述文件有望提交峰会批准。</P>
<P>　　程国平指出，特别需要说明的是，《接收新成员条例》是成员国历经两年十余次磋商达成的重要成果。批准《条例》标志着成员国在制定扩员相关法律基础方面迈出了第一步。《条例》将成为上合组织扩员法律体系的奠基石。</P>
<P>　　关于胡锦涛主席对哈萨克斯坦进行的国事访问，程国平表示，中哈建交以来，两国关系健康稳定发展。双方全面落实打击“三股势力”双边合作协定等文件，在打击包括“东突”在内的“三股势力”方面进行了卓有成效的合作。</P>
<P>　　程国平说，访问期间，胡锦涛主席将同纳扎尔巴耶夫总统等哈方领导人举行会谈、会见。双方将签署经贸等领域的双边合作文件。 (南方都市报www.nddaily.com</P></DIV></div>]]></DOCHTMLCON>
      <DOCWORDSCOUNT>1393</DOCWORDSCOUNT>
      <DOCABSTRACT><![CDATA[]]></DOCABSTRACT>
      <DOCKEYWORDS><![CDATA[]]></DOCKEYWORDS>
      <DOCAUTHOR><![CDATA[]]></DOCAUTHOR>
      <DOCRELTIME>2010-07-13 15:34:00</DOCRELTIME>
      <TITLECOLOR><![CDATA[]]></TITLECOLOR>
      <SUBDOCTITLE><![CDATA[]]></SUBDOCTITLE>
      <EDITOR><![CDATA[]]></EDITOR>
      <CHNLNAME><![CDATA[图片列表数据]]></CHNLNAME>
    </PROPERTIES>
    <WCMAPPENDIXS>
      <WCMAPPENDIX Version="6.0">
        <PROPERTIES>
          <APPSERN>1</APPSERN>
          <APPDESC><![CDATA[1.jpg]]></APPDESC>
          <APPENDIXID>84</APPENDIXID>
          <APPFILETYPE>-1</APPFILETYPE>
          <APPFLAG>20</APPFLAG>
          <FILEEXT><![CDATA[jpg]]></FILEEXT>
          <APPLINKALT><![CDATA[]]></APPLINKALT>
          <CRTIME>2011-05-23 16:47:28</CRTIME>
          <SRCFILE><![CDATA[W020110523604483465914.jpg]]></SRCFILE>
          <CRUSER><![CDATA[yinyong]]></CRUSER>
          <USEDVERSIONS>3</USEDVERSIONS>
          <ISIMPORTTOIMAGELIB>0</ISIMPORTTOIMAGELIB>
          <APPDOCID>327</APPDOCID>
          <APPTIME/>
          <APPFILE><![CDATA[W020130326446014898035.jpg]]></APPFILE>
        </PROPERTIES>
      </WCMAPPENDIX>
    </WCMAPPENDIXS>
  </WCMDOCUMENT>
  <WCMDOCUMENT Version="6.0">
    <PROPERTIES>
      <DOCID>326</DOCID>
      <DOCVERSION>0</DOCVERSION>
      <DOCTYPE>20</DOCTYPE>
      <DOCPUBTIME>2013-03-26 21:02:59</DOCPUBTIME>
      <CRUSER><![CDATA[admin]]></CRUSER>
      <CRTIME>2010-07-13 15:36:20</CRTIME>
      <DOCFLAG>0</DOCFLAG>
      <ATTRIBUTE><![CDATA[]]></ATTRIBUTE>
      <ATTACHPIC>1</ATTACHPIC>
      <DOCLINK><![CDATA[]]></DOCLINK>
      <DOCFILENAME><![CDATA[]]></DOCFILENAME>
      <DOCCHANNEL>60</DOCCHANNEL>
      <DOCTITLE><![CDATA[为中乌合作伙伴关系发展注入新动力]]></DOCTITLE>
      <DOCPEOPLE><![CDATA[]]></DOCPEOPLE>
      <DOCSOURCENAME><![CDATA[]]></DOCSOURCENAME>
      <DOCSTATUS>10</DOCSTATUS>
      <DOCCONTENT><![CDATA[　　新华网塔什干6月8日电(记者董龙江)应乌兹别克斯坦总统卡里莫夫的邀请，中国国家主席胡锦涛将于6月9日至11日对乌兹别克斯坦进行国事访问，并出席在乌首都塔什干举行的上海合作组织成员国元首理事会第十次会议。中国驻乌大使于洪君日前在接受新华社记者专访时说，胡锦涛主席的访问将为中乌两国关系进一步发展指明方向，为上合组织继续发展壮大提供新契机。
　　于洪君说，胡锦涛主席与卡里莫夫总统将就中乌双边关系、上合组织发展及共同关心的重大国际和地区问题深入交换意见。访问期间，中乌双方有关部门将签署一系列合作文件。他说，此访将为中乌各领域务实合作注入新的动力，开辟更加广阔的发展前景。访问还将为上合组织继续发展壮大提供新的契机，有利于维护和促进本地区的和平、稳定与发展。
　　于洪君说，中乌建交以来，两国高层领导人接触频繁，至今两国国家元首和政府首脑互访已有5次。此外，两国高层领导人每年还利用出席各种国际会议等机会举行会晤，及时就双边关系发展、地区与国际事务合作等问题保持沟通，双方政治互信不断增强。2005年，两国元首签署了《中乌友好合作伙伴关系条约》，两国关系进入新的发展阶段。乌方在台湾、新疆、西藏等涉我重大核心利益的问题上坚定支持中方立场。中国也一贯支持乌方为维护国家主权和独立、实现国家稳定与繁荣发展所作的努力。
　　于洪君说，2008年5月，四川汶川发生强烈地震后，卡里莫夫在第一时间向中方表示慰问，向中方提供了50吨人道主义援助物资。同年8月，卡里莫夫应邀出席北京奥运会开幕式，体现了乌方对中方的友好情谊和有力支持。2009年，中乌两国元首在上合组织叶卡捷琳堡峰会和土库曼斯坦阿什哈巴德“中国－中亚”天然气管道竣工通气仪式期间两次举行单独会晤。中共中央政治局常委、中国国务院副总理李克强于2009年6月底访乌。同年10月，乌总理米尔济亚耶夫打破从不出访独联体以外国家的惯例，赴华出席上合组织政府首脑理事会会议。
　　于洪君说，今年以来，中乌两国保持了频繁交往的良好势头。4月，中国国务委员、公安部长孟建柱来乌出席上合组织成员国安全会议秘书会议并访乌。5月初，中国财政部长谢旭人出席在塔什干举行的亚洲开发银行理事会年会。外交部长杨洁篪于5月下旬来乌出席上合组织成员国外长理事会会议并访乌。
　　谈到中乌两国的经贸合作问题时，于洪君说，据中方统计，2009年中乌双边贸易额达19．1亿美元，比上年增长18．9％。中国已跃升为乌第二大贸易伙伴，中乌贸易额在乌外贸总额中占9．7％。在国际金融危机持续蔓延的背景下，中乌贸易额保持了较快增长的良好趋势。这一来之不易的成果首先得益于双方领导人的高瞻远瞩和英明决策。在两国领导人的重视、关心和推动下，两国政府及时果断地采取了有效的反危机措施，两国政府有关部门和企业密切协作，落实有力，为两国经贸投资合作取得进一步发展作出了积极贡献。
　　关于中乌两国在安全领域的合作，于洪君说，当今世界形势更加复杂多变，地区局势也存在诸多不稳定因素。中乌两国都面临着捍卫国家主权、安全，维护地区和平、稳定的艰巨任务。安全合作是中乌双边关系中的重要内容，也是两国在上合组织框架内的重要合作领域。两国在打击恐怖主义、分裂主义、极端主义“三股势力”问题上立场一致。两国负责安全事务的部门保持了必要会晤和接触，双方在双边层面和多边领域开展了广泛而卓有成效的合作。
　　于洪君说，近年来，中乌两国在文化、教育等人文领域的合作也呈现快速发展势头。随着中乌政治、经济、能源等领域合作稳步推进，越来越多的乌普通民众希望了解中国，汉语热在乌方兴未艾。乌多所重点高校已开设汉语专业，目前学习汉语的在校生近2000人。塔什干孔子学院成立5年多来，已成为在乌推广汉语的重要基地，在促进中乌文化交流方面发挥着积极作用。
　　于洪君说，中乌双方对胡锦涛主席即将对乌进行的国事访问均给予高度重视，相信此访必将进一步深化中乌两国政治互信，提升两国关系的发展水平。]]></DOCCONTENT>
      <DOCHTMLCON><![CDATA[<div class=TRS_Editor><DIV class=cas_content>
<P>　　新华网塔什干6月8日电(记者董龙江)应乌兹别克斯坦总统卡里莫夫的邀请，中国国家主席胡锦涛将于6月9日至11日对乌兹别克斯坦进行国事访问，并出席在乌首都塔什干举行的上海合作组织成员国元首理事会第十次会议。中国驻乌大使于洪君日前在接受新华社记者专访时说，胡锦涛主席的访问将为中乌两国关系进一步发展指明方向，为上合组织继续发展壮大提供新契机。</P>
<P>　　于洪君说，胡锦涛主席与卡里莫夫总统将就中乌双边关系、上合组织发展及共同关心的重大国际和地区问题深入交换意见。访问期间，中乌双方有关部门将签署一系列合作文件。他说，此访将为中乌各领域务实合作注入新的动力，开辟更加广阔的发展前景。访问还将为上合组织继续发展壮大提供新的契机，有利于维护和促进本地区的和平、稳定与发展。</P>
<P>　　于洪君说，中乌建交以来，两国高层领导人接触频繁，至今两国国家元首和政府首脑互访已有5次。此外，两国高层领导人每年还利用出席各种国际会议等机会举行会晤，及时就双边关系发展、地区与国际事务合作等问题保持沟通，双方政治互信不断增强。2005年，两国元首签署了《中乌友好合作伙伴关系条约》，两国关系进入新的发展阶段。乌方在台湾、新疆、西藏等涉我重大核心利益的问题上坚定支持中方立场。中国也一贯支持乌方为维护国家主权和独立、实现国家稳定与繁荣发展所作的努力。</P>
<P>　　于洪君说，2008年5月，四川汶川发生强烈地震后，卡里莫夫在第一时间向中方表示慰问，向中方提供了50吨人道主义援助物资。同年8月，卡里莫夫应邀出席北京奥运会开幕式，体现了乌方对中方的友好情谊和有力支持。2009年，中乌两国元首在上合组织叶卡捷琳堡峰会和土库曼斯坦阿什哈巴德“中国－中亚”天然气管道竣工通气仪式期间两次举行单独会晤。中共中央政治局常委、中国国务院副总理李克强于2009年6月底访乌。同年10月，乌总理米尔济亚耶夫打破从不出访独联体以外国家的惯例，赴华出席上合组织政府首脑理事会会议。</P>
<P>　　于洪君说，今年以来，中乌两国保持了频繁交往的良好势头。4月，中国国务委员、公安部长孟建柱来乌出席上合组织成员国安全会议秘书会议并访乌。5月初，中国财政部长谢旭人出席在塔什干举行的亚洲开发银行理事会年会。外交部长杨洁篪于5月下旬来乌出席上合组织成员国外长理事会会议并访乌。</P>
<P>　　谈到中乌两国的经贸合作问题时，于洪君说，据中方统计，2009年中乌双边贸易额达19．1亿美元，比上年增长18．9％。中国已跃升为乌第二大贸易伙伴，中乌贸易额在乌外贸总额中占9．7％。在国际金融危机持续蔓延的背景下，中乌贸易额保持了较快增长的良好趋势。这一来之不易的成果首先得益于双方领导人的高瞻远瞩和英明决策。在两国领导人的重视、关心和推动下，两国政府及时果断地采取了有效的反危机措施，两国政府有关部门和企业密切协作，落实有力，为两国经贸投资合作取得进一步发展作出了积极贡献。</P>
<P>　　关于中乌两国在安全领域的合作，于洪君说，当今世界形势更加复杂多变，地区局势也存在诸多不稳定因素。中乌两国都面临着捍卫国家主权、安全，维护地区和平、稳定的艰巨任务。安全合作是中乌双边关系中的重要内容，也是两国在上合组织框架内的重要合作领域。两国在打击恐怖主义、分裂主义、极端主义“三股势力”问题上立场一致。两国负责安全事务的部门保持了必要会晤和接触，双方在双边层面和多边领域开展了广泛而卓有成效的合作。</P>
<P>　　于洪君说，近年来，中乌两国在文化、教育等人文领域的合作也呈现快速发展势头。随着中乌政治、经济、能源等领域合作稳步推进，越来越多的乌普通民众希望了解中国，汉语热在乌方兴未艾。乌多所重点高校已开设汉语专业，目前学习汉语的在校生近2000人。塔什干孔子学院成立5年多来，已成为在乌推广汉语的重要基地，在促进中乌文化交流方面发挥着积极作用。</P>
<P>　　于洪君说，中乌双方对胡锦涛主席即将对乌进行的国事访问均给予高度重视，相信此访必将进一步深化中乌两国政治互信，提升两国关系的发展水平。</P></DIV></div>]]></DOCHTMLCON>
      <DOCWORDSCOUNT>1627</DOCWORDSCOUNT>
      <DOCABSTRACT><![CDATA[]]></DOCABSTRACT>
      <DOCKEYWORDS><![CDATA[]]></DOCKEYWORDS>
      <DOCAUTHOR><![CDATA[]]></DOCAUTHOR>
      <DOCRELTIME>2010-07-13 15:35:00</DOCRELTIME>
      <TITLECOLOR><![CDATA[]]></TITLECOLOR>
      <SUBDOCTITLE><![CDATA[]]></SUBDOCTITLE>
      <EDITOR><![CDATA[]]></EDITOR>
      <CHNLNAME><![CDATA[图片列表数据]]></CHNLNAME>
    </PROPERTIES>
    <WCMAPPENDIXS>
      <WCMAPPENDIX Version="6.0">
        <PROPERTIES>
          <APPSERN>1</APPSERN>
          <APPDESC><![CDATA[1.jpg]]></APPDESC>
          <APPENDIXID>83</APPENDIXID>
          <APPFILETYPE>-1</APPFILETYPE>
          <APPFLAG>20</APPFLAG>
          <FILEEXT><![CDATA[jpg]]></FILEEXT>
          <APPLINKALT><![CDATA[]]></APPLINKALT>
          <CRTIME>2011-05-23 16:47:28</CRTIME>
          <SRCFILE><![CDATA[W020110523604483625620.jpg]]></SRCFILE>
          <CRUSER><![CDATA[yinyong]]></CRUSER>
          <USEDVERSIONS>3</USEDVERSIONS>
          <ISIMPORTTOIMAGELIB>0</ISIMPORTTOIMAGELIB>
          <APPDOCID>326</APPDOCID>
          <APPTIME/>
          <APPFILE><![CDATA[W020130326446009125053.jpg]]></APPFILE>
        </PROPERTIES>
      </WCMAPPENDIX>
    </WCMAPPENDIXS>
  </WCMDOCUMENT>
  <WCMDOCUMENT Version="6.0">
    <PROPERTIES>
      <DOCID>325</DOCID>
      <DOCVERSION>0</DOCVERSION>
      <DOCTYPE>20</DOCTYPE>
      <DOCPUBTIME>2013-03-26 21:02:59</DOCPUBTIME>
      <CRUSER><![CDATA[admin]]></CRUSER>
      <CRTIME>2010-07-13 15:37:28</CRTIME>
      <DOCFLAG>0</DOCFLAG>
      <ATTRIBUTE><![CDATA[]]></ATTRIBUTE>
      <ATTACHPIC>1</ATTACHPIC>
      <DOCLINK><![CDATA[]]></DOCLINK>
      <DOCFILENAME><![CDATA[]]></DOCFILENAME>
      <DOCCHANNEL>60</DOCCHANNEL>
      <DOCTITLE><![CDATA[推动中哈战略伙伴关系迈上新台阶]]></DOCTITLE>
      <DOCPEOPLE><![CDATA[]]></DOCPEOPLE>
      <DOCSOURCENAME><![CDATA[]]></DOCSOURCENAME>
      <DOCSTATUS>10</DOCSTATUS>
      <DOCCONTENT><![CDATA[        中新网北京6月4日电 (记者 张朔)中国外交部部长助理程国平4日在北京表示，胡锦涛主席即将出席上海合作组织塔什干峰会并对乌兹别克斯坦、哈萨克斯坦进行国事访问，这是中国国家领导人本年度一次重大外交活动。 
　　中国国家主席胡锦涛将于6月9日至12日先后对乌兹别克斯坦进行国事访问、出席在乌首都塔什干举行的上海合作组织成员国元首理事会第十次会议、对哈萨克斯坦进行国事访问。外交部当天上午就此举行中外媒体吹风会。
　　程国平说，胡锦涛此次中亚之行，对推动上合组织持续健康稳定发展，全面提升中乌、中哈关系水平，深化中国同上合组织成员国、观察员国多领域互利合作，维护国际和地区安全稳定，推动建设持久和平、共同繁荣的和谐地区具有重要意义。
　　“为中乌关系发展注入新动力”
　　中乌建交18年来，两国关系保持健康稳定发展的良好势头。两国经贸、能源、交通、通信、基础设施建设等领域务实合作不断扩大。在国际金融危机背景下，中乌贸易额仍保持增长势头。去年年底，中乌天然气管道实现单线通气。中乌还积极开展安全领域合作，共同打击包括“东突”在内的“三股势力”及毒品走私等跨国犯罪活动。
　　程国平说，此访是胡锦涛继2004年后再次对乌兹别克斯坦进行国事访问。访问期间，胡锦涛将与卡里莫夫总统等乌方领导人举行会谈、会见。双方将就两国关系发展现状和前景及其他共同关心的国际和地区问题交换意见。双方将签署经贸等领域的一系列合作文件。
　　程国平表示，胡锦涛此访将为中乌友好合作伙伴关系的发展注入新的动力。
　　“上合组织塔什干峰会将取得丰硕成果”
　　胡锦涛11日将出席在塔什干举行的上合组织成员国元首理事会第十次会议。
　　程国平说，团结合作、维护稳定、共谋发展是本次会议的主题。本次峰会规模较大，除成员国元首外，观察员国、主席国客人以及联合国、独联体、欧亚经济共同体、集体安全条约组织领导人将与会。从出席人数上看，显示出上合组织凝聚力和影响力不断提高。
　　按照惯例，峰会将举行成员国元首小范围会谈、各国领导人大范围会谈、文件签字仪式、共同会见记者等活动。会议期间，与会领导人还将广泛举行会谈、会见，就上合组织发展、双边关系以及其他共同关心的国际和地区问题交流意见。
　　程国平说，本次峰会成果丰硕。会议将发表《上海合作组织成员国元首理事会第十次会议宣言》和《新闻稿》。成员国还在商谈制订《上海合作组织接收新成员条例》和《上海合作组织程序规则》等文件。上述文件有望提交峰会批准。
　　“推动中哈战略伙伴关系迈上新台阶”
　　中哈建交以来，两国关系健康稳定发展，并于2005年建立战略伙伴关系。程国平说，继去年12月对哈进行工作访问后，胡锦涛再次对哈进行国事访问，是今年双边关系中的一件大事。
　　访问期间，胡锦涛将同纳扎尔巴耶夫总统等哈方领导人举行会谈、会见。两国领导人将就进一步发展中哈关系、深化两国务实合作以及其他共同关心的国际和地区问题交换意见。双方将签署经贸等领域的双边合作文件。
　　程国平表示，胡锦涛此访将有利于保持中哈高层交往的良好势头，深化两国政治互信，促进务实领域合作发展，推动中哈战略伙伴关系迈上新的台阶。]]></DOCCONTENT>
      <DOCHTMLCON><![CDATA[<div class=TRS_Editor><DIV class=cas_content>&nbsp;&nbsp;&nbsp;&nbsp;&nbsp;&nbsp;&nbsp;&nbsp;中新网北京6月4日电 (记者 张朔)中国外交部部长助理程国平4日在北京表示，胡锦涛主席即将出席上海合作组织塔什干峰会并对乌兹别克斯坦、哈萨克斯坦进行国事访问，这是中国国家领导人本年度一次重大外交活动。 
<P>　　中国国家主席胡锦涛将于6月9日至12日先后对乌兹别克斯坦进行国事访问、出席在乌首都塔什干举行的上海合作组织成员国元首理事会第十次会议、对哈萨克斯坦进行国事访问。外交部当天上午就此举行中外媒体吹风会。</P>
<P>　　程国平说，胡锦涛此次中亚之行，对推动上合组织持续健康稳定发展，全面提升中乌、中哈关系水平，深化中国同上合组织成员国、观察员国多领域互利合作，维护国际和地区安全稳定，推动建设持久和平、共同繁荣的和谐地区具有重要意义。</P>
<P>　　“为中乌关系发展注入新动力”</P>
<P>　　中乌建交18年来，两国关系保持健康稳定发展的良好势头。两国经贸、能源、交通、通信、基础设施建设等领域务实合作不断扩大。在国际金融危机背景下，中乌贸易额仍保持增长势头。去年年底，中乌天然气管道实现单线通气。中乌还积极开展安全领域合作，共同打击包括“东突”在内的“三股势力”及毒品走私等跨国犯罪活动。</P>
<P>　　程国平说，此访是胡锦涛继2004年后再次对乌兹别克斯坦进行国事访问。访问期间，胡锦涛将与卡里莫夫总统等乌方领导人举行会谈、会见。双方将就两国关系发展现状和前景及其他共同关心的国际和地区问题交换意见。双方将签署经贸等领域的一系列合作文件。</P>
<P>　　程国平表示，胡锦涛此访将为中乌友好合作伙伴关系的发展注入新的动力。</P>
<P>　　“上合组织塔什干峰会将取得丰硕成果”</P>
<P>　　胡锦涛11日将出席在塔什干举行的上合组织成员国元首理事会第十次会议。</P>
<P>　　程国平说，团结合作、维护稳定、共谋发展是本次会议的主题。本次峰会规模较大，除成员国元首外，观察员国、主席国客人以及联合国、独联体、欧亚经济共同体、集体安全条约组织领导人将与会。从出席人数上看，显示出上合组织凝聚力和影响力不断提高。</P>
<P>　　按照惯例，峰会将举行成员国元首小范围会谈、各国领导人大范围会谈、文件签字仪式、共同会见记者等活动。会议期间，与会领导人还将广泛举行会谈、会见，就上合组织发展、双边关系以及其他共同关心的国际和地区问题交流意见。</P>
<P>　　程国平说，本次峰会成果丰硕。会议将发表《上海合作组织成员国元首理事会第十次会议宣言》和《新闻稿》。成员国还在商谈制订《上海合作组织接收新成员条例》和《上海合作组织程序规则》等文件。上述文件有望提交峰会批准。</P>
<P>　　“推动中哈战略伙伴关系迈上新台阶”</P>
<P>　　中哈建交以来，两国关系健康稳定发展，并于2005年建立战略伙伴关系。程国平说，继去年12月对哈进行工作访问后，胡锦涛再次对哈进行国事访问，是今年双边关系中的一件大事。</P>
<P>　　访问期间，胡锦涛将同纳扎尔巴耶夫总统等哈方领导人举行会谈、会见。两国领导人将就进一步发展中哈关系、深化两国务实合作以及其他共同关心的国际和地区问题交换意见。双方将签署经贸等领域的双边合作文件。</P>
<P>　　程国平表示，胡锦涛此访将有利于保持中哈高层交往的良好势头，深化两国政治互信，促进务实领域合作发展，推动中哈战略伙伴关系迈上新的台阶。</P></DIV></div>]]></DOCHTMLCON>
      <DOCWORDSCOUNT>1309</DOCWORDSCOUNT>
      <DOCABSTRACT><![CDATA[]]></DOCABSTRACT>
      <DOCKEYWORDS><![CDATA[]]></DOCKEYWORDS>
      <DOCAUTHOR><![CDATA[]]></DOCAUTHOR>
      <DOCRELTIME>2010-07-13 15:36:00</DOCRELTIME>
      <TITLECOLOR><![CDATA[]]></TITLECOLOR>
      <SUBDOCTITLE><![CDATA[]]></SUBDOCTITLE>
      <EDITOR><![CDATA[]]></EDITOR>
      <CHNLNAME><![CDATA[图片列表数据]]></CHNLNAME>
    </PROPERTIES>
    <WCMAPPENDIXS>
      <WCMAPPENDIX Version="6.0">
        <PROPERTIES>
          <APPSERN>1</APPSERN>
          <APPDESC><![CDATA[1.jpg]]></APPDESC>
          <APPENDIXID>82</APPENDIXID>
          <APPFILETYPE>-1</APPFILETYPE>
          <APPFLAG>20</APPFLAG>
          <FILEEXT><![CDATA[jpg]]></FILEEXT>
          <APPLINKALT><![CDATA[]]></APPLINKALT>
          <CRTIME>2011-05-23 16:47:28</CRTIME>
          <SRCFILE><![CDATA[W020110523604483770840.jpg]]></SRCFILE>
          <CRUSER><![CDATA[yinyong]]></CRUSER>
          <USEDVERSIONS>3</USEDVERSIONS>
          <ISIMPORTTOIMAGELIB>0</ISIMPORTTOIMAGELIB>
          <APPDOCID>325</APPDOCID>
          <APPTIME/>
          <APPFILE><![CDATA[W020130326446008495137.jpg]]></APPFILE>
        </PROPERTIES>
      </WCMAPPENDIX>
    </WCMAPPENDIXS>
  </WCMDOCUMENT>
</WCMDOCUMENTS>
