<?xml version="1.0" encoding="UTF-8"?>

<RESOURCE Version="6.0">
  <PROPERTIES/>
  <WCMCHANNELS>
    <WCMCHANNEL Version="6.0">
      <PROPERTIES>
        <CHANNELID>107</CHANNELID>
        <CHNLNAME><![CDATA[导读数据2]]></CHNLNAME>
        <CHNLDESC><![CDATA[导读数据2]]></CHNLDESC>
      </PROPERTIES>
      <WCMFLOWEMPLOYS/>
    </WCMCHANNEL>
  </WCMCHANNELS>
  <WCMSTATUSS>
    <WCMSTATUS Version="6.0">
      <PROPERTIES>
        <STATUSID>10</STATUSID>
        <SNAME><![CDATA[已发状态]]></SNAME>
        <SDESC><![CDATA[文档已经发布]]></SDESC>
        <SDISP><![CDATA[已发]]></SDISP>
      </PROPERTIES>
    </WCMSTATUS>
  </WCMSTATUSS>
  <WCMSOURCES/>
  <WCMSECURITYS/>
</RESOURCE>
