<?xml version="1.0" encoding="UTF-8"?>

<WCMDOCUMENTS>
  <WCMDOCUMENT Version="6.0">
    <PROPERTIES>
      <DOCID>444</DOCID>
      <DOCVERSION>0</DOCVERSION>
      <DOCTYPE>20</DOCTYPE>
      <DOCPUBTIME/>
      <CRUSER><![CDATA[admin]]></CRUSER>
      <CRTIME>2010-07-13 18:45:01</CRTIME>
      <DOCFLAG>0</DOCFLAG>
      <ATTRIBUTE><![CDATA[]]></ATTRIBUTE>
      <ATTACHPIC>1</ATTACHPIC>
      <DOCLINK><![CDATA[]]></DOCLINK>
      <DOCFILENAME><![CDATA[]]></DOCFILENAME>
      <DOCCHANNEL>126</DOCCHANNEL>
      <DOCTITLE><![CDATA[美前总统克林顿联合国任新职 年薪1元]]></DOCTITLE>
      <DOCPEOPLE><![CDATA[]]></DOCPEOPLE>
      <DOCSOURCENAME><![CDATA[]]></DOCSOURCENAME>
      <DOCSTATUS>2</DOCSTATUS>
      <DOCCONTENT><![CDATA[联合国秘书长潘基文十九日宣布任命美国前总统比尔·克林顿为联合国海地事务特使，负责推动和协调国际社会帮助海地恢复重建。
克林顿此番出任海地特使的年薪为一美元。作为特使，他将每年访问海地数次。
这并非克林顿首次出任联合国特使身份，二00四年，克林顿曾于印度洋海啸后出任过联合国海啸灾后恢复问题特使。
联合国秘书长发言人冈部万里江当天在纽约联合国总部举行的例行记者会上说，克林顿在担任美国总统期间就对海地问题十分关注。去年九月，克林顿在“克林顿全球倡议”会议上呼吁为援助海地采取行动，今年三月，潘基文还曾邀请克林顿共同访问海地，以推动国际社会对海地的关注和支持。 冈部说，作为特使，克林顿将协助海地政府推动该国社会和经济可持续发展，重点关注来自社会各领域的援助努力，帮助提高当地政府的能力，致力于为海地创造一个稳定、繁荣的未来。
加勒比海岛国海地是世界最不发达国家之一，近八成人口每天的生活费不足两美元。去年夏天，海地接连遭遇四场严重的飓风灾害和热带风暴袭击，造成八百余人死亡，近一百万人无家可归，经济损失达十亿美元，约占其国内生产总值的百分之十五。来源:中国新闻网]]></DOCCONTENT>
      <DOCHTMLCON><![CDATA[<div class=TRS_Editor><P>联合国秘书长潘基文十九日宣布任命美国前总统比尔·克林顿为联合国海地事务特使，负责推动和协调国际社会帮助海地恢复重建。</P>
<P>克林顿此番出任海地特使的年薪为一美元。作为特使，他将每年访问海地数次。</P>
<P>这并非克林顿首次出任联合国特使身份，二00四年，克林顿曾于印度洋海啸后出任过联合国海啸灾后恢复问题特使。</P>
<P>联合国秘书长发言人冈部万里江当天在纽约联合国总部举行的例行记者会上说，克林顿在担任美国总统期间就对海地问题十分关注。去年九月，克林顿在“克林顿全球倡议”会议上呼吁为援助海地采取行动，今年三月，潘基文还曾邀请克林顿共同访问海地，以推动国际社会对海地的关注和支持。 冈部说，作为特使，克林顿将协助海地政府推动该国社会和经济可持续发展，重点关注来自社会各领域的援助努力，帮助提高当地政府的能力，致力于为海地创造一个稳定、繁荣的未来。</P>
<P>加勒比海岛国海地是世界最不发达国家之一，近八成人口每天的生活费不足两美元。去年夏天，海地接连遭遇四场严重的飓风灾害和热带风暴袭击，造成八百余人死亡，近一百万人无家可归，经济损失达十亿美元，约占其国内生产总值的百分之十五。来源:中国新闻网</P></div>]]></DOCHTMLCON>
      <DOCWORDSCOUNT>480</DOCWORDSCOUNT>
      <DOCABSTRACT><![CDATA[<P>　　联合国秘书长发言人冈部万里江当天在纽约联合国总部举行的例行记者会上说，克林顿在担任美国总统期间就对海地问题十分关注。去年九月，克林顿在“克林顿全球倡议”会议上呼吁为援助海地采取行动，今年三月，潘基文还曾邀请克林顿共同访问海地，以推动国际社会对海地的关注和支持。 冈部说，作为特使，克林顿将协助海地政府推动该国社会和经济可持续发展，重点关注来自社会各领域的援助努力，帮助提高当地政府的能力，致力于为海地创造一个稳定、繁荣的未来。</P>]]></DOCABSTRACT>
      <DOCKEYWORDS><![CDATA[]]></DOCKEYWORDS>
      <DOCAUTHOR><![CDATA[]]></DOCAUTHOR>
      <DOCRELTIME>2009-05-19 16:43:00</DOCRELTIME>
      <TITLECOLOR><![CDATA[#000000]]></TITLECOLOR>
      <SUBDOCTITLE><![CDATA[]]></SUBDOCTITLE>
      <EDITOR><![CDATA[]]></EDITOR>
      <CHNLNAME><![CDATA[产品中心_190]]></CHNLNAME>
    </PROPERTIES>
    <WCMAPPENDIXS>
      <WCMAPPENDIX Version="6.0">
        <PROPERTIES>
          <APPSERN>1</APPSERN>
          <APPDESC><![CDATA[624909675.jpg]]></APPDESC>
          <APPENDIXID>152</APPENDIXID>
          <APPFILETYPE>-1</APPFILETYPE>
          <APPFLAG>20</APPFLAG>
          <FILEEXT><![CDATA[jpg]]></FILEEXT>
          <APPLINKALT><![CDATA[]]></APPLINKALT>
          <CRTIME>2011-05-23 16:47:26</CRTIME>
          <SRCFILE><![CDATA[W020100818535079932916.jpg]]></SRCFILE>
          <CRUSER><![CDATA[wangyiwen]]></CRUSER>
          <USEDVERSIONS>3</USEDVERSIONS>
          <ISIMPORTTOIMAGELIB>0</ISIMPORTTOIMAGELIB>
          <APPDOCID>444</APPDOCID>
          <APPTIME/>
          <APPFILE><![CDATA[W020110523604465342352.jpg]]></APPFILE>
        </PROPERTIES>
      </WCMAPPENDIX>
    </WCMAPPENDIXS>
  </WCMDOCUMENT>
  <WCMDOCUMENT Version="6.0">
    <PROPERTIES>
      <DOCID>445</DOCID>
      <DOCVERSION>0</DOCVERSION>
      <DOCTYPE>20</DOCTYPE>
      <DOCPUBTIME/>
      <CRUSER><![CDATA[admin]]></CRUSER>
      <CRTIME>2010-07-13 18:45:01</CRTIME>
      <DOCFLAG>0</DOCFLAG>
      <ATTRIBUTE><![CDATA[]]></ATTRIBUTE>
      <ATTACHPIC>1</ATTACHPIC>
      <DOCLINK><![CDATA[]]></DOCLINK>
      <DOCFILENAME><![CDATA[]]></DOCFILENAME>
      <DOCCHANNEL>126</DOCCHANNEL>
      <DOCTITLE><![CDATA[美国首次承认用无人机袭击巴基斯坦]]></DOCTITLE>
      <DOCPEOPLE><![CDATA[]]></DOCPEOPLE>
      <DOCSOURCENAME><![CDATA[]]></DOCSOURCENAME>
      <DOCSTATUS>2</DOCSTATUS>
      <DOCCONTENT><![CDATA[人民网5月19日讯（安国章）美国官方表示，为打击恐怖势力，使用无人机对在巴基斯坦境内的“基地“组织领导人的住地进行了袭击。这是美国官方第一次公开承认使用无人机对巴基斯坦境内进行空袭。
据美国有线电视新闻网（CNN）今天报道，美国中央情报局局长帕内塔在接受记者采访时说，“美国军队使用无人机袭击了巴基斯坦境内的‘基地’组织领导人的住地，袭击是有效的。”在谈到国际社会谴责美军袭击巴基斯坦造成无辜平民死亡问题时，帕内塔说，“我不想细谈这个问题，但我可以肯定，美国的情报是无误的，空袭是准确而有限度的。”
据报道，美军曾多次使用无人机空袭巴基斯坦境内，最新一次发生在10天前，当时美军用无人机空袭了靠近阿富汗边界的巴基斯坦境内部落地区，造成5名巴基斯坦人死亡，多人受伤，巴基斯坦方面对美军炸死巴基斯坦老百姓表示强烈不满。为平息巴基斯坦的不满，本月早些时候，帕内塔曾突然访问了巴基斯坦，当时帕内塔坚持认为空袭巴基斯坦境内的恐怖势力是必要的。]]></DOCCONTENT>
      <DOCHTMLCON><![CDATA[<div class=TRS_Editor><P align=left>人民网5月19日讯（安国章）美国官方表示，为打击恐怖势力，使用无人机对在巴基斯坦境内的“基地“组织领导人的住地进行了袭击。这是美国官方第一次公开承认使用无人机对巴基斯坦境内进行空袭。</P>
<P>据美国有线电视新闻网（CNN）今天报道，美国中央情报局局长帕内塔在接受记者采访时说，“美国军队使用无人机袭击了巴基斯坦境内的‘基地’组织领导人的住地，袭击是有效的。”在谈到国际社会谴责美军袭击巴基斯坦造成无辜平民死亡问题时，帕内塔说，“我不想细谈这个问题，但我可以肯定，美国的情报是无误的，空袭是准确而有限度的。”</P>
<P>据报道，美军曾多次使用无人机空袭巴基斯坦境内，最新一次发生在10天前，当时美军用无人机空袭了靠近阿富汗边界的巴基斯坦境内部落地区，造成5名巴基斯坦人死亡，多人受伤，巴基斯坦方面对美军炸死巴基斯坦老百姓表示强烈不满。为平息巴基斯坦的不满，本月早些时候，帕内塔曾突然访问了巴基斯坦，当时帕内塔坚持认为空袭巴基斯坦境内的恐怖势力是必要的。</P></div>]]></DOCHTMLCON>
      <DOCWORDSCOUNT>416</DOCWORDSCOUNT>
      <DOCABSTRACT><![CDATA[<P>　　据美国有线电视新闻网（CNN）今天报道，美国中央情报局局长帕内塔在接受记者采访时说，“美国军队使用无人机袭击了巴基斯坦境内的‘基地’组织领导人的住地，袭击是有效的。”在谈到国际社会谴责美军袭击巴基斯坦造成无辜平民死亡问题时，帕内塔说，“我不想细谈这个问题，但我可以肯定，美国的情报是无误的，空袭是准确而有限度的。”</P>]]></DOCABSTRACT>
      <DOCKEYWORDS><![CDATA[]]></DOCKEYWORDS>
      <DOCAUTHOR><![CDATA[]]></DOCAUTHOR>
      <DOCRELTIME>2009-05-19 16:42:00</DOCRELTIME>
      <TITLECOLOR><![CDATA[#000000]]></TITLECOLOR>
      <SUBDOCTITLE><![CDATA[]]></SUBDOCTITLE>
      <EDITOR><![CDATA[]]></EDITOR>
      <CHNLNAME><![CDATA[产品中心_190]]></CHNLNAME>
    </PROPERTIES>
    <WCMAPPENDIXS>
      <WCMAPPENDIX Version="6.0">
        <PROPERTIES>
          <APPSERN>1</APPSERN>
          <APPDESC><![CDATA[1b0365dq1139a7.f218e2.jpg]]></APPDESC>
          <APPENDIXID>153</APPENDIXID>
          <APPFILETYPE>-1</APPFILETYPE>
          <APPFLAG>20</APPFLAG>
          <FILEEXT><![CDATA[jpg]]></FILEEXT>
          <APPLINKALT><![CDATA[]]></APPLINKALT>
          <CRTIME>2011-05-23 16:47:26</CRTIME>
          <SRCFILE><![CDATA[W020100818535404152175.jpg]]></SRCFILE>
          <CRUSER><![CDATA[wangyiwen]]></CRUSER>
          <USEDVERSIONS>3</USEDVERSIONS>
          <ISIMPORTTOIMAGELIB>0</ISIMPORTTOIMAGELIB>
          <APPDOCID>445</APPDOCID>
          <APPTIME/>
          <APPFILE><![CDATA[W020110523604465495128.jpg]]></APPFILE>
        </PROPERTIES>
      </WCMAPPENDIX>
    </WCMAPPENDIXS>
  </WCMDOCUMENT>
  <WCMDOCUMENT Version="6.0">
    <PROPERTIES>
      <DOCID>446</DOCID>
      <DOCVERSION>0</DOCVERSION>
      <DOCTYPE>20</DOCTYPE>
      <DOCPUBTIME/>
      <CRUSER><![CDATA[admin]]></CRUSER>
      <CRTIME>2010-07-13 18:45:01</CRTIME>
      <DOCFLAG>0</DOCFLAG>
      <ATTRIBUTE><![CDATA[]]></ATTRIBUTE>
      <ATTACHPIC>1</ATTACHPIC>
      <DOCLINK><![CDATA[]]></DOCLINK>
      <DOCFILENAME><![CDATA[]]></DOCFILENAME>
      <DOCCHANNEL>126</DOCCHANNEL>
      <DOCTITLE><![CDATA[日本国内的H1N1新型流感确定]]></DOCTITLE>
      <DOCPEOPLE><![CDATA[]]></DOCPEOPLE>
      <DOCSOURCENAME><![CDATA[]]></DOCSOURCENAME>
      <DOCSTATUS>2</DOCSTATUS>
      <DOCCONTENT><![CDATA[　　中新网5月19日电 日本国内的H1N1新型流感确定感染病例继续增加，本土感染病例19日凌晨已增至159名，加上日前境外感染4名，日本国内的确定感染病例已达163名，且还呈继续升高之势。
　　据“中央社”报道，本土新型流感病例全都集中在关西地区以神户市为主的兵库县和大阪府，159名本土感染病例中，有93名在兵库县，另外大阪府有66名，加上本月上旬在成田机场验出的4名境外感染病例，总数已突破160名大关。
　　就感染者的年纪来看，以高中学生为最多，呈现学校集体性感染，但也出现小至5岁的幼童和60岁以上的高龄患者，年龄层扩大。
　　日本文部科学省指出，兵库县和大阪府的幼儿园、小学、中学、高中和大学等学校，大半从18日开始停课，总数可能逾4000所，学生达150万名。
　　神户市指出，本土感染确定病例中11名，由于病情改善已经出院。
　　就全世界的状况来看，病毒病原性近于一般季节性流感，为避免新型流感的蔓延造成社会机能瘫痪，厚生劳动大臣舛添要一已表示将重新检讨因应流感的行动计划，趋于弹性运用而不从严。
　　日本自本土感染出现后，把国内警戒由“海外发生期”升高至“国内发生初期”，属于第二警戒阶段。日本共分三阶段，第三阶段细分为传染扩大期、蔓延期和恢复期。 
　　]]></DOCCONTENT>
      <DOCHTMLCON><![CDATA[<div class=TRS_Editor><P>　　中新网5月19日电 日本国内的H1N1新型流感确定感染病例继续增加，本土感染病例19日凌晨已增至159名，加上日前境外感染4名，日本国内的确定感染病例已达163名，且还呈继续升高之势。</P>
<P>　　据“中央社”报道，本土新型流感病例全都集中在关西地区以神户市为主的兵库县和大阪府，159名本土感染病例中，有93名在兵库县，另外大阪府有66名，加上本月上旬在成田机场验出的4名境外感染病例，总数已突破160名大关。</P>
<P>　　就感染者的年纪来看，以高中学生为最多，呈现学校集体性感染，但也出现小至5岁的幼童和60岁以上的高龄患者，年龄层扩大。</P>
<P>　　<STRONG>日本文部科学省指出，兵库县和大阪府的幼儿园、小学、中学、高中和大学等学校，大半从18日开始停课，总数可能逾4000所，学生达150万名。</STRONG></P>
<P>　　神户市指出，本土感染确定病例中11名，由于病情改善已经出院。</P>
<P>　　就全世界的状况来看，病毒病原性近于一般季节性流感，为避免新型流感的蔓延造成社会机能瘫痪，厚生劳动大臣舛添要一已表示将重新检讨因应流感的行动计划，趋于弹性运用而不从严。</P>
<P>　　日本自本土感染出现后，把国内警戒由“海外发生期”升高至“国内发生初期”，属于第二警戒阶段。日本共分三阶段，第三阶段细分为传染扩大期、蔓延期和恢复期。 </P>
<P>　　</P></div>]]></DOCHTMLCON>
      <DOCWORDSCOUNT>536</DOCWORDSCOUNT>
      <DOCABSTRACT><![CDATA[　　中新网5月19日电 日本国内的H1N1新型流感确定感染病例继续增加，本土感染病例19日凌晨已增至159名，加上日前境外感染4名，日本国内的确定感染病例已达163名，且还呈继续升高之势。

　　据“中央社”报道，本土新型流感病例全都集中在关西地区以神户市为主的兵库县和大阪府，159名本土感染病例中，有93名在兵库县，另外大阪府有66名，加上本月上旬在成田机场验出的4名境外感染病例，总数已突破160名大关。

　　就感染者的年纪来看，以高中学生为最多，呈现学校集体性感染，但也出现小至5岁的幼童和60岁以上的高龄患者，年龄层扩大
]]></DOCABSTRACT>
      <DOCKEYWORDS><![CDATA[]]></DOCKEYWORDS>
      <DOCAUTHOR><![CDATA[]]></DOCAUTHOR>
      <DOCRELTIME>2009-05-18 11:52:00</DOCRELTIME>
      <TITLECOLOR><![CDATA[#000000]]></TITLECOLOR>
      <SUBDOCTITLE><![CDATA[]]></SUBDOCTITLE>
      <EDITOR><![CDATA[]]></EDITOR>
      <CHNLNAME><![CDATA[产品中心_190]]></CHNLNAME>
    </PROPERTIES>
    <WCMAPPENDIXS>
      <WCMAPPENDIX Version="6.0">
        <PROPERTIES>
          <APPSERN>1</APPSERN>
          <APPDESC><![CDATA[4.png]]></APPDESC>
          <APPENDIXID>154</APPENDIXID>
          <APPFILETYPE>-1</APPFILETYPE>
          <APPFLAG>20</APPFLAG>
          <FILEEXT><![CDATA[png]]></FILEEXT>
          <APPLINKALT><![CDATA[]]></APPLINKALT>
          <CRTIME>2011-05-23 16:47:26</CRTIME>
          <SRCFILE><![CDATA[W020100818535606032505.png]]></SRCFILE>
          <CRUSER><![CDATA[wangyiwen]]></CRUSER>
          <USEDVERSIONS>3</USEDVERSIONS>
          <ISIMPORTTOIMAGELIB>0</ISIMPORTTOIMAGELIB>
          <APPDOCID>446</APPDOCID>
          <APPTIME/>
          <APPFILE><![CDATA[W020110523604465655518.png]]></APPFILE>
        </PROPERTIES>
      </WCMAPPENDIX>
    </WCMAPPENDIXS>
  </WCMDOCUMENT>
  <WCMDOCUMENT Version="6.0">
    <PROPERTIES>
      <DOCID>447</DOCID>
      <DOCVERSION>0</DOCVERSION>
      <DOCTYPE>20</DOCTYPE>
      <DOCPUBTIME/>
      <CRUSER><![CDATA[admin]]></CRUSER>
      <CRTIME>2010-07-13 18:45:01</CRTIME>
      <DOCFLAG>0</DOCFLAG>
      <ATTRIBUTE><![CDATA[]]></ATTRIBUTE>
      <ATTACHPIC>1</ATTACHPIC>
      <DOCLINK><![CDATA[]]></DOCLINK>
      <DOCFILENAME><![CDATA[]]></DOCFILENAME>
      <DOCCHANNEL>126</DOCCHANNEL>
      <DOCTITLE><![CDATA[日本甲型H1N1流感患者增至292人 京都确诊首例]]></DOCTITLE>
      <DOCPEOPLE><![CDATA[]]></DOCPEOPLE>
      <DOCSOURCENAME><![CDATA[]]></DOCSOURCENAME>
      <DOCSTATUS>2</DOCSTATUS>
      <DOCCONTENT><![CDATA[　　中新网5月22日电 日本感染甲型H1N1流感的患者总数已增至292人。 
　　据日本共同社报道，京都市21日宣布，该市出现首例新型流感确诊病例，患者是1名小学男生(10岁)。
　　至此，日本出现新型流感的地区已扩大至东京、神奈川、滋贺、大阪、兵库和京都等六个都府县。而大阪府等地新型流感患者不断增加，自在成田机场的检疫阶段发现4人以来，日本国内的感染患者总数已增至292人。著名观光胜地京都府发生新型流感，必将对当地的旅游产业等造成巨大影响。]]></DOCCONTENT>
      <DOCHTMLCON><![CDATA[<div class=TRS_Editor><P>　　中新网5月22日电 日本感染甲型H1N1流感的患者总数已增至292人。 </P>
<P>　　据日本共同社报道，京都市21日宣布，该市出现首例新型流感确诊病例，患者是1名小学男生(10岁)。</P>
<P>　　至此，日本出现新型流感的地区已扩大至东京、神奈川、滋贺、大阪、兵库和京都等六个都府县。而大阪府等地新型流感患者不断增加，自在成田机场的检疫阶段发现4人以来，日本国内的感染患者总数已增至292人。著名观光胜地京都府发生新型流感，必将对当地的旅游产业等造成巨大影响。</P></div>]]></DOCHTMLCON>
      <DOCWORDSCOUNT>223</DOCWORDSCOUNT>
      <DOCABSTRACT><![CDATA[　　中新网5月22日电 日本感染甲型H1N1流感的患者总数已增至292人。 

　　据日本共同社报道，京都市21日宣布，该市出现首例新型流感确诊病例，患者是1名小学男生(10岁)。

　　至此，日本出现新型流感的地区已扩大至东京、神奈川、滋贺、大阪、兵库和京都等六个都府县。而大阪府等地新型流感患者不断增加，自在成田机场的检疫阶段发现4人以来，日本国内的感染患者总数已增至292人。著名观光胜地京都府发生新型流感，必将对当地的旅游产业等造成巨大影响。
]]></DOCABSTRACT>
      <DOCKEYWORDS><![CDATA[]]></DOCKEYWORDS>
      <DOCAUTHOR><![CDATA[]]></DOCAUTHOR>
      <DOCRELTIME>2009-05-18 11:33:00</DOCRELTIME>
      <TITLECOLOR><![CDATA[#000000]]></TITLECOLOR>
      <SUBDOCTITLE><![CDATA[]]></SUBDOCTITLE>
      <EDITOR><![CDATA[]]></EDITOR>
      <CHNLNAME><![CDATA[产品中心_190]]></CHNLNAME>
    </PROPERTIES>
    <WCMAPPENDIXS>
      <WCMAPPENDIX Version="6.0">
        <PROPERTIES>
          <APPSERN>1</APPSERN>
          <APPDESC><![CDATA[W020090109505173129004.jpg]]></APPDESC>
          <APPENDIXID>155</APPENDIXID>
          <APPFILETYPE>-1</APPFILETYPE>
          <APPFLAG>20</APPFLAG>
          <FILEEXT><![CDATA[jpg]]></FILEEXT>
          <APPLINKALT><![CDATA[]]></APPLINKALT>
          <CRTIME>2011-05-23 16:47:26</CRTIME>
          <SRCFILE><![CDATA[W020100818536014000150.jpg]]></SRCFILE>
          <CRUSER><![CDATA[wangyiwen]]></CRUSER>
          <USEDVERSIONS>3</USEDVERSIONS>
          <ISIMPORTTOIMAGELIB>0</ISIMPORTTOIMAGELIB>
          <APPDOCID>447</APPDOCID>
          <APPTIME/>
          <APPFILE><![CDATA[W020110523604465812300.jpg]]></APPFILE>
        </PROPERTIES>
      </WCMAPPENDIX>
    </WCMAPPENDIXS>
  </WCMDOCUMENT>
</WCMDOCUMENTS>
