<isd:service xmlns:isd="http://xml.apache.org/xml-soap/deployment"
             id="http://soapinterop.org/"
             checkMustUnderstands="true">
  <isd:provider type="java"
                scope="Application"
                methods="nop echoInteger echoString echoFloat echoStruct echoIntegerArray echoFloatArray echoStringArray echoStructArray echoVoid echoBase64 echoHexBinary echoDate echoDecimal echoBoolean echoMap echoMapArray">
    <isd:java class="samples.interop.EchoTestService" static="false"/>
    <isd:option key="SessionRequired" value="false"/>
  </isd:provider>

  <isd:faultListener>org.apache.soap.server.DOMFaultListener</isd:faultListener>

  <isd:mappings>
    <isd:map encodingStyle="http://schemas.xmlsoap.org/soap/encoding/"
             qname="inputInteger"
             xml2JavaClassName="org.apache.soap.encoding.soapenc.IntDeserializer"/>
    <isd:map encodingStyle="http://schemas.xmlsoap.org/soap/encoding/"
             qname="inputFloat"
             xml2JavaClassName="org.apache.soap.encoding.soapenc.FloatDeserializer"/>
    <isd:map encodingStyle="http://schemas.xmlsoap.org/soap/encoding/"
             qname="inputString"
             xml2JavaClassName="org.apache.soap.encoding.soapenc.StringDeserializer"/>
    <isd:map encodingStyle="http://schemas.xmlsoap.org/soap/encoding/"
             qname="inputStruct"
             xml2JavaClassName="samples.interop.DataSerializer"/>
    <isd:map encodingStyle="http://schemas.xmlsoap.org/soap/encoding/"
             qname="inputIntegerArray"
             xml2JavaClassName="org.apache.soap.encoding.soapenc.ArraySerializer"/>
    <isd:map encodingStyle="http://schemas.xmlsoap.org/soap/encoding/"
             qname="inputFloatArray"
             xml2JavaClassName="org.apache.soap.encoding.soapenc.ArraySerializer"/>
    <isd:map encodingStyle="http://schemas.xmlsoap.org/soap/encoding/"
             qname="inputStringArray"
             xml2JavaClassName="org.apache.soap.encoding.soapenc.ArraySerializer"/>
    <isd:map encodingStyle="http://schemas.xmlsoap.org/soap/encoding/"
             qname="inputStructArray"
             xml2JavaClassName="org.apache.soap.encoding.soapenc.ArraySerializer"/>

    <isd:map encodingStyle="http://schemas.xmlsoap.org/soap/encoding/"
             xmlns:x="http://soapinterop.org/xsd" qname="x:SOAPStruct"
             javaType="samples.interop.Data"
             java2XMLClassName="samples.interop.DataSerializer"
             xml2JavaClassName="samples.interop.DataSerializer"/>

    <isd:map encodingStyle="http://schemas.xmlsoap.org/soap/encoding/"
             xmlns:x="http://soapinterop.org/xsd" qname="x:ArrayOfSOAPStruct"
             xml2JavaClassName="org.apache.soap.encoding.soapenc.ArraySerializer"/>

    <isd:map encodingStyle="http://schemas.xmlsoap.org/soap/encoding/"
             qname="inputBase64"
             xml2JavaClassName="org.apache.soap.encoding.soapenc.Base64Serializer"/>

    <isd:map encodingStyle="http://schemas.xmlsoap.org/soap/encoding/"
             qname="inputHexBinary"
             xml2JavaClassName="org.apache.soap.encoding.soapenc.HexDeserializer"/>

    <isd:map encodingStyle="http://schemas.xmlsoap.org/soap/encoding/"
             qname="inputDate"
             xml2JavaClassName="org.apache.soap.encoding.soapenc.DateSerializer"/>
    <isd:map encodingStyle="http://schemas.xmlsoap.org/soap/encoding/"
             qname="inputDecimal"
             xml2JavaClassName="org.apache.soap.encoding.soapenc.DecimalDeserializer"/>
    <isd:map encodingStyle="http://schemas.xmlsoap.org/soap/encoding/"
             qname="inputBoolean"
             xml2JavaClassName="org.apache.soap.encoding.soapenc.BooleanDeserializer"/>
    <isd:map encodingStyle="http://schemas.xmlsoap.org/soap/encoding/"
             qname="inputMap"
             xml2JavaClassName="org.apache.soap.encoding.soapenc.HashtableSerializer"/>
  </isd:mappings>    
</isd:service>
